Player,Team,Pos,Injury,Status,Est. Return
Andrew Adams,FA,S,Knee,Questionable,Subscribers Only
Jamal Adams,SEA,S,Knee,Questionable,Subscribers Only
Tony Adams,NYJ,S,Hamstring,Questionable,Subscribers Only
Paulson Adebo,NO,CB,Hamstring,Questionable,Subscribers Only
Jamal Agnew,JAX,WR,Quadriceps,Questionable,Subscribers Only
Salvon Ahmed,MIA,RB,Groin,Questionable,Subscribers Only
Brandon Aiyuk,SF,WR,Shoulder,Questionable,Subscribers Only
Otaro Alaka,FA,LB,Undisclosed,Questionable,Subscribers Only
Christian Albright,FA,LB,Undisclosed,Questionable,Subscribers Only
Jaire Alexander,GB,CB,Back,Questionable,Subscribers Only
Mackensie Alexander,FA,CB,Undisclosed,Questionable,Subscribers Only
Josh Ali,ATL,WR,Ankle,Questionable,Subscribers Only
Chase Allen,FA,TE,Undisclosed,Questionable,Subscribers Only
Christopher Allen,FA,LB,Groin,Questionable,Subscribers Only
Josh Allen,JAX,LB,Shoulder,Questionable,Subscribers Only
Torrence Allen,FA,WR,Undisclosed,Questionable,Subscribers Only
Jaquan Amos,FA,S,Undisclosed,Questionable,Subscribers Only
Bradlee Anae,NYJ,DE,Undisclosed,IR,Subscribers Only
Troy Andersen,ATL,LB,Shoulder,IR,Subscribers Only
Darius Anderson,FA,RB,Knee,Questionable,Subscribers Only
Henry Anderson,CAR,DE,Foot,IR,Subscribers Only
Jack Anderson,FA,OG,Undisclosed,Out,Subscribers Only
Zayne Anderson,GB,S,Hamstring,Out,Subscribers Only
Ezekiel Ansah,FA,DE,Biceps,Questionable,Subscribers Only
Troy Apke,WAS,CB,Shoulder,IR,Subscribers Only
Terron Armstead,MIA,OT,Back,Questionable,Subscribers Only
Cornell Armstrong,FA,CB,Hamstring,Questionable,Subscribers Only
Jaytlin Askew,FA,CB,Quadriceps,Questionable,Subscribers Only
Denico Autry,TEN,LB,Groin,Questionable,Subscribers Only
Anthony Averett,FA,CB,Undisclosed,Questionable,Subscribers Only
C. J. Avery,FA,LB,Undisclosed,Questionable,Subscribers Only
Genard Avery,IND,DE,Knee - Meniscus,IR,Subscribers Only
Alex Bachman,FA,WR,Oblique,Questionable,Subscribers Only
David Bada,WAS,DT,Triceps,IR,Subscribers Only
Budda Baker,ARI,S,Hamstring,IR,Subscribers Only
David Bakhtiari,GB,OT,Knee,IR,Subscribers Only
Daylen Baldwin,FA,WR,Hamstring,Questionable,Subscribers Only
Josh Ball,DAL,OT,Hip,IR,Subscribers Only
Matt Barkley,FA,QB,Elbow,Questionable,Subscribers Only
Saquon Barkley,NYG,RB,Ankle,Questionable,Subscribers Only
Christian Barmore,NE,DT,Knee,Questionable,Subscribers Only
Krys Barnes,ARI,LB,Finger,Questionable,Subscribers Only
Rashod Bateman,BAL,WR,Hamstring,Questionable,Subscribers Only
Ryan Bates,BUF,OG,Ankle,Questionable,Subscribers Only
Evan Baylis,FA,TE,Ankle,Questionable,Subscribers Only
Robert Beal,SF,DE,Hamstring,IR,Subscribers Only
Cole Beasley,FA,WR,Leg,Out,Subscribers Only
Abraham Beauplan,FA,LB,Undisclosed,Questionable,Subscribers Only
Willie Beavers,FA,OG,Undisclosed,Questionable,Subscribers Only
Nate Becker,FA,TE,Undisclosed,Questionable,Subscribers Only
Odell Beckham,BAL,WR,Ankle,Questionable,Subscribers Only
Daniel Bellinger,NYG,TE,Neck,Questionable,Subscribers Only
B.J. Bello,FA,LB,Ankle,Questionable,Subscribers Only
Eno Benjamin,NO,RB,Achilles,IR,Subscribers Only
Jakorian Bennett,LV,CB,Hamstring,Questionable,Subscribers Only
Stetson Bennett,LAR,QB,Illness,NFI-R,Subscribers Only
Jarrick Bernard-Converse,NYJ,CB,Foot,PUP-R,Subscribers Only
Jared Bernhardt,ATL,WR,Groin,Reserve-Ret,Subscribers Only
Rashod Berry,FA,DE,Suspension,Reserve-Sus,Subscribers Only
Stanley Berryhill,FA,WR,Suspension,Reserve-Sus,Subscribers Only
Tyler Biadasz,DAL,C,Hamstring,Questionable,Subscribers Only
Joel Bitonio,CLE,OG,Ankle,Questionable,Subscribers Only
Josh Blackwell,CHI,CB,Hamstring,Questionable,Subscribers Only
Marquise Blair,FA,S,Undisclosed,Questionable,Subscribers Only
Amani Bledsoe,FA,DE,Suspension,Reserve-Sus,Subscribers Only
C.J. Board,FA,WR,Ribs,Questionable,Subscribers Only
Isaiah Bolden,NE,CB,Concussion,IR,Subscribers Only
Curtis Bolton,LV,LB,Knee,Questionable,Subscribers Only
Nick Bolton,KC,LB,Ankle,Questionable,Subscribers Only
Devante Bond,FA,LB,Knee,Questionable,Subscribers Only
Joey Bosa,LAC,LB,Hamstring,Questionable,Subscribers Only
Jon Bostic,FA,LB,Pectoral,Questionable,Subscribers Only
Tyus Bowser,BAL,LB,Knee,NFI-R,Subscribers Only
Garrett Bradbury,MIN,C,Back,Questionable,Subscribers Only
Ben Braden,FA,OG,Undisclosed,Questionable,Subscribers Only
Ja'Marcus Bradley,FA,WR,Undisclosed,Questionable,Subscribers Only
Shaun Bradley,PHI,LB,Achilles,IR,Subscribers Only
Shemar Bridges,FA,WR,Knee,Questionable,Subscribers Only
Beau Brinkley,FA,C,Undisclosed,Questionable,Subscribers Only
Curtis Brooks,WAS,DT,Undisclosed,IR,Subscribers Only
Brittain Brown,LV,RB,Undisclosed,IR,Subscribers Only
Daniel Brown,FA,TE,Hip,Questionable,Subscribers Only
Duane Brown,NYJ,OT,Shoulder,IR,Subscribers Only
Jayon Brown,FA,LB,Hand,Questionable,Subscribers Only
Mike Brown,FA,OG,Undisclosed,Questionable,Subscribers Only
Mike Brown,TEN,S,Undisclosed,IR,Subscribers Only
Noah Brown,HOU,WR,Groin,IR,Subscribers Only
Shakel Brown,TEN,DT,Ankle,IR,Subscribers Only
Shakur Brown,FA,CB,Undisclosed,Questionable,Subscribers Only
Sydney Brown,PHI,S,Thigh,Questionable,Subscribers Only
Tre Brown,SEA,CB,Concussion,Questionable,Subscribers Only
Troy Brown,FA,LB,Undisclosed,Questionable,Subscribers Only
Baron Browning,DEN,LB,Knee,PUP-R,Subscribers Only
Coby Bryant,SEA,CB,Toe,Questionable,Subscribers Only
Hunter Bryant,FA,TE,Undisclosed,Questionable,Subscribers Only
DeForest Buckner,IND,DT,Groin,Questionable,Subscribers Only
Bryan Bulaga,FA,OT,Back,Questionable,Subscribers Only
LaTrell Bumphus,SEA,DT,Undisclosed,IR,Subscribers Only
Ian Bunting,FA,TE,Neck,Questionable,Subscribers Only
Treylon Burks,TEN,WR,Knee,Questionable,Subscribers Only
Darien Butler,LV,LB,Undisclosed,IR,Subscribers Only
Hakeem Butler,FA,WR,Undisclosed,Questionable,Subscribers Only
Percy Butler,WAS,S,Foot,Questionable,Subscribers Only
Vernon Butler,FA,DT,Undisclosed,Questionable,Subscribers Only
Akial Byers,FA,DT,Undisclosed,Questionable,Subscribers Only
Damiere Byrd,FA,WR,Hamstring,Questionable,Subscribers Only
Jason Cabinda,DET,FB,Knee,Out,Subscribers Only
Yodny Cajuste,FA,OT,Undisclosed,Questionable,Subscribers Only
De'Vondre Campbell,GB,LB,Ankle,Out,Subscribers Only
Ibraheim Campbell,FA,S,Ankle,Questionable,Subscribers Only
Marcus Cannon,FA,OT,Concussion,Questionable,Subscribers Only
Trenton Cannon,FA,RB,Knee,Questionable,Subscribers Only
Dylan Cantrell,FA,TE,Undisclosed,Questionable,Subscribers Only
Derek Carr,NO,QB,Shoulder - AC Joint,Questionable,Subscribers Only
Patrick Carr,FA,RB,Undisclosed,Questionable,Subscribers Only
Jamal Carter,FA,S,Undisclosed,Questionable,Subscribers Only
Jerome Carvin,FA,C,Undisclosed,Questionable,Subscribers Only
Quintez Cephus,FA,WR,Suspension,Reserve-Sus,Subscribers Only
Taco Charlton,FA,DE,Undisclosed,Questionable,Subscribers Only
Julius Chestnut,TEN,RB,Hamstring,IR,Subscribers Only
Brady Christensen,CAR,OG,Biceps,IR,Subscribers Only
DeMarcus Christmas,FA,DT,Undisclosed,Questionable,Subscribers Only
Nick Chubb,CLE,RB,Knee - MCL,IR,Subscribers Only
Lewis Cine,MIN,S,Hamstring,Questionable,Subscribers Only
Chuck Clark,NYJ,S,Knee - ACL,IR,Subscribers Only
Darius Clark,FA,RB,Knee,Questionable,Subscribers Only
Frank Clark,DEN,LB,Hip,Questionable,Subscribers Only
Chris Claybrooks,JAX,CB,Undisclosed,Reserve-CEL,Subscribers Only
Devin Cochran,CIN,OT,Knee,IR,Subscribers Only
Adrian Colbert,FA,S,Undisclosed,Questionable,Subscribers Only
L.J. Collier,ARI,DE,Biceps,IR,Subscribers Only
Tom Compton,FA,OT,Back,Questionable,Subscribers Only
Jack Conklin,CLE,OT,Knee - ACL + MCL,IR,Subscribers Only
Gareon Conley,FA,CB,Ankle,Questionable,Subscribers Only
Ryan Connelly,FA,LB,Knee,Out,Subscribers Only
James Conner,ARI,RB,Back,Questionable,Subscribers Only
Cody Conway,FA,OT,Knee - ACL,Questionable,Subscribers Only
Austin Corbett,CAR,OG,Knee - ACL,PUP-R,Subscribers Only
Cody Core,FA,WR,Undisclosed,Questionable,Subscribers Only
Jeff Cotton,FA,WR,Undisclosed,Questionable,Subscribers Only
Nathan Cottrell,FA,RB,Undisclosed,Questionable,Subscribers Only
Fletcher Cox,PHI,DT,Knee,Questionable,Subscribers Only
River Cracraft,MIA,WR,Shoulder,Doubtful,Subscribers Only
Kekoa Crawford,FA,WR,Undisclosed,Questionable,Subscribers Only
Maxx Crosby,LV,DE,Knee,Questionable,Subscribers Only
Tyrell Crosby,FA,OT,Back,Questionable,Subscribers Only
Charles Cross,SEA,OT,Toe,Questionable,Subscribers Only
Keion Crossen,MIA,CB,Undisclosed,IR,Subscribers Only
Isaiah Crowell,FA,RB,Achilles,Questionable,Subscribers Only
Dominique Dafney,FA,TE,Undisclosed,Questionable,Subscribers Only
Dennis Daley,ARI,OT,Ankle,IR,Subscribers Only
Tae Daley,FA,S,Undisclosed,Questionable,Subscribers Only
Jalen Dalton,FA,DT,Undisclosed,Questionable,Subscribers Only
Braeden Daniels,WAS,OT,Shoulder,IR,Subscribers Only
James Daniels,PIT,OG,Groin,Questionable,Subscribers Only
Frank Darby,FA,WR,Undisclosed,Questionable,Subscribers Only
Marcus Davenport,MIN,LB,Ankle,Questionable,Subscribers Only
D.J. Davidson,NYG,DT,Elbow,Questionable,Subscribers Only
Zach Davidson,BUF,TE,Undisclosed,IR,Subscribers Only
Cody Davis,NE,S,Knee,PUP-R,Subscribers Only
Corey Davis,FA,WR,Personal,Reserve-Ret,Subscribers Only
Daewood Davis,FA,WR,Concussion,Questionable,Subscribers Only
Jarrad Davis,NYG,LB,Knee,IR,Subscribers Only
Quartney Davis,FA,WR,Shoulder,Questionable,Subscribers Only
Shawn Davis,FA,S,Abdomen,Questionable,Subscribers Only
Tyler Davis,GB,TE,Knee,IR,Subscribers Only
Wyatt Davis,NYG,OG,Ankle,IR,Subscribers Only
Akeem Davis-Gaither,CIN,LB,Knee,Questionable,Subscribers Only
Duke Dawson,FA,CB,Undisclosed,Questionable,Subscribers Only
Jamel Dean,TB,CB,Neck,Questionable,Subscribers Only
Nakobe Dean,PHI,LB,Foot,IR,Subscribers Only
Dylan Deatherage,FA,OT,Undisclosed,Questionable,Subscribers Only
Dawson Deaton,CLE,OG,Knee - ACL,IR,Subscribers Only
Taylor Decker,DET,OT,Ankle,Questionable,Subscribers Only
Michael Deiter,HOU,C,Chest,Questionable,Subscribers Only
SirVocea Dennis,TB,LB,Hamstring,Questionable,Subscribers Only
Trevon Diggs,DAL,CB,Knee - ACL,IR,Subscribers Only
Brandon Dillon,WAS,TE,Undisclosed,IR,Subscribers Only
Will Dissly,SEA,TE,Shoulder,Questionable,Subscribers Only
J.K. Dobbins,BAL,RB,Achilles,IR,Subscribers Only
JoJo Domann,FA,LB,Concussion,Questionable,Subscribers Only
Myles Dorn,FA,S,Undisclosed,Questionable,Subscribers Only
Khalil Dorsey,DET,CB,Illness,IR,Subscribers Only
Andrew Dowell,NO,LB,Knee - ACL,IR,Subscribers Only
Tommy Doyle,BUF,OT,Knee,IR,Subscribers Only
Dakota Dozier,FA,OG,Knee - ACL,Questionable,Subscribers Only
Josh Drayden,FA,CB,Undisclosed,Questionable,Subscribers Only
Greg Dulcich,DEN,TE,Hamstring,IR,Subscribers Only
Ashton Dulin,IND,WR,Knee - ACL,IR,Subscribers Only
Yasir Durant,FA,OG,Undisclosed,Questionable,Subscribers Only
David Durden,DAL,WR,Knee - ACL,IR,Subscribers Only
Nate Ebner,FA,S,Ankle,Questionable,Subscribers Only
Trestan Ebner,FA,RB,Concussion,Questionable,Subscribers Only
Chase Edmonds,TB,RB,Knee - MCL,IR,Subscribers Only
Chuma Edoga,DAL,OT,Elbow,Questionable,Subscribers Only
Sam Ehlinger,IND,QB,Shoulder,Questionable,Subscribers Only
Duke Ejiofor,FA,LB,Undisclosed,Questionable,Subscribers Only
Austin Ekeler,LAC,RB,Ankle,Questionable,Subscribers Only
Daniel Ekuale,NE,DT,Biceps,IR,Subscribers Only
Pat Elflein,ARI,C,Undisclosed,IR,Subscribers Only
DeShon Elliott,MIA,S,Ankle,Questionable,Subscribers Only
Tino Ellis,FA,CB,Undisclosed,Questionable,Subscribers Only
Noah Elliss,FA,DT,Undisclosed,Questionable,Subscribers Only
Ikenna Enechukwu,ATL,LB,Undisclosed,IR,Subscribers Only
Donnie Ernsberger,FA,TE,Undisclosed,Questionable,Subscribers Only
Tyler Ervin,FA,RB,Foot,Questionable,Subscribers Only
Dee Eskridge,SEA,WR,Suspension,Reserve-Sus,Subscribers Only
Drew Estrada,FA,WR,Achilles,Questionable,Subscribers Only
Justin Evans,PHI,S,Neck,Questionable,Subscribers Only
Gerald Everett,LAC,TE,Illness,Questionable,Subscribers Only
Erik Ezukanma,MIA,WR,Neck,Questionable,Subscribers Only
Jequez Ezzard,FA,WR,Undisclosed,Questionable,Subscribers Only
Brandon Facyson,LV,CB,Shin,IR,Subscribers Only
Diego Fagot,FA,LB,Undisclosed,Questionable,Subscribers Only
Austin Faoliu,SEA,DT,Knee,PUP-R,Subscribers Only
Caleb Farley,TEN,CB,Back,PUP-R,Subscribers Only
Folorunso Fatukasi,JAX,DT,Shoulder,Questionable,Subscribers Only
Olakunle Fatukasi,FA,LB,Concussion,Questionable,Subscribers Only
Rashad Fenton,ARI,CB,Undisclosed,IR,Subscribers Only
Reid Ferguson,BUF,C,Wrist,Questionable,Subscribers Only
Ethan Fernea,FA,WR,Undisclosed,Questionable,Subscribers Only
Sharif Finch,FA,LB,Undisclosed,Questionable,Subscribers Only
Eric Fisher,FA,OT,Calf,Questionable,Subscribers Only
Trey Flowers,NE,LB,Undisclosed,PUP-R,Subscribers Only
Drew Forbes,CLE,OG,Back,NFI-R,Subscribers Only
Dee Ford,FA,DE,Back,Questionable,Subscribers Only
Isaiah Ford,FA,WR,Undisclosed,Questionable,Subscribers Only
Bryce Ford-Wheaton,NYG,WR,Knee,IR,Subscribers Only
L.J. Fort,FA,LB,Knee - ACL,Questionable,Subscribers Only
Jody Fortson,KC,TE,Shoulder,IR,Subscribers Only
John Franklin,FA,WR,Knee - ACL,Questionable,Subscribers Only
Feleipe Franks,ATL,TE,Undisclosed,IR,Subscribers Only
Kyle Fuller,FA,CB,Knee - ACL,Questionable,Subscribers Only
Will Fuller,FA,WR,Finger,Questionable,Subscribers Only
Russell Gage,TB,WR,Knee,IR,Subscribers Only
Jon Gaines,ARI,C,Knee,IR,Subscribers Only
Tipa Galeai,FA,LB,Hamstring,Questionable,Subscribers Only
Jamell Garcia-Williams,FA,DE,Undisclosed,Questionable,Subscribers Only
Don Gardner,FA,CB,Hamstring,Questionable,Subscribers Only
C.J. Gardner-Johnson,DET,S,Pectoral,IR,Subscribers Only
Ben Garland,FA,C,Calf,Questionable,Subscribers Only
Jimmy Garoppolo,LV,QB,Concussion,Questionable,Subscribers Only
Luke Gifford,TEN,LB,Hamstring,Questionable,Subscribers Only
Mark Gilbert,FA,CB,Undisclosed,Questionable,Subscribers Only
Zyon Gilbert,FA,CB,Hamstring,Questionable,Subscribers Only
Cullen Gillaspia,FA,LB,Knee,Questionable,Subscribers Only
Tyree Gillespie,FA,S,Knee,Questionable,Subscribers Only
Alohi Gilman,LAC,S,Heel,Questionable,Subscribers Only
Jordan Glasgow,FA,LB,Undisclosed,Questionable,Subscribers Only
Davon Godchaux,NE,DT,Ankle,Questionable,Subscribers Only
Eddie Goldman,ATL,DT,Undisclosed,Reserve-Ex,Subscribers Only
Matt Gono,FA,OT,Neck,Questionable,Subscribers Only
Zane Gonzalez,FA,K,Calf,Questionable,Subscribers Only
Kyler Gordon,CHI,CB,Hand,IR,Subscribers Only
Tay Gowan,FA,CB,Undisclosed,Questionable,Subscribers Only
Alfonzo Graham,PIT,RB,Undisclosed,IR,Subscribers Only
Jaeden Graham,FA,TE,Undisclosed,Questionable,Subscribers Only
Thomas Graham,CLE,CB,Ankle,IR,Subscribers Only
Jakeem Grant,CLE,WR,Kneecap,IR,Subscribers Only
Danny Gray,SF,WR,Shoulder - AC Joint,IR,Subscribers Only
Noah Gray,KC,TE,Illness,Questionable,Subscribers Only
Kenyon Green,HOU,OG,Shoulder - Labrum,IR,Subscribers Only
Virgil Green,FA,TE,Ankle,Questionable,Subscribers Only
Raven Greene,FA,S,Undisclosed,Questionable,Subscribers Only
Ethan Greenidge,ATL,OT,Undisclosed,IR,Subscribers Only
Dre Greenlaw,SF,LB,Ankle,Questionable,Subscribers Only
Everson Griffen,FA,DE,Personal,Questionable,Subscribers Only
Jonas Griffith,DEN,LB,Knee - ACL,IR,Subscribers Only
Trevon Grimes,FA,WR,Undisclosed,Questionable,Subscribers Only
Ryan Groy,FA,OG,Triceps,Questionable,Subscribers Only
Javelin Guidry,NYJ,CB,Knee,IR,Subscribers Only
Jalen Guyton,LAC,WR,Knee - ACL,PUP-R,Subscribers Only
Jake Haener,NO,QB,Suspension,Reserve-Sus,Subscribers Only
Troy Hairston,HOU,FB,Back,IR,Subscribers Only
Grant Haley,FA,CB,Knee - ACL,Questionable,Subscribers Only
Emanuel Hall,FA,WR,Achilles,Questionable,Subscribers Only
Kemon Hall,FA,CB,Undisclosed,Questionable,Subscribers Only
Maalik Hall,NYJ,LB,Undisclosed,IR,Subscribers Only
Terez Hall,NE,LB,Undisclosed,IR,Subscribers Only
DaeSean Hamilton,FA,WR,Undisclosed,Questionable,Subscribers Only
DaVon Hamilton,JAX,DT,Back,IR,Subscribers Only
Devery Hamilton,FA,OT,Lower Leg,Questionable,Subscribers Only
Kyle Hamilton,BAL,S,Back,Questionable,Subscribers Only
KJ Hamler,FA,WR,Pectoral,Questionable,Subscribers Only
Malik Hamm,BAL,LB,Ankle,IR,Subscribers Only
Saquan Hampton,FA,S,Achilles,Questionable,Subscribers Only
Jake Hanson,FA,C,Shin,Questionable,Subscribers Only
Tre Harbison,FA,RB,Concussion,Questionable,Subscribers Only
Clark Harris,FA,C,Biceps,Questionable,Subscribers Only
Darius Harris,FA,LB,Undisclosed,Questionable,Subscribers Only
Dwayne Harris,FA,WR,Triceps,Questionable,Subscribers Only
Anton Harrison,JAX,OT,Ankle,Questionable,Subscribers Only
Penny Hart,ATL,WR,Concussion,IR,Subscribers Only
Montre Hartage,FA,S,Undisclosed,Questionable,Subscribers Only
Kolby Harvell-Peel,FA,S,Hamstring,Questionable,Subscribers Only
Pressley Harvin,PIT,P,Hamstring,Questionable,Subscribers Only
Hassan Haskins,TEN,RB,Undisclosed,IR,Subscribers Only
J.C. Hassenauer,NYG,C,Triceps,IR,Subscribers Only
Broughton Hatcher,FA,C,Undisclosed,Questionable,Subscribers Only
Jerald Hawkins,FA,OT,Undisclosed,Questionable,Subscribers Only
Tayler Hawkins,FA,S,Hand,Questionable,Subscribers Only
Daelin Hayes,FA,LB,Undisclosed,Questionable,Subscribers Only
Marquis Haynes,CAR,LB,Back,IR,Subscribers Only
Phil Haynes,SEA,OG,Calf,Questionable,Subscribers Only
Joel Heath,FA,DE,Knee - ACL,Questionable,Subscribers Only
Charlie Heck,HOU,OT,Foot,PUP-R,Subscribers Only
Matt Hembrough,ARI,C,Back,IR,Subscribers Only
Xavier Henderson,FA,S,Undisclosed,Questionable,Subscribers Only
Matt Hennessy,ATL,OG,Knee,IR,Subscribers Only
Ra'Shaun Henry,FA,WR,Undisclosed,Questionable,Subscribers Only
Chandon Herring,FA,OG,Undisclosed,Questionable,Subscribers Only
Cameron Heyward,PIT,DE,Groin,IR,Subscribers Only
Tyler Higbee,LAR,TE,Achilles,Questionable,Subscribers Only
Brandon Hill,FA,S,Undisclosed,Out,Subscribers Only
Justice Hill,BAL,RB,Foot,Questionable,Subscribers Only
Dontrell Hilliard,FA,RB,Neck,Questionable,Subscribers Only
Nyheim Hines,BUF,RB,Knee,NFI-R,Subscribers Only
Cooper Hodges,JAX,OT,Knee,IR,Subscribers Only
Will Holden,FA,OT,Calf,Questionable,Subscribers Only
Cody Hollister,FA,WR,Neck,Questionable,Subscribers Only
Jacob Hollister,FA,TE,Undisclosed,Questionable,Subscribers Only
Elijah Holyfield,FA,RB,Knee,Questionable,Subscribers Only
Travis Homer,CHI,RB,Ankle,Questionable,Subscribers Only
Hendon Hooker,DET,QB,Knee - ACL,NFI-R,Subscribers Only
DeAndre Hopkins,TEN,WR,Ankle,Questionable,Subscribers Only
Jaycee Horn,CAR,CB,Hamstring,IR,Subscribers Only
James Houston,DET,LB,Ankle,IR,Subscribers Only
Gabriel Houy,FA,OT,Undisclosed,Questionable,Subscribers Only
Tytus Howard,HOU,OT,Hand,IR,Subscribers Only
Jordan Howden,NO,S,Finger,Questionable,Subscribers Only
Hayden Howerton,FA,OG,Undisclosed,Out,Subscribers Only
Jonathan Hubbard,FA,OT,Undisclosed,Questionable,Subscribers Only
Rodney Hudson,FA,C,Knee,Questionable,Subscribers Only
Evan Hull,IND,RB,Knee,IR,Subscribers Only
Marlon Humphrey,BAL,CB,Foot,Questionable,Subscribers Only
Kareem Hunt,CLE,RB,Ribs,Questionable,Subscribers Only
Caleb Huntley,FA,RB,Achilles,Questionable,Subscribers Only
Jalen Hurd,FA,WR,Undisclosed,Reserve-Ret,Subscribers Only
Allen Hurns,FA,WR,Wrist,Questionable,Subscribers Only
John Hurst,FA,WR,Ankle,Questionable,Subscribers Only
Ishmael Hyman,FA,WR,Undisclosed,Questionable,Subscribers Only
Mohamed Ibrahim,FA,RB,Undisclosed,Questionable,Subscribers Only
George Iloka,FA,S,Knee - ACL,Questionable,Subscribers Only
Mark Ingram,FA,RB,Knee - MCL,Questionable,Subscribers Only
Matt Ioannidis,FA,DT,Back,Questionable,Subscribers Only
Isaiah Irving,FA,LB,Back,Questionable,Subscribers Only
Thomas Ives,FA,WR,Undisclosed,Questionable,Subscribers Only
Myles Jack,PHI,LB,Personal,Reserve-Ret,Subscribers Only
Alaric Jackson,LAR,OT,Hamstring,Questionable,Subscribers Only
Branden Jackson,FA,DE,Spine,Questionable,Subscribers Only
Eddie Jackson,CHI,S,Foot,Questionable,Subscribers Only
Jonah Jackson,DET,OG,Thigh,Questionable,Subscribers Only
Justin Jackson,FA,RB,Undisclosed,Reserve-Ret,Subscribers Only
Kearis Jackson,TEN,WR,Ankle,IR,Subscribers Only
Warren Jackson,FA,WR,Undisclosed,Questionable,Subscribers Only
Derwin James,LAC,S,Hamstring,Questionable,Subscribers Only
Ja'Wuan James,FA,OT,Achilles,Questionable,Subscribers Only
Richie James,KC,WR,Knee - MCL,IR,Subscribers Only
Jermar Jefferson,FA,RB,Undisclosed,Questionable,Subscribers Only
Jalen Jelks,FA,DE,Undisclosed,Questionable,Subscribers Only
Elgton Jenkins,GB,OG,Knee - MCL,Out,Subscribers Only
Jaray Jenkins,FA,WR,Undisclosed,Questionable,Subscribers Only
Jordan Jenkins,FA,DE,Knee - ACL,Questionable,Subscribers Only
Teven Jenkins,CHI,OG,Leg,IR,Subscribers Only
Jauan Jennings,SF,WR,Shin,Questionable,Subscribers Only
Ryan Jensen,TB,C,Knee,IR,Subscribers Only
Jerry Jeudy,DEN,WR,Knee,Questionable,Subscribers Only
Josey Jewell,DEN,LB,Hip,Questionable,Subscribers Only
Antonio Johnson,JAX,S,Hamstring,Questionable,Subscribers Only
Bisi Johnson,FA,WR,Knee - ACL,Questionable,Subscribers Only
Buddy Johnson,CHI,LB,Undisclosed,IR,Subscribers Only
Darryl Johnson,FA,LB,Undisclosed,Questionable,Subscribers Only
Diontae Johnson,PIT,WR,Hamstring,IR,Subscribers Only
Dontae Johnson,FA,CB,Knee - ACL,Questionable,Subscribers Only
Jahmir Johnson,FA,OT,Undisclosed,Questionable,Subscribers Only
Jaylon Johnson,CHI,CB,Hamstring,Questionable,Subscribers Only
Josh Johnson,FA,RB,Undisclosed,Questionable,Subscribers Only
Nazeeh Johnson,KC,S,Knee - ACL,IR,Subscribers Only
Roderick Johnson,PHI,OT,Undisclosed,IR,Subscribers Only
Willie Johnson,FA,WR,Undisclosed,Questionable,Subscribers Only
Cameron Johnston,HOU,P,Calf,IR,Subscribers Only
Shaun Jolly,FA,CB,Undisclosed,Questionable,Subscribers Only
Aaron Jones,GB,RB,Hamstring,Questionable,Subscribers Only
Ben Jones,FA,C,Undisclosed,Questionable,Subscribers Only
Braxton Jones,CHI,OT,Neck,IR,Subscribers Only
Brett Jones,FA,C,Biceps,Questionable,Subscribers Only
Byron Jones,FA,CB,Achilles,Questionable,Subscribers Only
Chandler Jones,LV,DE,Personal,NFI-R,Subscribers Only
Charlie Jones,CIN,WR,Thumb,Questionable,Subscribers Only
Chris Jones,FA,P,Abdomen,Questionable,Subscribers Only
Chris Jones,KC,DT,Groin,Questionable,Subscribers Only
Devin Jones,FA,CB,Undisclosed,Questionable,Subscribers Only
Dre'Mont Jones,SEA,DE,Hip,Questionable,Subscribers Only
Jack Jones,NE,CB,Hamstring,IR,Subscribers Only
Jonathan Jones,NE,CB,Ankle,Questionable,Subscribers Only
Josh Jones,FA,S,Hamstring,Questionable,Subscribers Only
Josh Jones,HOU,OG,Hand,Questionable,Subscribers Only
Marcus Jones,NE,CB,Shoulder,IR,Subscribers Only
Robert Jones,MIA,OG,Knee - MCL,IR,Subscribers Only
Vi Jones,FA,LB,Ankle,Questionable,Subscribers Only
Xavier Jones,FA,RB,Achilles,Questionable,Subscribers Only
Zay Jones,JAX,WR,Knee,Questionable,Subscribers Only
Dion Jordan,FA,DE,Knee,Questionable,Subscribers Only
Karl Joseph,FA,S,Ankle,Questionable,Subscribers Only
Kerby Joseph,DET,S,Hip,Questionable,Subscribers Only
Lamarcus Joyner,FA,S,Hip,Questionable,Subscribers Only
Gregory Junior,JAX,CB,Hamstring,IR,Subscribers Only
Cam Jurgens,PHI,OG,Groin,Questionable,Subscribers Only
Calijah Kancey,TB,DT,Calf,Questionable,Subscribers Only
Khalid Kareem,CHI,DE,Hip,IR,Subscribers Only
Matt Kaskey,FA,OT,Undisclosed,Questionable,Subscribers Only
Ryan Kelly,IND,C,Concussion,Questionable,Subscribers Only
Silas Kelly,FA,LB,Undisclosed,Questionable,Subscribers Only
Eric Kendricks,LAC,LB,Hamstring,Questionable,Subscribers Only
Tom Kennedy,FA,WR,Arm,Questionable,Subscribers Only
BoPete Keyes,FA,CB,Finger,Questionable,Subscribers Only
Brandon King,FA,LB,Hamstring,Questionable,Subscribers Only
Dre Kirkpatrick,FA,CB,Ankle,Questionable,Subscribers Only
Micah Kiser,FA,LB,Leg,Questionable,Subscribers Only
Malik Knowles,MIN,WR,Undisclosed,NFI-R,Subscribers Only
Doug Kramer,CHI,C,Undisclosed,IR,Subscribers Only
Tyler Kroft,MIA,TE,Back,Questionable,Subscribers Only
Jake Kumerow,FA,WR,Back,Questionable,Subscribers Only
Jordan Kunaszyk,CLE,LB,Knee - MCL,IR,Subscribers Only
Cooper Kupp,LAR,WR,Hamstring,IR,Subscribers Only
William Kwenkeu,MIN,LB,Undisclosed,IR,Subscribers Only
Bruno Labelle,FA,TE,Undisclosed,Questionable,Subscribers Only
Chris Lacy,FA,WR,Undisclosed,Questionable,Subscribers Only
Dayan Lake,FA,CB,Undisclosed,Questionable,Subscribers Only
Forrest Lamp,FA,OG,Undisclosed,Questionable,Subscribers Only
Jarvis Landry,FA,WR,Ankle,Questionable,Subscribers Only
Ted Larsen,FA,OG,Knee,Questionable,Subscribers Only
Scott Lashley,FA,OT,Undisclosed,Questionable,Subscribers Only
Cameron Latu,SF,TE,Knee - Meniscus,IR,Subscribers Only
Cre'von LeBlanc,FA,CB,Undisclosed,Questionable,Subscribers Only
Jonathan Ledbetter,ARI,DE,Finger,Questionable,Subscribers Only
Darron Lee,FA,LB,Undisclosed,Questionable,Subscribers Only
Matt Leo,PHI,DE,Undisclosed,Reserve-Ret,Subscribers Only
Titus Leo,IND,DE,Undisclosed,IR,Subscribers Only
Deane Leonard,LAC,CB,Hamstring,Questionable,Subscribers Only
Jason Lewan,FA,DE,Back,Questionable,Subscribers Only
Taylor Lewan,FA,OT,Knee - ACL,Questionable,Subscribers Only
Donnie Lewis,FA,CB,Undisclosed,Questionable,Subscribers Only
Tommylee Lewis,FA,WR,Hip,Questionable,Subscribers Only
Tyler Linderbaum,BAL,C,Ankle,Questionable,Subscribers Only
Corey Linsley,LAC,C,Illness,Questionable,Subscribers Only
Greg Little,FA,OT,Back,Questionable,Subscribers Only
Devin Lloyd,JAX,LB,Thumb,Out,Subscribers Only
P.J. Locke,DEN,S,Lower Leg,IR,Subscribers Only
Greg Long,FA,OT,Undisclosed,Questionable,Subscribers Only
Hunter Long,LAR,TE,Thigh,IR,Subscribers Only
Bryce Love,FA,RB,Knee,Questionable,Subscribers Only
John Lovett,FA,FB,Undisclosed,Questionable,Subscribers Only
Abraham Lucas,SEA,OT,Knee,IR,Subscribers Only
Darrell Luter,SF,CB,Knee,PUP-R,Subscribers Only
Frankie Luvu,CAR,LB,Hip,Questionable,Subscribers Only
Blake Lynch,FA,LB,Undisclosed,Questionable,Subscribers Only
James Lynch,MIN,DT,Knee - ACL,IR,Subscribers Only
Alize Mack,FA,TE,Undisclosed,Questionable,Subscribers Only
Ledarius Mack,FA,LB,Undisclosed,Questionable,Subscribers Only
Marlon Mack,ARI,RB,Achilles,IR,Subscribers Only
Avonte Maddox,PHI,CB,Pectoral,IR,Subscribers Only
Cole Madison,FA,OG,Knee - ACL,Questionable,Subscribers Only
Cassius Marsh,FA,LB,Knee,Questionable,Subscribers Only
Kamal Martin,FA,LB,Undisclosed,Questionable,Subscribers Only
Koda Martin,FA,OG,Undisclosed,Questionable,Subscribers Only
Marcus Martin,FA,C,Undisclosed,Questionable,Subscribers Only
Wes Martin,FA,OG,Concussion,Questionable,Subscribers Only
Zack Martin,DAL,OG,Ankle,Questionable,Subscribers Only
Ochaun Mathis,LAR,LB,Knee,IR,Subscribers Only
Phidarian Mathis,WAS,DT,Calf,IR,Subscribers Only
Jesse Matthews,HOU,WR,Knee - ACL,IR,Subscribers Only
Devonnsha Maxwell,CIN,DT,Knee,IR,Subscribers Only
Marcus Maye,NO,S,Suspension,Reserve-Sus,Subscribers Only
Mac McCain,FA,CB,Undisclosed,Questionable,Subscribers Only
Marquan McCall,FA,DT,Knee,Questionable,Subscribers Only
Tucker McCann,FA,K,Undisclosed,Questionable,Subscribers Only
Conor McDermott,FA,OT,Undisclosed,Questionable,Subscribers Only
Codey McElroy,FA,TE,Foot,Questionable,Subscribers Only
Anthony McFarland,PIT,RB,Knee,IR,Subscribers Only
Kyric McGowan,FA,WR,Undisclosed,Questionable,Subscribers Only
Kenny McIntosh,SEA,RB,Knee,IR,Subscribers Only
Anthony McKinney,FA,OT,Undisclosed,Questionable,Subscribers Only
J.D. McKissic,FA,RB,Neck,Questionable,Subscribers Only
Sherrick McManis,FA,S,Hamstring,Questionable,Subscribers Only
Kyler McMichael,ARI,CB,Undisclosed,IR,Subscribers Only
Raekwon McMillan,NE,LB,Achilles,IR,Subscribers Only
Zech McPhearson,PHI,CB,Achilles,IR,Subscribers Only
Tony McRae,FA,CB,Knee,Questionable,Subscribers Only
Montrel Meander,FA,LB,Achilles,Questionable,Subscribers Only
Steven Means,FA,LB,Achilles,Questionable,Subscribers Only
Obi Melifonwu,FA,S,Undisclosed,Questionable,Subscribers Only
Nicolas Melsop,FA,OG,Undisclosed,Questionable,Subscribers Only
Forrest Merrill,FA,DT,Undisclosed,Questionable,Subscribers Only
Josh Metellus,MIN,S,Shoulder,Questionable,Subscribers Only
Sony Michel,LAR,RB,Undisclosed,Reserve-Ret,Subscribers Only
Ventrell Miller,JAX,LB,Achilles,IR,Subscribers Only
Von Miller,BUF,LB,Knee - ACL,PUP-R,Subscribers Only
Dax Milne,WAS,WR,Groin,IR,Subscribers Only
Denzel Mims,FA,WR,Calf,Questionable,Subscribers Only
Jonathan Mingo,CAR,WR,Concussion,Questionable,Subscribers Only
Keaton Mitchell,BAL,RB,Shoulder,IR,Subscribers Only
Osirus Mitchell,FA,WR,Quadriceps,Questionable,Subscribers Only
Terrance Mitchell,FA,CB,Undisclosed,Questionable,Subscribers Only
Taquan Mizzell,FA,WR,Undisclosed,Questionable,Subscribers Only
Jovante Moffatt,FA,S,Undisclosed,Questionable,Subscribers Only
Elijah Molden,TEN,CB,Hamstring,Questionable,Subscribers Only
Donte Moncrief,FA,WR,Undisclosed,Questionable,Subscribers Only
Henry Mondeaux,FA,DE,Undisclosed,Questionable,Subscribers Only
Bryan Mone,SEA,DT,Knee - ACL,PUP-R,Subscribers Only
David Montgomery,DET,RB,Thigh,Questionable,Subscribers Only
C.J. Moore,FA,S,Suspension,Reserve-Sus,Subscribers Only
J'Mon Moore,FA,WR,Undisclosed,Questionable,Subscribers Only
Jalin Moore,FA,RB,Ankle,Reserve-Ret,Subscribers Only
Jaylon Moore,JAX,WR,Undisclosed,IR,Subscribers Only
Nick Moore,BAL,C,Achilles,NFI-R,Subscribers Only
Tarvarius Moore,FA,S,Knee,Questionable,Subscribers Only
Foster Moreau,NO,TE,Ankle,Questionable,Subscribers Only
Jimmy Moreland,FA,CB,Hand,Questionable,Subscribers Only
Mike Morris,SEA,DE,Shoulder,IR,Subscribers Only
Emmanuel Moseley,DET,CB,Knee - ACL,Questionable,Subscribers Only
Jordan Mosley,FA,S,Undisclosed,Questionable,Subscribers Only
T.D. Moultry,FA,LB,Undisclosed,Questionable,Subscribers Only
Trayvon Mullen,BAL,CB,Toe,NFI-R,Subscribers Only
Byron Murphy,MIN,CB,Hip,Questionable,Subscribers Only
Kyle Murphy,FA,OG,Ankle,Questionable,Subscribers Only
Chris Murray,FA,C,Undisclosed,Questionable,Subscribers Only
Kenneth Murray,LAC,LB,Groin,Questionable,Subscribers Only
Kyler Murray,ARI,QB,Knee - ACL,PUP-R,Subscribers Only
Chris Myarick,NYG,FB,Hand,IR,Subscribers Only
Puka Nacua,LAR,WR,Oblique,Questionable,Subscribers Only
Jalen Nailor,MIN,WR,Hamstring,IR,Subscribers Only
Ryan Nall,FA,FB,Shoulder,Questionable,Subscribers Only
Hamsah Nasirildeen,NYJ,LB,Neck,IR,Subscribers Only
Isaac Nauta,FA,TE,Undisclosed,Questionable,Subscribers Only
Haggai Ndubuisi,FA,OT,Finger,Out,Subscribers Only
Siran Neal,BUF,CB,Ankle,Questionable,Subscribers Only
Sharrod Neasman,FA,S,Undisclosed,Questionable,Subscribers Only
Nik Needham,MIA,CB,Achilles,PUP-R,Subscribers Only
Matt Nelson,DET,OT,Ankle,IR,Subscribers Only
Nick Nelson,FA,CB,Undisclosed,Questionable,Subscribers Only
Quenton Nelson,IND,OG,Toe,Questionable,Subscribers Only
Lew Nichols,FA,RB,Shoulder,Questionable,Subscribers Only
Hardy Nickerson,FA,LB,Concussion,Questionable,Subscribers Only
Tre Nixon,NE,WR,Shoulder,IR,Subscribers Only
Elijah Nkansah,FA,OT,Undisclosed,Questionable,Subscribers Only
Desmond Noel,FA,OG,Undisclosed,Questionable,Subscribers Only
Quinn Nordin,FA,K,Undisclosed,Questionable,Subscribers Only
Jared Norris,FA,LB,Shoulder,Questionable,Subscribers Only
Andrew Norwell,FA,OG,Hip,Questionable,Subscribers Only
Kene Nwangwu,MIN,RB,Back,IR,Subscribers Only
Nick O'Leary,FA,TE,Chest,Questionable,Subscribers Only
Leon O'Neal,FA,S,Undisclosed,Questionable,Subscribers Only
Efe Obada,WAS,DE,Knee,IR,Subscribers Only
Ifeadi Odenigbo,NYJ,DE,Undisclosed,IR,Subscribers Only
Chris Odom,FA,DE,Knee - ACL,Questionable,Subscribers Only
Otito Ogbonnia,LAC,DT,Kneecap,PUP-R,Subscribers Only
Adetokunbo Ogundeji,ATL,LB,Foot,IR,Subscribers Only
Larry Ogunjobi,PIT,DT,Foot,Questionable,Subscribers Only
David Ojabo,BAL,LB,Ankle,Questionable,Subscribers Only
Azeez Ojulari,NYG,LB,Hamstring,Questionable,Subscribers Only
Julian Okwara,DET,DE,Undisclosed,IR,Subscribers Only
Sewo Olonilua,FA,FB,Neck,Questionable,Subscribers Only
Charles Omenihu,KC,DE,Suspension,Reserve-Sus,Subscribers Only
Joshua Onujiogu,SEA,LB,Elbow,IR,Subscribers Only
Amani Oruwariye,FA,CB,Neck,Questionable,Subscribers Only
Joe Ostman,FA,DE,Undisclosed,Questionable,Subscribers Only
DeMarvion Overshown,DAL,LB,Knee - ACL,IR,Subscribers Only
Odafe Oweh,BAL,LB,Ankle,Questionable,Subscribers Only
Tanner Owen,FA,OT,Illness,Questionable,Subscribers Only
Alex Palczewski,DEN,OT,Hand,IR,Subscribers Only
Andrew Parchment,FA,WR,Undisclosed,Questionable,Subscribers Only
AJ Parker,FA,CB,Hamstring,Questionable,Subscribers Only
Brandon Parker,FA,OT,Undisclosed,Questionable,Subscribers Only
Josh Paschal,DET,DE,Knee,IR,Subscribers Only
Tim Patrick,DEN,WR,Achilles,IR,Subscribers Only
Cordarrelle Patterson,ATL,RB,Thigh,Questionable,Subscribers Only
John Penisini,FA,DT,Undisclosed,Questionable,Subscribers Only
Denzel Perryman,HOU,LB,Hand,Questionable,Subscribers Only
Jordan Perryman,FA,CB,Undisclosed,Questionable,Subscribers Only
Tautala Pesefea,FA,DT,Undisclosed,Questionable,Subscribers Only
Nicholas Petit-Frere,TEN,OT,Suspension,Reserve-Sus,Subscribers Only
Dante Pettis,FA,WR,Undisclosed,Questionable,Subscribers Only
La'Michael Pettway,FA,TE,Undisclosed,Questionable,Subscribers Only
Kyle Philips,TEN,WR,Knee - MCL,IR,Subscribers Only
Jacob Phillips,CLE,LB,Pectoral,IR,Subscribers Only
Jaelan Phillips,MIA,LB,Oblique,Questionable,Subscribers Only
Kevin Pierre-Louis,FA,LB,Groin,Questionable,Subscribers Only
Ross Pierschbacher,FA,C,Undisclosed,Questionable,Subscribers Only
Jared Pinkney,FA,TE,Undisclosed,Questionable,Subscribers Only
Danny Pinter,IND,C,Ankle,IR,Subscribers Only
Derrek Pitts,TB,CB,Hamstring,Questionable,Subscribers Only
Quentin Poling,FA,LB,Undisclosed,Questionable,Subscribers Only
Elijah Ponder,FA,LB,Undisclosed,Questionable,Subscribers Only
Troymaine Pope,FA,RB,Undisclosed,Questionable,Subscribers Only
Monte Pottebaum,FA,FB,Undisclosed,Reserve-Ret,Subscribers Only
Jordan Poyer,BUF,S,Knee,Questionable,Subscribers Only
Austin Proehl,FA,WR,Undisclosed,Questionable,Subscribers Only
Justin Pugh,FA,OG,Knee - ACL,Questionable,Subscribers Only
Mike Purcell,DEN,DT,Ribs,Questionable,Subscribers Only
Scott Quessenberry,HOU,C,Knee - ACL + MCL,IR,Subscribers Only
Trey Quinn,FA,WR,Undisclosed,Questionable,Subscribers Only
Brent Qvale,FA,OT,Undisclosed,Questionable,Subscribers Only
Trey Ragas,FA,RB,Undisclosed,Questionable,Subscribers Only
Reggie Ragland,FA,LB,Shoulder,Questionable,Subscribers Only
Charleston Rambo,FA,WR,Undisclosed,Questionable,Subscribers Only
Jalen Ramsey,MIA,CB,Knee - Meniscus,IR,Subscribers Only
Shane Ray,FA,DE,Hamstring,Questionable,Subscribers Only
Alex Redmond,FA,OG,Undisclosed,Questionable,Subscribers Only
Jalen Redmond,FA,DT,Undisclosed,Questionable,Subscribers Only
Chris Reed,MIN,OG,Lower Leg,NFI-R,Subscribers Only
Joe Reed,CHI,WR,Undisclosed,IR,Subscribers Only
Riley Reiff,NE,OT,Knee,IR,Subscribers Only
Nikko Remigio,KC,WR,Wrist,IR,Subscribers Only
Sam Renner,FA,DT,Undisclosed,Questionable,Subscribers Only
Sammis Reyes,JAX,TE,Concussion,Reserve-Ret,Subscribers Only
Ross Reynolds,FA,OG,Undisclosed,Questionable,Subscribers Only
Anthony Richardson,IND,QB,Concussion,Questionable,Subscribers Only
Hassan Ridgeway,HOU,DT,Calf,IR,Subscribers Only
Curtis Riley,FA,S,Achilles,Questionable,Subscribers Only
Chauncey Rivers,FA,LB,Knee - ACL,Questionable,Subscribers Only
Tre Roberson,FA,CB,Concussion,Questionable,Subscribers Only
Aaron Robinson,NYG,CB,Knee - ACL + MCL,PUP-R,Subscribers Only
Allen Robinson,PIT,WR,Ankle,Questionable,Subscribers Only
Cam Robinson,JAX,OT,Suspension,Reserve-Sus,Subscribers Only
Rashard Robinson,FA,CB,Undisclosed,Questionable,Subscribers Only
Reggie Robinson,FA,CB,Undisclosed,Questionable,Subscribers Only
Aaron Rodgers,NYJ,QB,Achilles,IR,Subscribers Only
Bryce Rodgers,FA,DT,Undisclosed,Questionable,Subscribers Only
Isaiah Rodgers,PHI,CB,Suspension,Reserve-Sus,Subscribers Only
Richard Rodgers,FA,TE,Knee,Questionable,Subscribers Only
Chris Rodriguez,WAS,RB,Illness,Questionable,Subscribers Only
Armani Rogers,WAS,TE,Achilles,IR,Subscribers Only
Aldrick Rosas,FA,K,Undisclosed,Questionable,Subscribers Only
Daniel Ross,FA,DT,Undisclosed,Questionable,Subscribers Only
John Ross,FA,WR,Undisclosed,Reserve-Ret,Subscribers Only
Bunmi Rotimi,FA,DE,Foot,Questionable,Subscribers Only
Cesar Ruiz,NO,OG,Concussion,Questionable,Subscribers Only
Chapelle Russell,PIT,LB,Undisclosed,IR,Subscribers Only
Christian Sam,FA,LB,Undisclosed,Questionable,Subscribers Only
Deebo Samuel,SF,WR,Ribs,Questionable,Subscribers Only
Miles Sanders,CAR,RB,Groin,Questionable,Subscribers Only
Myjai Sanders,ARI,DE,Hand,IR,Subscribers Only
Eric Saubert,FA,TE,Undisclosed,Questionable,Subscribers Only
DJ Scaife,HOU,OT,Leg,IR,Subscribers Only
Sam Schlueter,FA,OT,Illness,Questionable,Subscribers Only
Michael Schofield,FA,OG,Knee,Questionable,Subscribers Only
Anthony Schwartz,FA,WR,Hamstring,Questionable,Subscribers Only
Wes Schweitzer,NYJ,C,Concussion,Questionable,Subscribers Only
Boston Scott,PHI,RB,Concussion,Questionable,Subscribers Only
Daniel Scott,IND,S,Knee - ACL,IR,Subscribers Only
Josiah Scott,FA,CB,Undisclosed,Out,Subscribers Only
Juice Scruggs,HOU,C,Hamstring,IR,Subscribers Only
Ricky Seals-Jones,FA,TE,Foot,Questionable,Subscribers Only
Adam Shaheen,FA,TE,Knee,Questionable,Subscribers Only
Liam Shanahan,FA,C,Undisclosed,Questionable,Subscribers Only
Tajae Sharpe,FA,WR,Undisclosed,Questionable,Subscribers Only
Brandon Shell,BUF,OT,Undisclosed,Reserve-Ret,Subscribers Only
Tyler Shelvin,FA,DT,Undisclosed,Questionable,Subscribers Only
Darrius Shepherd,FA,WR,Undisclosed,Questionable,Subscribers Only
A.Q. Shipley,FA,C,Neck,Questionable,Subscribers Only
Justin Shorter,BUF,WR,Hamstring,IR,Subscribers Only
Justin Simmons,DEN,S,Hip,Questionable,Subscribers Only
Lachavious Simmons,FA,OG,Undisclosed,Questionable,Subscribers Only
Dan Skipper,FA,OT,Hamstring,Questionable,Subscribers Only
Tuzar Skipper,FA,LB,Undisclosed,Questionable,Subscribers Only
Peter Skoronski,TEN,OG,Appendix,Questionable,Subscribers Only
Ben Skowronek,LAR,WR,Achilles,Questionable,Subscribers Only
Rashawn Slater,LAC,OT,Ankle,Questionable,Subscribers Only
Ryan Smenda,FA,LB,Undisclosed,Questionable,Subscribers Only
DeVonta Smith,PHI,WR,Illness,Questionable,Subscribers Only
Donovan Smith,KC,OT,Ribs,Questionable,Subscribers Only
Irv Smith,CIN,TE,Hamstring,Questionable,Subscribers Only
Kaden Smith,WAS,TE,Undisclosed,IR,Subscribers Only
Maurice Smith,FA,S,Undisclosed,Questionable,Subscribers Only
Ryan Smith,FA,CB,Suspension,Reserve-Sus,Subscribers Only
Saivion Smith,FA,S,Undisclosed,Questionable,Subscribers Only
Tre'Quan Smith,FA,WR,Groin,Questionable,Subscribers Only
Tyron Smith,DAL,OT,Knee,Questionable,Subscribers Only
Dawuane Smoot,JAX,DE,Achilles,PUP-R,Subscribers Only
Dylan Soehner,FA,TE,Undisclosed,Questionable,Subscribers Only
Sidy Sow,NE,OG,Concussion,Questionable,Subscribers Only
Baylon Spector,BUF,LB,Hamstring,IR,Subscribers Only
Diontae Spencer,FA,WR,Undisclosed,Questionable,Subscribers Only
Jeremy Sprinkle,FA,TE,Achilles,Questionable,Subscribers Only
DeAndre Square,FA,LB,Undisclosed,Questionable,Subscribers Only
Jayson Stanley,FA,CB,Knee,Questionable,Subscribers Only
Ronnie Stanley,BAL,OT,Knee,Questionable,Subscribers Only
John Stephens,DAL,TE,Knee - ACL,IR,Subscribers Only
Caden Sterns,DEN,S,Knee,IR,Subscribers Only
Marquez Stevenson,FA,WR,Undisclosed,Questionable,Subscribers Only
Tyarise Stevenson,FA,DT,Shoulder - AC Joint,Questionable,Subscribers Only
Darius Stills,FA,DT,Undisclosed,Questionable,Subscribers Only
Derek Stingley,HOU,CB,Hamstring,IR,Subscribers Only
Eric Stokes,GB,CB,Foot,PUP-R,Subscribers Only
Eli Stove,FA,WR,Knee - ACL,Questionable,Subscribers Only
Cole Strange,NE,OG,Knee,Questionable,Subscribers Only
Chris Streveler,FA,QB,Thumb,Questionable,Subscribers Only
Nate Sudfeld,DET,QB,Knee - ACL,IR,Subscribers Only
Stephen Sullivan,CAR,TE,Hip,IR,Subscribers Only
Nick Sundberg,FA,C,Elbow,Questionable,Subscribers Only
Jonathan Sutherland,FA,S,Calf,Questionable,Subscribers Only
Keaton Sutherland,FA,OG,Abdomen,Questionable,Subscribers Only
Jordan Swann,FA,CB,Undisclosed,Questionable,Subscribers Only
Tommy Sweeney,NYG,TE,Undisclosed,NFI-R,Subscribers Only
Donte Sylencieux,FA,WR,Undisclosed,Questionable,Subscribers Only
Teair Tart,TEN,DT,Knee,Questionable,Subscribers Only
Jonah Tavai,FA,DT,Undisclosed,Questionable,Subscribers Only
Calvin Taylor,FA,DE,Undisclosed,Questionable,Subscribers Only
Darrell Taylor,SEA,LB,Shin,Questionable,Subscribers Only
Demetrius Taylor,FA,DT,Suspension,Reserve-Sus,Subscribers Only
Jason Taylor,LAR,S,Groin,IR,Subscribers Only
Jonathan Taylor,IND,RB,Ankle,PUP-R,Subscribers Only
Leonard Taylor,JAX,TE,Undisclosed,IR,Subscribers Only
Vincent Taylor,FA,DT,Achilles,Questionable,Subscribers Only
Isaac Taylor-Stuart,FA,CB,Undisclosed,Out,Subscribers Only
Roderic Teamer,LV,S,Achilles,Questionable,Subscribers Only
Marvell Tell,FA,CB,Undisclosed,Questionable,Subscribers Only
Luke Tenuta,GB,OT,Ankle,IR,Subscribers Only
Sam Tevi,FA,OT,Knee - ACL,Questionable,Subscribers Only
Ambry Thomas,SF,CB,Knee,Questionable,Subscribers Only
Andrew Thomas,NYG,OT,Hamstring,Questionable,Subscribers Only
Isaiah Thomas,FA,DE,Knee,Doubtful,Subscribers Only
Logan Thomas,WAS,TE,Concussion,Questionable,Subscribers Only
Mike Thomas,FA,WR,Shoulder - Labrum,Questionable,Subscribers Only
Tavierre Thomas,HOU,CB,Hand,Questionable,Subscribers Only
Stantley Thomas-Oliver,FA,CB,Hamstring,Questionable,Subscribers Only
DeAndre Thompkins,FA,WR,Undisclosed,Questionable,Subscribers Only
Chris Thompson,FA,WR,Undisclosed,Questionable,Subscribers Only
Josh Thompson,FA,S,Undisclosed,Questionable,Subscribers Only
Shaq Thompson,CAR,LB,Lower Leg,IR,Subscribers Only
Tyquan Thornton,NE,WR,Shoulder,IR,Subscribers Only
Levine Toilolo,FA,TE,Achilles,Questionable,Subscribers Only
Zach Tom,GB,OT,Knee,Questionable,Subscribers Only
Kadarius Toney,KC,WR,Toe,Questionable,Subscribers Only
Shaka Toney,WAS,DE,Suspension,Reserve-Sus,Subscribers Only
Rashad Torrence,FA,S,Knee,Questionable,Subscribers Only
Andrew Trainer,LAC,OT,Undisclosed,IR,Subscribers Only
Cory Trice,PIT,CB,Knee - ACL,IR,Subscribers Only
Jacob Tuioti-Mariner,FA,LB,Knee,Questionable,Subscribers Only
Laremy Tunsil,HOU,OT,Knee,Questionable,Subscribers Only
DJ Turner,FA,WR,Undisclosed,Questionable,Subscribers Only
Malik Turner,FA,WR,Undisclosed,Questionable,Subscribers Only
Payton Turner,NO,DE,Toe,IR,Subscribers Only
Trai Turner,NO,OG,Quadriceps,IR,Subscribers Only
Michael Tutsie,FA,S,Undisclosed,Questionable,Subscribers Only
Olisaemeka Udoh,MIN,OT,Quadriceps,IR,Subscribers Only
John Ursua,FA,WR,Knee - ACL,Questionable,Subscribers Only
Eyioma Uwazurike,DEN,DT,Suspension,Reserve-Sus,Subscribers Only
AJ Uzodinma,LAC,CB,Undisclosed,IR,Subscribers Only
Halapoulivaati Vaitai,DET,OG,Knee,Out,Subscribers Only
Carrington Valentine,GB,CB,Biceps,Questionable,Subscribers Only
Zeke Vandenburgh,MIA,LB,Undisclosed,IR,Subscribers Only
Vita Vea,TB,DT,Pectoral,Questionable,Subscribers Only
Olivier Vernon,FA,DE,Achilles,Questionable,Subscribers Only
Jason Verrett,FA,CB,Achilles,Questionable,Subscribers Only
Jalen Virgil,DEN,WR,Knee - Meniscus,IR,Subscribers Only
Andrew Vorhees,BAL,OG,Knee - ACL,NFI-R,Subscribers Only
Dalton Wagner,LV,OT,Undisclosed,IR,Subscribers Only
Matt Waletzko,DAL,OT,Undisclosed,IR,Subscribers Only
Michael Walker,FA,WR,Undisclosed,Questionable,Subscribers Only
Tylan Wallace,BAL,WR,Hamstring,IR,Subscribers Only
Austin Walter,LV,RB,Undisclosed,IR,Subscribers Only
Prince Tega Wanogho,KC,OT,Quadriceps,IR,Subscribers Only
Jonathan Ward,FA,RB,Knee,Questionable,Subscribers Only
Carter Warren,NYJ,OT,Undisclosed,IR,Subscribers Only
Ar'Darius Washington,BAL,CB,Chest,IR,Subscribers Only
Darnell Washington,PIT,TE,Knee,Questionable,Subscribers Only
Keith Washington,FA,CB,Wrist,Questionable,Subscribers Only
Carlos Watkins,ARI,DT,Biceps,IR,Subscribers Only
Quez Watkins,PHI,WR,Hamstring,Questionable,Subscribers Only
Christian Watson,GB,WR,Hamstring,Questionable,Subscribers Only
Deshaun Watson,CLE,QB,Shoulder,Questionable,Subscribers Only
Jaylen Watson,KC,CB,Shoulder,Questionable,Subscribers Only
Armani Watts,FA,S,Ankle,Questionable,Subscribers Only
Sterling Weatherford,FA,LB,Undisclosed,Questionable,Subscribers Only
Stephen Weatherly,FA,DE,Knee,Questionable,Subscribers Only
Marcus Webb,FA,DE,Undisclosed,Questionable,Subscribers Only
Ken Webster,FA,CB,Undisclosed,Questionable,Subscribers Only
Josh Wells,FA,OT,Hip,Questionable,Subscribers Only
Barry Wesley,FA,OT,Undisclosed,Out,Subscribers Only
Isaiah Weston,FA,WR,Undisclosed,Reserve-Ret,Subscribers Only
Andrew Whitaker,SEA,CB,Knee,IR,Subscribers Only
Cody White,FA,WR,Undisclosed,Questionable,Subscribers Only
DeAndrew White,FA,WR,Undisclosed,Questionable,Subscribers Only
Devin White,TB,LB,Foot,Questionable,Subscribers Only
Drew White,WAS,LB,Knee,PUP-R,Subscribers Only
Javin White,FA,LB,Knee - ACL,Questionable,Subscribers Only
Kedrick Whitehead,FA,S,Undisclosed,Questionable,Subscribers Only
Avery Williams,ATL,RB,Knee - ACL,IR,Subscribers Only
Chad Williams,FA,WR,Undisclosed,Questionable,Subscribers Only
Connor Williams,MIA,C,Groin,Questionable,Subscribers Only
Damarion Williams,BAL,CB,Ankle,IR,Subscribers Only
Duke Williams,FA,WR,Hamstring,Questionable,Subscribers Only
Garrett Williams,ARI,CB,Knee - ACL,NFI-A,Subscribers Only
Jamaal Williams,NO,RB,Hamstring,IR,Subscribers Only
Jameson Williams,DET,WR,Suspension,Reserve-Sus,Subscribers Only
Jarren Williams,FA,CB,Lower Body,Questionable,Subscribers Only
Jonathan Williams,FA,RB,Undisclosed,Questionable,Subscribers Only
K'Waun Williams,DEN,CB,Ankle,IR,Subscribers Only
Mike Williams,LAC,WR,Knee - ACL,IR,Subscribers Only
Tyrell Williams,FA,WR,Concussion,Questionable,Subscribers Only
Chris Williamson,FA,CB,Undisclosed,Questionable,Subscribers Only
Marcus Willoughby,FA,DE,Undisclosed,Questionable,Subscribers Only
Jeff Wilson,MIA,RB,Ribs,IR,Subscribers Only
Tavon Wilson,FA,S,Foot,Questionable,Subscribers Only
Andrew Wingard,JAX,S,Shoulder,Questionable,Subscribers Only
Anthony Witherstone,FA,CB,Toe,Questionable,Subscribers Only
Jake Witt,IND,OT,Hip,IR,Subscribers Only
Samuel Womack,SF,CB,Knee,IR,Subscribers Only
Jelani Woods,IND,TE,Hamstring,IR,Subscribers Only
Josh Woods,ARI,LB,Ankle,Questionable,Subscribers Only
Michael Woods,CLE,WR,Achilles,NFI-R,Subscribers Only
Xavier Woods,CAR,S,Hamstring,Doubtful,Subscribers Only
Riq Woolen,SEA,CB,Chest,Questionable,Subscribers Only
Renell Wren,PIT,DT,Undisclosed,IR,Subscribers Only
Milton Wright,FA,WR,Undisclosed,Questionable,Subscribers Only
Nahshon Wright,DAL,CB,Ankle,IR,Subscribers Only
Kenny Yeboah,NYJ,TE,Hamstring,IR,Subscribers Only
Dareke Young,SEA,WR,Groin,IR,Subscribers Only
Tavon Young,FA,CB,Undisclosed,Questionable,Subscribers Only
Chandler Zavala,CAR,OG,Calf,Questionable,Subscribers Only
Kilian Zierer,HOU,OT,Ankle,IR,Subscribers Only
Justin Zimmer,FA,DT,Undisclosed,Questionable,Subscribers Only
Isaiah Zuber,FA,WR,Undisclosed,Questionable,Subscribers Only
Jabari Zuniga,NO,DE,Undisclosed,Reserve-Ret,Subscribers Only
Shane Zylstra,DET,TE,Knee,IR,Subscribers Only