Rank,Player ID,Player Name,Team,Opp,Position,Pass Yds,Pass TDs,Rush Yds,Rush TDs,Rec,Rec Yds,Rec TDs,Fum Lost,Pts
1,14783,"Hurts, Jalen",PHI,JAC,QB,252.0,1.3,31.0,1.2,0.0,0.0,0.0,0.3,24.7
2,15710,"Williams, Kyren",LAR,@SEA,RB,0.0,0.0,91.0,1.2,2.8,16.0,0.2,0.1,22.1
3,14832,"Lamb, CeeDee",DAL,@ATL,WR,0.0,0.0,5.0,0.1,7.2,94.0,0.6,0.1,21.0
4,13593,"Jackson, Lamar",BAL,DEN,QB,202.0,1.5,59.0,0.2,0.0,0.0,0.0,0.5,20.2
5,12620,"Prescott, Dak",DAL,@ATL,QB,282.0,1.9,9.0,0.1,0.0,0.0,0.0,0.1,19.6
6,13590,"Mayfield, Baker",TBB,@KCC,QB,237.0,2.0,16.0,0.1,0.0,0.0,0.0,0.1,19.0
7,14777,"Burrow, Joe",CIN,LVR,QB,255.0,1.8,13.0,0.1,0.0,0.0,0.0,0.1,18.9
8,16582,"Nix, Bo",DEN,@BAL,QB,222.0,1.4,25.0,0.4,0.0,0.0,0.0,0.1,18.8
9,13589,"Allen, Josh",BUF,MIA,QB,196.0,1.5,31.0,0.5,0.0,0.0,0.0,0.2,18.8
10,13116,"Mahomes, Patrick",KCC,TBB,QB,269.0,1.6,20.0,0.1,0.0,0.0,0.0,0.1,18.8
11,16161,"Robinson, Bijan",ATL,DAL,RB,0.0,0.0,72.0,0.4,4.1,33.0,0.2,0.0,18.4
12,13604,"Barkley, Saquon",PHI,JAC,RB,0.0,0.0,97.0,0.5,2.6,17.0,0.2,0.1,18.4
13,14836,"Jefferson, Justin",MIN,IND,WR,0.0,0.0,0.0,0.0,6.0,89.0,0.6,0.0,18.2
14,12626,"Henry, Derrick",BAL,DEN,RB,0.0,0.0,92.0,0.9,1.2,10.0,0.2,0.0,18.0
15,13132,"Kamara, Alvin",NOS,@CAR,RB,0.0,0.0,60.0,0.5,5.3,32.0,0.1,0.0,17.8
16,16167,"Achane, De'Von",MIA,@BUF,RB,0.0,0.0,68.0,0.4,3.7,30.0,0.3,0.1,17.6
17,16162,"Gibbs, Jahmyr",DET,@GBP,RB,0.0,0.0,73.0,0.8,2.8,20.0,0.1,0.1,17.6
18,14782,"Love, Jordan",GBP,DET,QB,219.0,1.9,13.0,0.2,0.0,0.0,0.0,0.1,17.6
19,16581,"Daniels, Jayden",WAS,@NYG,QB,209.0,0.9,37.0,0.4,0.0,0.0,0.0,0.1,17.5
20,14104,"Brown, A.J.",PHI,JAC,WR,0.0,0.0,0.0,0.0,5.8,87.0,0.5,0.1,17.4
21,10700,"Cousins, Kirk",ATL,DAL,QB,267.0,1.7,4.0,0.0,0.0,0.0,0.0,0.2,17.4
22,9064,"Flacco, Joe",IND,@MIN,QB,237.0,1.6,18.0,0.1,0.0,0.0,0.0,0.3,17.4
23,13131,"Mixon, Joe",HOU,@NYJ,RB,0.0,0.0,67.0,0.6,2.7,22.0,0.3,0.0,16.9
24,15287,"St. Brown, Amon-Ra",DET,@GBP,WR,0.0,0.0,1.0,0.0,6.2,71.0,0.6,0.0,16.8
25,14056,"Murray, Kyler",ARI,CHI,QB,184.0,1.1,41.0,0.3,0.0,0.0,0.0,0.3,16.8
26,15715,"Cook, James",BUF,MIA,RB,0.0,0.0,69.0,0.6,2.5,26.0,0.2,0.1,16.6
27,15711,"Walker III, Kenneth",SEA,LAR,RB,0.0,0.0,62.0,0.7,3.2,24.0,0.1,0.0,16.6
28,11150,"Smith, Geno",SEA,LAR,QB,254.0,1.2,18.0,0.1,0.0,0.0,0.0,0.1,16.5
29,15281,"Chase, Ja'Marr",CIN,LVR,WR,0.0,0.0,1.0,0.0,5.5,72.0,0.6,0.0,16.4
30,15237,"Lawrence, Trevor",JAC,@PHI,QB,226.0,1.3,18.0,0.2,0.0,0.0,0.0,0.3,16.4
31,16579,"Williams, Caleb",CHI,@ARI,QB,193.0,1.2,38.0,0.1,0.0,0.0,0.0,0.3,16.3
32,14779,"Herbert, Justin",LAC,@CLE,QB,240.0,1.2,15.0,0.1,0.0,0.0,0.0,0.2,16.3
33,15708,"Hall, Breece",NYJ,HOU,RB,0.0,0.0,56.0,0.3,4.1,36.0,0.2,0.1,16.1
34,11244,"Kelce, Travis",KCC,TBB,TE,0.0,0.0,0.0,0.0,7.1,67.0,0.4,0.0,16.1
35,14802,"Taylor, Jonathan",IND,@MIN,RB,0.0,0.0,75.0,0.8,2.1,15.0,0.1,0.1,15.9
36,14797,"Swift, D'Andre",CHI,@ARI,RB,0.0,0.0,72.0,0.6,2.8,25.0,0.0,0.0,15.8
37,12611,"Goff, Jared",DET,@GBP,QB,232.0,1.6,2.0,0.0,0.0,0.0,0.0,0.1,15.7
38,13146,"Conner, James",ARI,CHI,RB,0.0,0.0,75.0,0.5,2.4,19.0,0.1,0.1,15.6
39,16618,"Thomas Jr., Brian",JAC,@PHI,WR,0.0,0.0,1.0,0.0,4.1,68.0,0.7,0.0,15.4
40,16615,"Nabers, Malik",NYG,WAS,WR,0.0,0.0,0.0,0.0,5.8,66.0,0.4,0.0,15.0
41,16150,"Stroud, C.J.",HOU,@NYJ,QB,224.0,1.3,12.0,0.1,0.0,0.0,0.0,0.3,14.9
42,9431,"Stafford, Matthew",LAR,@SEA,QB,252.0,1.3,4.0,0.0,0.0,0.0,0.0,0.1,14.8
43,15261,"Hubbard, Chuba",CAR,NOS,RB,0.0,0.0,74.0,0.4,3.1,15.0,0.1,0.1,14.7
44,14085,"Pollard, Tony",TEN,NEP,RB,0.0,0.0,68.0,0.5,3.2,18.0,0.0,0.0,14.7
45,16211,"Nacua, Puka",LAR,@SEA,WR,0.0,0.0,3.0,0.0,5.5,74.0,0.2,0.0,14.6
46,16204,"Dell, Tank",HOU,@NYJ,WR,0.0,0.0,1.0,0.0,5.0,60.0,0.6,0.0,14.6
47,15282,"Smith, DeVonta",PHI,JAC,WR,0.0,0.0,0.0,0.0,5.2,68.0,0.4,0.0,14.5
48,13319,"Jones, Aaron",MIN,IND,RB,0.0,0.0,68.0,0.3,2.9,28.0,0.1,0.1,14.5
49,13592,"Darnold, Sam",MIN,IND,QB,193.0,1.5,12.0,0.0,0.0,0.0,0.0,0.3,14.4
50,13164,"Kupp, Cooper",LAR,@SEA,WR,0.0,0.0,2.0,0.0,5.5,65.0,0.3,0.0,14.4
51,13629,"Ridley, Calvin",TEN,NEP,WR,0.0,0.0,2.0,0.1,4.7,67.0,0.4,0.1,14.2
52,12801,"Hill, Tyreek",MIA,@BUF,WR,0.0,0.0,2.0,0.0,4.9,67.0,0.4,0.0,14.2
53,11675,"Adams, Davante",NYJ,HOU,WR,0.0,0.0,0.0,0.0,5.6,64.0,0.3,0.0,14.2
54,15754,"Olave, Chris",NOS,@CAR,WR,0.0,0.0,0.0,0.0,5.3,70.0,0.3,0.1,14.1
55,11644,"Carr, Derek",NOS,@CAR,QB,213.0,1.3,5.0,0.1,0.0,0.0,0.0,0.2,14.1
56,14071,"Montgomery, David",DET,@GBP,RB,0.0,0.0,58.0,0.8,1.7,15.0,0.0,0.1,14.0
57,13635,"Moore, D.J.",CHI,@ARI,WR,0.0,0.0,2.0,0.0,4.8,59.0,0.5,0.0,14.0
58,14778,"Tagovailoa, Tua",MIA,@BUF,QB,225.0,1.2,10.0,0.1,0.0,0.0,0.0,0.2,13.9
59,16747,"Tracy, Tyrone",NYG,WAS,RB,0.0,0.0,65.0,0.4,2.7,17.0,0.1,0.2,13.8
60,14842,"Pittman, Michael",IND,@MIN,WR,0.0,0.0,1.0,0.0,5.7,61.0,0.3,0.0,13.8
61,15259,"Stevenson, Rhamondre",NEP,@TEN,RB,0.0,0.0,57.0,0.5,3.4,17.0,0.0,0.2,13.7
62,16181,"Brown, Chase",CIN,LVR,RB,0.0,0.0,49.0,0.6,2.6,14.0,0.2,0.0,13.5
63,15751,"London, Drake",ATL,DAL,WR,0.0,0.0,0.0,0.0,5.1,61.0,0.4,0.1,13.4
64,16187,"Downs, Josh",IND,@MIN,WR,0.0,0.0,1.0,0.0,5.2,59.0,0.4,0.0,13.3
65,13630,"Sutton, Courtland",DEN,@BAL,WR,0.0,0.0,0.0,0.0,4.7,60.0,0.5,0.1,13.3
66,16614,"Harrison Jr., Marvin",ARI,CHI,WR,0.0,0.0,0.0,0.0,4.2,60.0,0.5,0.0,13.2
67,16627,"McConkey, Ladd",LAC,@CLE,WR,0.0,0.0,2.0,0.0,4.5,55.0,0.5,0.0,13.0
68,14109,"McLaurin, Terry",WAS,@NYG,WR,0.0,0.0,0.0,0.0,4.5,63.0,0.4,0.1,13.0
69,11232,"Hopkins, DeAndre",KCC,TBB,WR,0.0,0.0,1.0,0.1,4.1,54.0,0.5,0.0,12.8
70,14127,"Meyers, Jakobi",LVR,@CIN,WR,0.0,0.0,2.0,0.1,4.4,50.0,0.4,0.0,12.7
71,15753,"Wilson, Garrett",NYJ,HOU,WR,0.0,0.0,0.1,0.0,5.3,65.0,0.1,0.1,12.6
72,15721,"White, Rachaad",TBB,@KCC,RB,0.0,0.0,38.0,0.1,3.3,30.0,0.3,0.2,12.6
73,14800,"Dobbins, J.K.",LAC,@CLE,RB,0.0,0.0,59.0,0.5,2.6,14.0,0.0,0.1,12.6
74,14073,"Jacobs, Josh",GBP,DET,RB,0.0,0.0,69.0,0.3,2.0,14.0,0.1,0.1,12.6
75,14059,"Jones, Daniel",NYG,WAS,QB,182.0,0.6,31.0,0.1,0.0,0.0,0.0,0.1,12.6
76,16190,"Flowers, Zay",BAL,DEN,WR,0.0,0.0,4.0,0.0,4.8,61.0,0.2,0.0,12.5
77,13138,"Hunt, Kareem",KCC,TBB,RB,0.0,0.0,56.0,0.7,1.5,10.0,0.0,0.0,12.5
78,7836,"Rodgers, Aaron",NYJ,HOU,QB,201.0,1.1,7.0,0.0,0.0,0.0,0.0,0.1,12.5
79,16641,"Bowers, Brock",LVR,@CIN,TE,0.0,0.0,1.0,0.0,5.6,59.0,0.1,0.0,12.4
80,16185,"Smith-Njigba, Jaxon",SEA,LAR,WR,0.0,0.0,0.0,0.0,5.0,52.0,0.4,0.0,12.4
81,16184,"Reed, Jayden",GBP,DET,WR,0.0,0.0,7.0,0.1,3.7,52.0,0.4,0.0,12.4
82,16628,"McMillan, Jalen",TBB,@KCC,WR,0.0,0.0,1.0,0.0,3.7,47.0,0.6,0.0,12.1
83,15716,"Robinson, Brian",WAS,@NYG,RB,0.0,0.0,55.0,0.5,1.7,16.0,0.1,0.1,12.1
84,12140,"Winston, Jameis",CLE,LAC,QB,160.0,1.1,14.0,0.1,0.0,0.0,0.0,0.4,12.1
85,14067,"Minshew, Gardner",LVR,@CIN,QB,210.0,0.9,4.0,0.0,0.0,0.0,0.0,0.3,12.0
86,16580,"Maye, Drake",NEP,@TEN,QB,158.0,1.0,18.0,0.1,0.0,0.0,0.0,0.2,11.9
87,16214,"LaPorta, Sam",DET,@GBP,TE,0.0,0.0,0.0,0.0,4.3,49.0,0.4,0.0,11.9
88,16639,"Legette, Xavier",CAR,NOS,WR,0.0,0.0,1.0,0.0,4.2,46.0,0.5,0.0,11.8
89,15802,"Otton, Cade",TBB,@KCC,TE,0.0,0.0,-0.2,0.0,5.0,50.0,0.3,0.1,11.8
90,15794,"McBride, Trey",ARI,CHI,TE,0.0,0.0,0.0,0.0,5.4,57.0,0.1,0.0,11.6
91,16148,"Young, Bryce",CAR,NOS,QB,180.0,1.0,11.0,0.1,0.0,0.0,0.0,0.1,11.5
92,15329,"Pitts, Kyle",ATL,DAL,TE,0.0,0.0,-0.1,0.0,4.0,55.0,0.3,0.0,11.5
93,15253,"Etienne, Travis",JAC,@PHI,RB,0.0,0.0,42.0,0.5,2.5,18.0,0.0,0.1,11.4
94,13610,"Chubb, Nick",CLE,LAC,RB,0.0,0.0,58.0,0.3,2.1,14.0,0.1,0.0,11.4
95,10313,"Dalton, Andy",CAR,NOS,QB,181.0,1.0,10.0,0.1,0.0,0.0,0.0,0.1,11.4
96,16598,"Irving, Bucky",TBB,@KCC,RB,0.0,0.0,51.0,0.3,2.5,20.0,0.0,0.1,11.3
97,14223,"Mattison, Alexander",LVR,@CIN,RB,0.0,0.0,42.0,0.3,2.5,21.0,0.1,0.0,11.3
98,15256,"Williams, Javonte",DEN,@BAL,RB,0.0,0.0,46.0,0.2,3.1,18.0,0.1,0.2,11.2
99,14867,"Kmet, Cole",CHI,@ARI,TE,0.0,0.0,0.0,0.0,4.1,45.0,0.4,0.0,11.2
100,15319,"Palmer, Joshua",LAC,@CLE,WR,0.0,0.0,0.0,0.0,4.1,58.0,0.2,0.0,11.1
101,14823,"Dowdle, Rico",DAL,@ATL,RB,0.0,0.0,42.0,0.2,2.4,19.0,0.2,0.0,11.1
102,16149,"Levis, Will",TEN,NEP,QB,170.0,0.8,15.0,0.1,0.0,0.0,0.0,0.5,10.9
103,15761,"Shakir, Khalil",BUF,MIA,WR,0.0,0.0,1.0,0.0,4.3,54.0,0.2,0.0,10.9
104,13404,"Ekeler, Austin",WAS,@NYG,RB,0.0,0.0,40.0,0.2,2.8,26.0,0.0,0.1,10.9
105,16186,"Addison, Jordan",MIN,IND,WR,0.0,0.0,1.0,0.1,3.3,46.0,0.4,0.0,10.8
106,14138,"Hockenson, T.J.",MIN,IND,TE,0.0,0.0,0.0,0.0,4.3,40.0,0.4,0.1,10.7
107,13671,"Andrews, Mark",BAL,DEN,TE,0.0,0.0,0.0,0.0,3.4,41.0,0.5,0.0,10.6
108,14974,"Mooney, Darnell",ATL,DAL,WR,0.0,0.0,0.1,0.0,3.6,50.0,0.3,0.0,10.5
109,13189,"Engram, Evan",JAC,@PHI,TE,0.0,0.0,0.0,0.0,4.8,43.0,0.2,0.1,10.5
110,16287,"Tucker, Tre",LVR,@CIN,WR,0.0,0.0,4.0,0.1,3.4,45.0,0.3,0.0,10.2
111,15799,"Ferguson, Jake",DAL,@ATL,TE,0.0,0.0,0.0,0.0,4.8,44.0,0.1,0.0,10.1
112,15284,"Waddle, Jaylen",MIA,@BUF,WR,0.0,0.0,1.0,0.0,3.8,53.0,0.2,0.0,10.1
113,12447,"Mostert, Raheem",MIA,@BUF,RB,0.0,0.0,41.0,0.6,1.3,8.0,0.0,0.1,10.1
114,15789,"Watson, Christian",GBP,DET,WR,0.0,0.0,2.0,0.0,2.9,43.0,0.4,0.0,10.0
115,15779,"Doubs, Romeo",GBP,DET,WR,0.0,0.0,0.0,0.0,3.5,45.0,0.3,0.0,9.9
116,13192,"Njoku, David",CLE,LAC,TE,0.0,0.0,0.0,0.0,4.1,40.0,0.3,0.1,9.8
117,16620,"Worthy, Xavier",KCC,TBB,WR,0.0,0.0,4.0,0.2,3.0,35.0,0.3,0.0,9.7
118,15712,"Allgeier, Tyler",ATL,DAL,RB,0.0,0.0,54.0,0.2,1.2,11.0,0.0,0.0,9.5
119,15757,"Robinson, Wan'Dale",NYG,WAS,WR,0.0,0.0,2.0,0.0,4.6,35.0,0.2,0.0,9.4
120,16206,"Wilson, Michael",ARI,CHI,WR,0.0,0.0,2.0,0.0,3.5,40.0,0.3,0.1,9.3
121,12187,"Lockett, Tyler",SEA,LAR,WR,0.0,0.0,0.0,0.0,3.9,46.0,0.1,0.0,9.3
122,14845,"Davis, Gabriel",JAC,@PHI,WR,0.0,0.0,0.0,0.0,3.0,47.0,0.2,0.0,9.2
123,14833,"Jeudy, Jerry",CLE,LAC,WR,0.0,0.0,0.0,0.0,3.1,47.0,0.2,0.0,9.2
124,16201,"Hutchinson, Xavier",HOU,@NYJ,WR,0.0,0.0,0.0,0.1,4.0,40.0,0.1,0.0,9.1
125,15788,"Tolbert, Jalen",DAL,@ATL,WR,0.0,0.0,1.0,0.0,3.2,40.0,0.3,0.0,9.1
126,12175,"Cooper, Amari",BUF,MIA,WR,0.0,0.0,0.0,0.0,3.0,41.0,0.3,0.0,9.1
127,16188,"Johnston, Quentin",LAC,@CLE,WR,0.0,0.0,1.0,0.0,3.5,43.0,0.2,0.0,8.8
128,15804,"Calcaterra, Grant",PHI,JAC,TE,0.0,0.0,0.0,0.0,3.8,46.0,0.1,0.0,8.8
129,15768,"Pierce, Alec",IND,@MIN,WR,0.0,0.0,0.0,0.0,2.4,47.0,0.3,0.0,8.8
130,14835,"Higgins, Tee",CIN,LVR,WR,0.0,0.0,0.0,0.0,3.0,40.0,0.3,0.0,8.7
131,13066,"Raymond, Kalif",DET,@GBP,WR,0.0,0.0,2.0,0.0,3.0,41.0,0.2,0.0,8.7
132,11247,"Ertz, Zach",WAS,@NYG,TE,0.0,0.0,0.0,0.0,3.8,40.0,0.1,0.0,8.7
133,12676,"Henry, Hunter",NEP,@TEN,TE,0.0,0.0,0.0,0.0,3.5,38.0,0.2,0.0,8.6
134,16213,"Kincaid, Dalton",BUF,MIA,TE,0.0,0.0,0.0,0.0,3.6,37.0,0.2,0.0,8.4
135,16169,"Charbonnet, Zach",SEA,LAR,RB,0.0,0.0,25.0,0.2,2.4,17.0,0.1,0.0,8.2
136,14080,"Singletary, Devin",NYG,WAS,RB,0.0,0.0,37.0,0.2,2.0,14.0,0.0,0.1,8.2
137,12658,"Shepard, Sterling",TBB,@KCC,WR,0.0,0.0,3.0,0.0,3.0,33.0,0.2,0.0,8.1
138,16175,"Johnson, Roschon",CHI,@ARI,RB,0.0,0.0,24.0,0.5,1.6,12.0,0.0,0.0,8.0
139,15995,"Turner, DJ",LVR,@CIN,WR,0.0,0.0,4.0,0.1,3.0,30.0,0.1,0.0,7.9
140,16342,"Douglas, Demario",NEP,@TEN,WR,0.0,0.0,2.0,0.0,3.5,35.0,0.1,0.0,7.8
141,15713,"Ford, Jerome",CLE,LAC,RB,0.0,0.0,33.0,0.2,2.1,11.0,0.0,0.0,7.8
142,15301,"Atwell, Tutu",LAR,@SEA,WR,0.0,0.0,1.0,0.0,3.0,36.0,0.1,0.0,7.8
143,14122,"Slayton, Darius",NYG,WAS,WR,0.0,0.0,0.0,0.0,2.8,42.0,0.1,0.0,7.8
144,12785,"Robinson, Demarcus",LAR,@SEA,WR,0.0,0.0,0.0,0.0,2.1,32.0,0.4,0.0,7.8
145,11222,"Allen, Keenan",CHI,@ARI,WR,0.0,0.0,0.0,0.0,3.5,35.0,0.1,0.0,7.8
146,16222,"Kraft, Tucker",GBP,DET,TE,0.0,0.0,0.0,0.0,2.3,31.0,0.4,0.1,7.7
147,14861,"Johnson, Juwan",NOS,@CAR,TE,0.0,0.0,1.0,0.0,2.9,31.0,0.3,0.0,7.7
148,13348,"Moore, David",CAR,NOS,WR,0.0,0.0,0.0,0.0,2.9,31.0,0.3,0.0,7.7
149,16164,"Bigsby, Tank",JAC,@PHI,RB,0.0,0.0,50.0,0.3,0.4,3.0,0.0,0.0,7.6
150,14118,"Humphrey, Lil'Jordan",DEN,@BAL,WR,0.0,0.0,0.0,0.0,3.3,38.0,0.1,0.1,7.6
151,15798,"Likely, Isaiah",BAL,DEN,TE,0.0,0.0,0.0,0.0,2.5,29.0,0.3,0.0,7.4
152,13193,"Smith, Jonnu",MIA,@BUF,TE,0.0,0.0,-0.1,0.0,3.2,33.0,0.1,0.0,7.3
153,12625,"Elliott, Ezekiel",DAL,@ATL,RB,0.0,0.0,28.0,0.2,1.7,12.0,0.1,0.0,7.3
154,13772,"Schultz, Dalton",HOU,@NYJ,TE,0.0,0.0,0.0,0.0,3.1,32.0,0.1,0.0,7.2
155,14239,"Moreau, Foster",NOS,@CAR,TE,0.0,0.0,1.0,0.0,2.2,30.0,0.3,0.0,7.1
156,16195,"Wicks, Dontayvion",GBP,DET,WR,0.0,0.0,0.0,0.0,2.1,28.0,0.3,0.0,7.0
157,14086,"Hill, Justice",BAL,DEN,RB,0.0,0.0,17.0,0.1,2.1,19.0,0.1,0.0,7.0
158,16617,"Coleman, Keon",BUF,MIA,WR,0.0,0.0,0.1,0.0,2.3,33.0,0.2,0.0,6.9
159,14798,"Moss, Zack",CIN,LVR,RB,0.0,0.0,21.0,0.1,1.9,15.0,0.1,0.1,6.9
160,13675,"Conklin, Tyler",NYJ,HOU,TE,0.0,0.0,0.0,0.0,3.2,30.0,0.1,0.0,6.9
161,16191,"Tillman, Cedric",CLE,LAC,WR,0.0,0.0,0.1,0.0,3.1,31.0,0.1,0.0,6.8
162,15786,"Nailor, Jalen",MIN,IND,WR,0.0,0.0,0.0,0.0,2.0,31.0,0.3,0.0,6.8
163,13994,"Brown, Pharaoh",SEA,LAR,TE,0.0,0.0,0.0,0.0,2.8,33.0,0.1,0.0,6.8
164,16603,"Davis, Ray",BUF,MIA,RB,0.0,0.0,30.0,0.3,1.1,10.0,0.0,0.0,6.7
165,16390,"McLaughlin, Jaleel",DEN,@BAL,RB,0.0,0.0,24.0,0.1,1.8,8.0,0.2,0.1,6.7
166,14208,"Johnson, Diontae",BAL,DEN,WR,0.0,0.0,0.0,0.0,2.4,33.0,0.2,0.0,6.7
167,12650,"Boyd, Tyler",TEN,NEP,WR,0.0,0.0,0.0,0.0,2.8,33.0,0.1,0.0,6.7
168,15293,"Bateman, Rashod",BAL,DEN,WR,0.0,0.0,0.0,0.0,2.4,31.0,0.2,0.0,6.5
169,16858,"Tipton, Mason",NOS,@CAR,WR,0.0,0.0,0.0,0.0,2.9,29.0,0.1,0.0,6.4
170,15292,"Brown, Dyami",WAS,@NYG,WR,0.0,0.0,0.0,0.0,2.4,29.0,0.2,0.0,6.3
171,14852,"Gibson, Antonio",NEP,@TEN,RB,0.0,0.0,26.0,0.1,1.7,16.0,0.0,0.0,6.3
172,15889,"Okonkwo, Chigoziem",TEN,NEP,TE,0.0,0.0,0.0,0.0,2.9,26.0,0.1,0.1,6.2
173,14871,"Parkinson, Colby",LAR,@SEA,TE,0.0,0.0,0.0,0.0,2.9,27.0,0.1,0.0,6.0
174,13680,"Hurst, Hayden",LAC,@CLE,TE,0.0,0.0,0.0,0.0,2.8,28.0,0.1,0.0,6.0
175,13172,"Brown, Noah",WAS,@NYG,WR,0.0,0.0,0.0,0.0,2.0,31.0,0.2,0.0,6.0
176,16207,"Iosivas, Andrei",CIN,LVR,WR,0.0,0.0,0.1,0.0,1.8,23.0,0.3,0.0,5.9
177,16199,"Palmer, Trey",TBB,@KCC,WR,0.0,0.0,1.0,0.0,2.2,24.0,0.2,0.0,5.9
178,15965,"Chestnut, Julius",TEN,NEP,RB,0.0,0.0,25.0,0.1,1.8,11.0,0.0,0.0,5.9
179,15723,"Chandler, Ty",MIN,IND,RB,0.0,0.0,29.0,0.1,1.4,9.0,0.0,0.0,5.9
180,15288,"Moore, Elijah",CLE,LAC,WR,0.0,0.0,0.0,0.0,3.0,27.0,0.1,0.0,5.9
181,13672,"Gesicki, Mike",CIN,LVR,TE,0.0,0.0,0.0,0.0,2.9,27.0,0.1,0.1,5.9
182,12678,"Higbee, Tyler",LAR,@SEA,TE,0.0,0.0,0.0,0.0,2.7,26.0,0.1,0.0,5.9
183,15271,"Herbert, Khalil",CHI,@ARI,RB,0.0,0.0,30.0,0.2,1.0,5.0,0.0,0.0,5.7
184,13418,"Bourne, Kendrick",NEP,@TEN,WR,0.0,0.0,1.0,0.0,2.2,26.0,0.1,0.0,5.7
185,16649,"Johnson, Theo",NYG,WAS,TE,0.0,0.0,0.0,0.0,2.6,28.0,0.0,0.0,5.6
186,16616,"Odunze, Rome",CHI,@ARI,WR,0.0,0.0,2.0,0.0,2.2,28.0,0.1,0.0,5.6
187,16619,"Franklin, Troy",DEN,@BAL,WR,0.0,0.0,1.0,0.0,2.3,24.0,0.1,0.1,5.5
188,15337,"Gray, Noah",KCC,TBB,TE,0.0,0.0,0.1,0.0,2.4,27.0,0.1,0.0,5.5
189,15255,"Gainwell, Kenneth",PHI,JAC,RB,0.0,0.0,25.0,0.1,1.5,10.0,0.0,0.0,5.4
190,14108,"Dortch, Greg",ARI,CHI,WR,0.0,0.0,1.0,0.0,2.2,22.0,0.2,0.1,5.4
191,13776,"Watson, Justin",KCC,TBB,WR,0.0,0.0,1.0,0.0,2.0,26.0,0.1,0.0,5.4
192,16596,"Allen, Braelon",NYJ,HOU,RB,0.0,0.0,20.0,0.2,1.2,9.0,0.1,0.0,5.3
193,13763,"Dissly, Will",LAC,@CLE,TE,0.0,0.0,0.0,0.0,2.6,25.0,0.0,0.0,5.3
194,13641,"McCloud, Ray-Ray",ATL,DAL,WR,0.0,0.0,3.0,0.0,2.6,24.0,0.0,0.1,5.3
195,11938,"Thielen, Adam",CAR,NOS,WR,0.0,0.0,0.1,0.0,2.5,25.0,0.1,0.0,5.3
196,16809,"Coker, Jalen",CAR,NOS,WR,0.0,0.0,2.0,0.0,2.1,25.0,0.1,0.1,5.2
197,16393,"Bobo, Jake",SEA,LAR,WR,0.0,0.0,0.0,0.0,2.4,25.0,0.1,0.1,5.2
198,14079,"Sanders, Miles",CAR,NOS,RB,0.0,0.0,22.0,0.1,1.6,9.0,0.0,0.0,5.2
199,11228,"Woods, Robert",HOU,@NYJ,WR,0.0,0.0,2.0,0.0,2.5,22.0,0.1,0.0,5.2
200,16192,"Washington, Parker",JAC,@PHI,WR,0.0,0.0,0.0,0.0,2.3,24.0,0.1,0.1,5.1
201,15730,"Goodson, Tyler",IND,@MIN,RB,0.0,0.0,21.0,0.1,1.3,10.0,0.0,0.0,5.1
202,13133,"Perine, Samaje",KCC,TBB,RB,0.0,0.0,9.0,0.1,1.6,17.0,0.0,0.0,5.0
203,15714,"White, Zamir",LVR,@CIN,RB,0.0,0.0,30.0,0.0,1.1,8.0,0.0,0.2,4.9
204,14870,"Trautman, Adam",DEN,@BAL,TE,0.0,0.0,0.0,0.0,1.6,20.0,0.2,0.0,4.9
205,16586,"Rattler, Spencer",NOS,@CAR,QB,100.0,0.0,11.0,0.0,0.0,0.0,0.0,0.3,4.8
206,15109,"Westbrook-Ikhine, Nick",TEN,NEP,WR,0.0,0.0,1.0,0.0,1.6,18.0,0.2,0.0,4.8
207,16152,"Richardson, Anthony",IND,@MIN,QB,61.0,0.2,11.0,0.1,0.0,0.0,0.0,0.1,4.7
208,16597,"Brooks, Jonathon",CAR,NOS,RB,0.0,0.0,21.0,0.1,1.3,8.0,0.0,0.0,4.6
209,13940,"Mundt, Johnny",MIN,IND,TE,0.0,0.0,0.0,0.0,2.1,16.0,0.1,0.0,4.5
210,16432,"Wilson, Emanuel",GBP,DET,RB,0.0,0.0,22.0,0.0,1.0,7.0,0.1,0.0,4.4
211,14551,"Irwin, Trenton",CIN,LVR,WR,0.0,0.0,0.0,0.0,1.7,21.0,0.1,0.0,4.4
212,12141,"Mariota, Marcus",WAS,@NYG,QB,48.0,0.4,8.0,0.0,0.0,0.0,0.0,0.0,4.4
213,16333,"Higgins, Elijah",ARI,CHI,TE,0.0,0.0,0.0,0.0,1.5,15.0,0.2,0.0,4.3
214,16269,"Strange, Brenton",JAC,@PHI,TE,0.0,0.0,0.0,0.0,1.7,19.0,0.1,0.0,4.3
215,15419,"Granson, Kylen",IND,@MIN,TE,0.0,0.0,0.1,0.0,1.3,19.0,0.2,0.0,4.3
216,14095,"Johnson, Ty",BUF,MIA,RB,0.0,0.0,10.0,0.1,0.7,8.0,0.2,0.0,4.3
217,12616,"Brissett, Jacoby",NEP,@TEN,QB,66.0,0.2,5.0,0.0,0.0,0.0,0.0,0.0,4.3
218,12181,"Agholor, Nelson",BAL,DEN,WR,0.0,0.0,0.0,0.0,1.4,19.0,0.2,0.0,4.3
219,16364,"Brooks, Jalen",DAL,@ATL,WR,0.0,0.0,1.0,0.0,1.7,23.0,0.1,0.1,4.2
220,16166,"Tucker, Sean",TBB,@KCC,RB,0.0,0.0,16.0,0.1,0.7,9.0,0.1,0.0,4.2
221,14358,"Browning, Jake",CIN,LVR,QB,54.0,0.3,3.0,0.1,0.0,0.0,0.0,0.0,4.2
222,13963,"Hodge, KhaDarel",ATL,DAL,WR,0.0,0.0,0.0,0.0,1.2,23.0,0.1,0.0,4.2
223,16385,"Demercado, Emari",ARI,CHI,RB,0.0,0.0,18.0,0.0,1.3,8.0,0.0,0.0,4.1
224,14143,"Knox, Dawson",BUF,MIA,TE,0.0,0.0,0.0,0.0,1.4,16.0,0.2,0.0,4.1
225,13148,"Ogunbowale, Dare",HOU,@NYJ,RB,0.0,0.0,10.0,0.1,1.1,10.0,0.1,0.0,4.1
226,16197,"Mingo, Jonathan",CAR,NOS,WR,0.0,0.0,0.0,0.0,2.1,19.0,0.0,0.1,4.0
227,14209,"Oliver, Josh",MIN,IND,TE,0.0,0.0,0.0,0.0,1.8,17.0,0.1,0.0,4.0
228,13652,"Wilson, Cedrick",NOS,@CAR,WR,0.0,0.0,0.0,0.0,1.6,17.0,0.1,0.0,3.9
229,16635,"McCaffrey, Luke",WAS,@NYG,WR,0.0,0.0,0.0,0.0,1.9,18.0,0.0,0.0,3.8
230,15795,"Kolar, Charlie",BAL,DEN,TE,0.0,0.0,0.0,0.0,1.1,18.0,0.1,0.0,3.8
231,13753,"Akins, Jordan",CLE,LAC,TE,0.0,0.0,0.0,0.0,1.6,16.0,0.1,0.0,3.8
232,16788,"Vele, Devaughn",DEN,@BAL,WR,0.0,0.0,0.0,0.0,1.6,21.0,0.0,0.0,3.7
233,14370,"Hudson, Tanner",CIN,LVR,TE,0.0,0.0,0.0,0.0,2.0,17.0,0.0,0.0,3.7
234,13246,"Alie-Cox, Mo",IND,@MIN,TE,0.0,0.0,0.0,0.0,1.1,15.0,0.2,0.0,3.7
235,13176,"Jones, Zay",ARI,CHI,WR,0.0,0.0,0.0,0.0,1.9,15.0,0.1,0.0,3.7
236,16757,"Vidal, Kimani",LAC,@CLE,RB,0.0,0.0,16.0,0.0,0.6,7.0,0.1,0.0,3.6
237,16645,"All, Erick",CIN,LVR,TE,0.0,0.0,0.0,0.0,2.1,16.0,0.0,0.1,3.6
238,14592,"Zaccheaus, Olamide",WAS,@NYG,WR,0.0,0.0,0.0,0.0,1.8,16.0,0.0,0.0,3.6
239,16312,"Whyle, Josh",TEN,NEP,TE,0.0,0.0,0.0,0.0,1.7,17.0,0.0,0.0,3.5
240,16178,"Mitchell, Keaton",BAL,DEN,RB,0.0,0.0,17.0,0.1,0.4,6.0,0.0,0.0,3.5
241,15257,"Sermon, Trey",IND,@MIN,RB,0.0,0.0,19.0,0.1,0.6,4.0,0.0,0.0,3.5
242,12677,"Hooper, Austin",NEP,@TEN,TE,0.0,0.0,0.0,0.0,1.7,15.0,0.1,0.1,3.5
243,15626,"Wright, Brock",DET,@GBP,TE,0.0,0.0,0.0,0.0,1.5,11.0,0.1,0.0,3.4
244,14977,"Osborn, K.J.",NEP,@TEN,WR,0.0,0.0,0.0,0.0,1.3,12.0,0.1,0.0,3.4
245,14799,"Akers, Cam",MIN,IND,RB,0.0,0.0,14.0,0.1,0.7,4.0,0.1,0.1,3.3
246,13678,"Thomas, Ian",CAR,NOS,TE,0.0,0.0,0.0,0.0,1.8,13.0,0.0,0.0,3.3
247,16626,"Mitchell, Adonai",IND,@MIN,WR,0.0,0.0,1.0,0.0,1.5,16.0,0.0,0.0,3.2
248,16604,"Lloyd, MarShawn",GBP,DET,RB,0.0,0.0,20.0,0.0,0.7,3.0,0.0,0.0,3.2
249,16593,"Corum, Blake",LAR,@SEA,RB,0.0,0.0,21.0,0.1,0.4,3.0,0.0,0.0,3.2
250,13139,"Williams, Jamaal",NOS,@CAR,RB,0.0,0.0,15.0,0.1,0.8,4.0,0.0,0.0,3.2
251,16723,"Barner, AJ",SEA,LAR,TE,0.0,0.0,0.0,0.0,1.6,14.0,0.0,0.0,3.1
252,16391,"Luepke, Hunter",DAL,@ATL,RB,0.0,0.0,1.0,0.2,0.6,12.0,0.0,0.0,3.1
253,16212,"Mayer, Michael",LVR,@CIN,TE,0.0,0.0,0.0,0.0,1.5,14.0,0.0,0.0,3.1
254,15981,"Turpin, KaVontae",DAL,@ATL,WR,0.0,0.0,4.0,0.0,1.0,9.0,0.1,0.1,3.1
255,15873,"Bellinger, Daniel",NYG,WAS,TE,0.0,0.0,0.0,0.0,1.5,17.0,0.0,0.0,3.1
256,15759,"Metchie, John",HOU,@NYJ,WR,0.0,0.0,0.0,0.0,1.5,15.0,0.0,0.0,3.1
257,15755,"Dotson, Jahan",PHI,JAC,WR,0.0,0.0,1.0,0.0,1.4,12.0,0.1,0.0,3.1
258,15693,"Howell, Sam",SEA,LAR,QB,42.0,0.2,3.0,0.1,0.0,0.0,0.0,0.0,3.1
259,14864,"Johnson, Tyler",LAR,@SEA,WR,0.0,0.0,0.0,0.0,1.4,14.0,0.0,0.0,3.1
260,13377,"Patrick, Tim",DET,@GBP,WR,0.0,0.0,0.0,0.0,1.2,18.0,0.0,0.0,3.1
261,11679,"Beckham, Odell",MIA,@BUF,WR,0.0,0.0,0.0,0.0,1.1,17.0,0.1,0.0,3.1
262,15332,"Tremble, Tommy",CAR,NOS,TE,0.0,0.0,0.0,0.0,1.5,11.0,0.1,0.1,3.0
263,14803,"Edwards-Helaire, Clyde",KCC,TBB,RB,0.0,0.0,10.0,0.0,0.9,10.0,0.0,0.0,3.0
264,13289,"Hollins, Mack",BUF,MIA,WR,0.0,0.0,0.0,0.0,0.9,10.0,0.2,0.0,3.0
265,10413,"Taylor, Tyrod",NYJ,HOU,QB,31.0,0.3,7.0,0.0,0.0,0.0,0.0,0.0,3.0
266,12155,"Abdullah, Ameer",LVR,@CIN,RB,0.0,0.0,7.0,0.0,1.4,9.0,0.0,0.1,2.9
267,16193,"Boutte, Kayshon",NEP,@TEN,WR,0.0,0.0,0.0,0.0,1.1,16.0,0.0,0.0,2.8
268,12680,"Vannett, Nick",TEN,NEP,TE,0.0,0.0,0.0,0.0,1.2,7.0,0.1,0.0,2.8
269,15796,"Ruckert, Jeremy",NYJ,HOU,TE,0.0,0.0,0.0,0.0,1.6,11.0,0.0,0.0,2.7
270,14821,"Hasty, JaMycal",NEP,@TEN,RB,0.0,0.0,4.0,0.0,0.8,7.0,0.1,0.0,2.7
271,14146,"Sample, Drew",CIN,LVR,TE,0.0,0.0,0.0,0.0,1.3,11.0,0.1,0.0,2.7
272,14017,"Wilson, Jeffery",MIA,@BUF,RB,0.0,0.0,15.0,0.0,0.8,5.0,0.0,0.1,2.7
273,13668,"Chark, D.J.",LAC,@CLE,WR,0.0,0.0,1.0,0.0,1.1,15.0,0.0,0.2,2.7
274,13157,"Samuel, Curtis",BUF,MIA,WR,0.0,0.0,1.0,0.0,1.3,12.0,0.0,0.0,2.7
275,13134,"Foreman, D'Onta",CLE,LAC,RB,0.0,0.0,17.0,0.0,0.5,4.0,0.0,0.0,2.7
276,16221,"Schoonmaker, Luke",DAL,@ATL,TE,0.0,0.0,0.0,0.0,1.2,10.0,0.1,0.0,2.6
277,16189,"Mims, Marvin",DEN,@BAL,WR,0.0,0.0,3.0,0.0,1.2,11.0,0.0,0.0,2.6
278,15785,"Melton, Bo",GBP,DET,WR,0.0,0.0,3.0,0.0,1.0,12.0,0.0,0.0,2.6
279,14113,"Hardman, Mecole",KCC,TBB,WR,0.0,0.0,0.0,0.0,1.3,12.0,0.0,0.0,2.6
280,13154,"Williams, Mike",NYJ,HOU,WR,0.0,0.0,0.0,0.0,1.0,14.0,0.0,0.0,2.6
281,16413,"Heath, Malik",GBP,DET,WR,0.0,0.0,0.0,0.0,1.3,9.0,0.1,0.0,2.5
282,14984,"Woerner, Charlie",ATL,DAL,TE,0.0,0.0,0.0,0.0,1.2,12.0,0.0,0.0,2.5
283,13676,"Smythe, Durham",MIA,@BUF,TE,0.0,0.0,0.0,0.0,1.3,12.0,0.0,0.0,2.5
284,13236,"Everett, Gerald",CHI,@ARI,TE,0.0,0.0,0.0,0.0,1.3,8.0,0.1,0.0,2.5
285,12476,"Heinicke, Taylor",LAC,@CLE,QB,35.0,0.2,3.0,0.0,0.0,0.0,0.0,0.0,2.5
286,16631,"Polk, Ja'Lynn",NEP,@TEN,WR,0.0,0.0,0.0,0.0,1.2,10.0,0.0,0.0,2.4
287,16610,"Wright, Jaylen",MIA,@BUF,RB,0.0,0.0,18.0,0.0,0.3,3.0,0.0,0.0,2.4
288,16416,"Gipson, Xavier",NYJ,HOU,WR,0.0,0.0,1.0,0.1,1.0,9.0,0.0,0.0,2.4
289,15699,"Thompson, Skylar",MIA,@BUF,QB,52.0,0.1,1.0,0.0,0.0,0.0,0.0,0.0,2.4
290,16642,"Stover, Cade",HOU,@NYJ,TE,0.0,0.0,0.0,0.0,1.1,12.0,0.0,0.0,2.3
291,15733,"Strong Jr., Pierre",CLE,LAC,RB,0.0,0.0,11.0,0.0,0.7,5.0,0.0,0.0,2.3
292,15694,"Willis, Malik",GBP,DET,QB,19.0,0.2,7.0,0.0,0.0,0.0,0.0,0.0,2.3
293,14331,"Johnson, D'Ernest",JAC,@PHI,RB,0.0,0.0,8.0,0.0,0.8,8.0,0.0,0.0,2.3
294,13893,"Sherfield, Trent",MIN,IND,WR,0.0,0.0,0.0,0.0,0.6,5.0,0.2,0.0,2.3
295,12923,"Ham, C.J.",MIN,IND,RB,0.0,0.0,2.0,0.2,0.8,4.0,0.0,0.0,2.3
296,16958,"Miller, Ryan",TBB,@KCC,WR,0.0,0.0,1.0,0.0,1.1,10.0,0.0,0.0,2.2
297,15335,"Farrell, Luke",JAC,@PHI,TE,0.0,0.0,0.0,0.0,1.0,10.0,0.0,0.0,2.2
298,13143,"McNichols, Jeremy",WAS,@NYG,RB,0.0,0.0,14.0,0.1,0.1,1.0,0.0,0.0,2.2
299,11678,"Robinson, Allen",DET,@GBP,WR,0.0,0.0,0.0,0.0,1.0,11.0,0.0,0.0,2.2
300,15787,"Thornton, Tyquan",NEP,@TEN,WR,0.0,0.0,1.0,0.0,1.0,10.0,0.0,0.0,2.1
301,15344,"Bates, John",WAS,@NYG,TE,0.0,0.0,0.0,0.0,0.9,8.0,0.1,0.0,2.1
302,14315,"Dulin, Ashton",IND,@MIN,WR,0.0,0.0,3.0,0.0,0.3,6.0,0.2,0.0,2.1
303,16595,"Estime, Audric",DEN,@BAL,RB,0.0,0.0,9.0,0.0,0.8,4.0,0.0,0.2,2.0
304,16220,"Mallory, Will",IND,@MIN,TE,0.0,0.0,0.0,0.0,0.9,10.0,0.0,0.0,2.0
305,16183,"Hyatt, Jalin",NYG,WAS,WR,0.0,0.0,0.0,0.0,1.0,10.0,0.0,0.0,2.0
306,15916,"Ogletree, Andrew",IND,@MIN,TE,0.0,0.0,0.0,0.0,0.8,10.0,0.0,0.0,2.0
307,14420,"Ingold, Alec",MIA,@BUF,RB,0.0,0.0,2.0,0.1,0.6,6.0,0.0,0.0,2.0
308,13308,"Agnew, Jamal",JAC,@PHI,WR,0.0,0.0,0.0,0.0,0.9,11.0,0.0,0.1,2.0
309,16807,"Holker, Dallin",NOS,@CAR,TE,0.0,0.0,1.0,0.0,1.0,8.0,0.0,0.0,1.9
310,16632,"Burton, Jermaine",CIN,LVR,WR,0.0,0.0,0.0,0.0,0.6,12.0,0.0,0.0,1.9
311,16594,"Benson, Trey",ARI,CHI,RB,0.0,0.0,12.0,0.0,0.4,2.0,0.0,0.0,1.9
312,16474,"Adkins, Nate",DEN,@BAL,TE,0.0,0.0,0.0,0.0,0.7,5.0,0.1,0.0,1.9
313,16299,"Davis, Derius",LAC,@CLE,WR,0.0,0.0,5.0,0.0,0.9,5.0,0.0,0.0,1.9
314,16205,"Scott, Tyler",CHI,@ARI,WR,0.0,0.0,3.0,0.0,0.8,8.0,0.0,0.0,1.9
315,16176,"Vaughn, Deuce",DAL,@ATL,RB,0.0,0.0,8.0,0.0,0.7,4.0,0.0,0.0,1.9
316,15970,"Krull, Lucas",DEN,@BAL,TE,0.0,0.0,0.0,0.0,0.9,9.0,0.0,0.0,1.9
317,15941,"Young, Dareke",SEA,LAR,WR,0.0,0.0,0.1,0.0,1.1,9.0,0.0,0.0,1.9
318,15905,"Quitoriano, Teagan",HOU,@NYJ,TE,0.0,0.0,0.0,0.0,0.6,11.0,0.0,0.0,1.9
319,16778,"Flournoy, Ryan",DAL,@ATL,WR,0.0,0.0,1.0,0.0,0.9,8.0,0.0,0.0,1.8
320,16005,"Jones, Tim",JAC,@PHI,WR,0.0,0.0,0.0,0.0,0.9,9.0,0.0,0.0,1.8
321,13968,"Mullens, Nick",MIN,IND,QB,35.0,0.1,1.0,0.0,0.0,0.0,0.0,0.0,1.8
322,8269,"Lewis, Marcedes",CHI,@ARI,TE,0.0,0.0,0.0,0.0,0.5,2.0,0.2,0.0,1.8
323,16384,"Bagent, Tyson",CHI,@ARI,QB,22.0,0.1,1.0,0.1,0.0,0.0,0.0,0.1,1.7
324,16758,"Jackson, Jha'Quan",TEN,NEP,WR,0.0,0.0,0.0,0.0,1.0,6.0,0.0,0.0,1.6
325,16483,"Sims, Ben",GBP,DET,TE,0.0,0.0,0.0,0.0,0.8,6.0,0.1,0.0,1.6
326,16218,"Durham, Payne",TBB,@KCC,TE,0.0,0.0,0.0,0.0,0.8,8.0,0.0,0.0,1.6
327,16158,"Thompson-Robinson, Dorian",CLE,LAC,QB,25.0,0.0,9.0,0.0,0.0,0.0,0.0,0.0,1.6
328,14875,"Bryant, Harrison",LVR,@CIN,TE,0.0,0.0,0.0,0.0,0.6,4.0,0.1,0.0,1.5
329,13910,"Powell, Brandon",MIN,IND,WR,0.0,0.0,0.0,0.0,0.7,7.0,0.0,0.0,1.5
330,13424,"Hill, Taysom",NOS,@CAR,QB,1.0,0.0,13.0,0.0,0.0,0.0,0.0,0.0,1.5
331,12378,"Swaim, Geoff",CLE,LAC,TE,0.0,0.0,0.0,0.0,0.9,6.0,0.0,0.0,1.5
332,14727,"Reynolds, Craig",DET,@GBP,RB,0.0,0.0,6.0,0.0,0.3,3.0,0.0,0.0,1.4
333,16612,"Steele, Carson",KCC,TBB,RB,0.0,0.0,9.0,0.0,0.4,2.0,0.0,0.2,1.3
334,15797,"Dulcich, Greg",DEN,@BAL,TE,0.0,0.0,0.0,0.0,0.7,5.0,0.0,0.0,1.3
335,13128,"Cook, Dalvin",DAL,@ATL,RB,0.0,0.0,6.0,0.0,0.5,2.0,0.0,0.0,1.3
336,16624,"Thrash, Jamari",CLE,LAC,WR,0.0,0.0,0.0,0.0,0.7,5.0,0.0,0.0,1.2
337,16496,"Russell, Brady",SEA,LAR,TE,0.0,0.0,0.0,0.0,0.7,5.0,0.0,0.0,1.2
338,16173,"Gray, Eric",NYG,WAS,RB,0.0,0.0,3.0,0.0,0.6,3.0,0.0,0.0,1.2
339,15726,"Rivers, Ronnie",LAR,@SEA,RB,0.0,0.0,5.0,0.0,0.6,2.0,0.0,0.0,1.2
340,15541,"Stoll, Jack",PHI,JAC,TE,0.0,0.0,0.0,0.0,0.7,5.0,0.0,0.0,1.2
341,15252,"Mills, Davis",HOU,@NYJ,QB,22.0,0.1,1.0,0.0,0.0,0.0,0.0,0.0,1.2
342,14873,"Okwuegbunam, Albert",PHI,JAC,TE,0.0,0.0,0.0,0.0,0.6,7.0,0.0,0.0,1.2
343,14807,"Kelley, Joshua",TEN,NEP,RB,0.0,0.0,7.0,0.0,0.4,2.0,0.0,0.1,1.2
344,13988,"Dwelley, Ross",ATL,DAL,TE,0.0,0.0,0.0,0.0,0.6,6.0,0.0,0.0,1.2
345,16684,"Washington, Malik",MIA,@BUF,WR,0.0,0.0,0.0,0.0,0.6,5.0,0.0,0.0,1.1
346,16113,"Smartt, Stone",LAC,@CLE,TE,0.0,0.0,0.0,0.0,0.6,4.0,0.0,0.0,1.1
347,15772,"Covey, Britain",PHI,JAC,WR,0.0,0.0,0.0,0.0,0.7,4.0,0.0,0.0,1.1
348,15973,"Blackshear, Raheem",CAR,NOS,RB,0.0,0.0,3.0,0.0,0.4,2.0,0.0,0.0,1.0
349,15692,"Pickett, Kenny",PHI,JAC,QB,22.0,0.0,1.0,0.0,0.0,0.0,0.0,0.0,1.0
350,15650,"Prentice, Adam",NOS,@CAR,RB,0.0,0.0,5.0,0.0,0.3,2.0,0.0,0.1,1.0
351,15289,"Toney, Kadarius",CLE,LAC,WR,0.0,0.0,1.0,0.0,0.5,4.0,0.0,0.0,1.0
352,15241,"Jones, Mac",JAC,@PHI,QB,25.0,0.1,1.0,0.0,0.0,0.0,0.0,0.2,1.0
353,13862,"Cracraft, River",MIA,@BUF,WR,0.0,0.0,0.0,0.0,0.5,5.0,0.0,0.0,1.0
354,13793,"Valdes-Scantling, Marquez",NOS,@CAR,WR,0.0,0.0,0.0,0.0,0.5,6.0,0.0,0.0,1.0
355,13455,"Ricard, Patrick",BAL,DEN,RB,0.0,0.0,3.0,0.0,0.2,3.0,0.0,0.1,1.0
356,12394,"Carter, DeAndre",CHI,@ARI,WR,0.0,0.0,1.0,0.0,0.5,4.0,0.0,0.0,1.0
357,12184,"Crowder, Jamison",WAS,@NYG,WR,0.0,0.0,0.0,0.0,0.5,5.0,0.0,0.0,1.0
358,16706,"Reiman, Tip",ARI,CHI,TE,0.0,0.0,0.0,0.0,0.7,3.0,0.0,0.0,0.9
359,14076,"Williams, Trayveon",CIN,LVR,RB,0.0,0.0,4.0,0.0,0.3,1.0,0.0,0.0,0.9
360,13595,"Rudolph, Mason",TEN,NEP,QB,26.0,0.0,0.0,0.0,0.0,0.0,0.0,0.1,0.9
361,13065,"Tomlinson, Eric",LAC,@CLE,TE,0.0,0.0,0.0,0.0,0.4,3.0,0.0,0.0,0.9
362,12955,"Manhertz, Chris",NYG,WAS,TE,0.0,0.0,0.0,0.0,0.4,4.0,0.0,0.0,0.9
363,16203,"Jones, Charlie",CIN,LVR,WR,0.0,0.0,0.0,0.0,0.4,4.0,0.0,0.0,0.8
364,15434,"Smith-Marsette, Ihmir",NYG,WAS,WR,0.0,0.0,2.0,0.0,0.4,2.0,0.0,0.0,0.8
365,11760,"Garoppolo, Jimmy",LAR,@SEA,QB,16.0,0.1,1.0,0.0,0.0,0.0,0.0,0.0,0.8
366,9207,"Johnson, Josh",BAL,DEN,QB,4.0,0.2,0.0,0.0,0.0,0.0,0.0,0.0,0.8
367,16752,"Davis, Isaiah",NYJ,HOU,RB,0.0,0.0,4.0,0.0,0.2,1.0,0.0,0.0,0.7
368,16646,"Bell, Jaheim",NEP,@TEN,TE,0.0,0.0,0.0,0.0,0.4,3.0,0.0,0.0,0.7
369,16374,"Dubose, Grant",MIA,@BUF,WR,0.0,0.0,0.0,0.0,0.4,4.0,0.0,0.0,0.7
370,15454,"Williams, Avery",ATL,DAL,RB,0.0,0.0,3.0,0.0,0.3,2.0,0.0,0.0,0.7
371,14057,"Lock, Drew",NYG,WAS,QB,8.0,0.0,3.0,0.0,0.0,0.0,0.0,0.0,0.7
372,16964,"Jackson, Jermaine",NOS,@CAR,WR,0.0,0.0,0.0,0.0,0.3,3.0,0.0,0.1,0.6
373,16605,"McClellan, Jase",ATL,DAL,RB,0.0,0.0,4.0,0.0,0.1,1.0,0.0,0.0,0.6
374,15341,"Morris, Quintin",BUF,MIA,TE,0.0,0.0,0.0,0.0,0.1,1.0,0.1,0.0,0.6
375,14838,"Shenault, Laviska",SEA,LAR,WR,0.0,0.0,0.0,0.0,0.3,3.0,0.0,0.0,0.6
376,16643,"Sanders, Ja'Tavion",CAR,NOS,TE,0.0,0.0,0.0,0.0,0.3,2.0,0.0,0.0,0.5
377,16601,"Shipley, Will",PHI,JAC,RB,0.0,0.0,4.0,0.0,0.1,0.0,0.0,0.0,0.5
378,16583,"Penix Jr., Michael",ATL,DAL,QB,14.0,0.0,2.0,0.0,0.0,0.0,0.0,0.1,0.5
379,16170,"McIntosh, Kenny",SEA,LAR,RB,0.0,0.0,3.0,0.0,0.1,1.0,0.0,0.0,0.5
380,15696,"Zappe, Bailey",CLE,LAC,QB,11.0,0.0,0.0,0.0,0.0,0.0,0.0,0.0,0.5
381,15339,"Yeboah, Kenny",NYJ,HOU,TE,0.0,0.0,0.0,0.0,0.3,3.0,0.0,0.0,0.5
382,14069,"Stick, Easton",LAC,@CLE,QB,10.0,0.0,0.0,0.0,0.0,0.0,0.0,0.0,0.5
383,14063,"Stidham, Jarrett",DEN,@BAL,QB,9.0,0.1,0.0,0.0,0.0,0.0,0.0,0.0,0.5
384,13124,"Rush, Cooper",DAL,@ATL,QB,16.0,0.0,-0.1,0.0,0.0,0.0,0.0,0.0,0.5
385,13115,"Trubisky, Mitchell",BUF,MIA,QB,10.0,0.1,-0.5,0.0,0.0,0.0,0.0,0.1,0.5
386,11239,"Goodwin, Marquise",CLE,LAC,WR,0.0,0.0,1.0,0.0,0.3,1.0,0.0,0.0,0.5
387,16630,"Williams, Isaiah",DET,@GBP,WR,0.0,0.0,0.0,0.0,0.3,1.0,0.0,0.0,0.4
388,16625,"Wilson, Johnny",PHI,JAC,WR,0.0,0.0,0.0,0.0,0.2,2.0,0.0,0.1,0.4
389,16387,"Brooks, Chris",GBP,DET,RB,0.0,0.0,4.0,0.0,0.0,0.0,0.0,0.0,0.4
390,16000,"Hendershot, Peyton",KCC,TBB,TE,0.0,0.0,0.0,0.0,0.3,2.0,0.0,0.0,0.4
391,15991,"Conner, Tanner",MIA,@BUF,TE,0.0,0.0,0.0,0.0,0.3,1.0,0.0,0.0,0.4
392,15718,"Badie, Tyler",DEN,@BAL,RB,0.0,0.0,7.0,0.0,0.0,0.0,0.0,0.3,0.4
393,15285,"Wallace, Tylan",BAL,DEN,WR,0.0,0.0,0.0,0.0,0.1,2.0,0.0,0.0,0.4
394,14613,"Sims, Steven",HOU,@NYJ,WR,0.0,0.0,1.0,0.0,0.2,2.0,0.0,0.0,0.4
395,14083,"Homer, Travis",CHI,@ARI,RB,0.0,0.0,2.0,0.0,0.1,0.0,0.0,0.0,0.4
396,16160,"Tune, Clayton",ARI,CHI,QB,6.0,0.0,3.0,0.0,0.0,0.0,0.0,0.2,0.3
397,15720,"Haskins, Hassan",LAC,@CLE,RB,0.0,0.0,3.0,0.0,0.1,0.0,0.0,0.0,0.3
398,15302,"Eskridge, Dee",MIA,@BUF,WR,0.0,0.0,0.0,0.0,0.1,1.0,0.0,0.0,0.3
399,13488,"Pascal, Zach",ARI,CHI,WR,0.0,0.0,0.0,0.0,0.2,1.0,0.0,0.0,0.3
400,16644,"Sinnott, Ben",WAS,@NYG,TE,0.0,0.0,0.0,0.0,0.1,1.0,0.0,0.0,0.2
401,16379,"Ford-Wheaton, Bryce",NYG,WAS,WR,0.0,0.0,0.0,0.0,0.1,1.0,0.0,0.0,0.2
402,15925,"FitzPatrick, John",GBP,DET,TE,0.0,0.0,0.0,0.0,0.1,1.0,0.0,0.0,0.2
403,15540,"Sexton, Mathew",KCC,TBB,WR,0.0,0.0,0.0,0.0,0.1,1.0,0.0,0.0,0.2
404,15250,"Ehlinger, Sam",IND,@MIN,QB,2.0,0.0,0.0,0.0,0.0,0.0,0.0,0.0,0.2
405,14876,"Deguara, Josiah",JAC,@PHI,TE,0.0,0.0,0.0,0.0,0.1,1.0,0.0,0.0,0.2
406,14548,"Bachman, Alex",LVR,@CIN,WR,0.0,0.0,0.0,0.0,0.1,1.0,0.0,0.0,0.2
407,16678,"Vaki, Sione",DET,@GBP,RB,0.0,0.0,1.0,0.0,0.0,0.0,0.0,0.0,0.1
408,16647,"Spann-Ford, Brevyn",DAL,@ATL,TE,0.0,0.0,0.0,0.0,0.0,0.0,0.0,0.0,0.1
409,16151,"Hooker, Hendon",DET,@GBP,QB,5.0,0.0,-0.4,0.0,0.0,0.0,0.0,0.0,0.1
410,15239,"Wilson, Zach",DEN,@BAL,QB,3.0,0.0,0.0,0.0,0.0,0.0,0.0,0.0,0.1
411,14815,"Dallas, DeeJay",ARI,CHI,RB,0.0,0.0,0.0,0.0,0.1,0.0,0.0,0.0,0.1
412,16633,"Whittington, Jordan",LAR,@SEA,WR,0.0,0.0,-0.1,0.0,0.0,0.0,0.0,0.0,0.0
413,16613,"Laube, Dylan",LVR,@CIN,RB,0.0,0.0,0.0,0.0,0.0,0.0,0.0,0.0,0.0
414,16441,"DeVito, Tommy",NYG,WAS,QB,1.0,0.0,0.1,0.0,0.0,0.0,0.0,0.0,0.0
415,14065,"Rypien, Brett",MIN,IND,QB,0.0,0.0,0.0,0.0,0.0,0.0,0.0,0.0,0.0
416,13598,"White, Mike",BUF,MIA,QB,0.1,0.0,-0.1,0.0,0.0,0.0,0.0,0.0,0.0
417,12623,"Driskel, Jeff",WAS,@NYG,QB,0.0,0.0,0.1,0.0,0.0,0.0,0.0,0.0,0.0
418,12610,"Wentz, Carson",KCC,TBB,QB,0.0,0.0,-0.1,0.0,0.0,0.0,0.0,0.0,0.0
419,12381,"Siemian, Trevor",TEN,NEP,QB,0.0,0.0,0.0,0.0,0.0,0.0,0.0,0.0,0.0
420,15242,"Trask, Kyle",TBB,@KCC,QB,0.0,0.0,-0.8,0.0,0.0,0.0,0.0,0.0,-0.1

