Rank,Player ID,Player Name,Team,Opp,Position,Pass Yds,Pass TDs,Rush Yds,Rush TDs,Rec,Rec Yds,Rec TDs,FG,Pts Agn,Tack,Pts
1,14783,"Hurts, Jalen",PHI,JAC,QB,252.0,1.3,31.0,1.2,0.0,0.0,0.0,0.0,0.0,0.0,24.7
2,15710,"Williams, Kyren",LAR,@SEA,RB,0.0,0.0,91.0,1.2,2.8,16.0,0.2,0.0,0.0,0.0,22.1
3,14832,"Lamb, CeeDee",DAL,@ATL,WR,0.0,0.0,5.0,0.1,7.2,94.0,0.6,0.0,0.0,0.0,21.0
4,13593,"Jackson, Lamar",BAL,DEN,QB,202.0,1.5,59.0,0.2,0.0,0.0,0.0,0.0,0.0,0.0,20.2
5,12620,"Prescott, Dak",DAL,@ATL,QB,282.0,1.9,9.0,0.1,0.0,0.0,0.0,0.0,0.0,0.0,19.6
6,13590,"Mayfield, Baker",TBB,@KCC,QB,237.0,2.0,16.0,0.1,0.0,0.0,0.0,0.0,0.0,0.0,19.0
7,14777,"Burrow, Joe",CIN,LVR,QB,255.0,1.8,13.0,0.1,0.0,0.0,0.0,0.0,0.0,0.0,18.9
8,16582,"Nix, Bo",DEN,@BAL,QB,222.0,1.4,25.0,0.4,0.0,0.0,0.0,0.0,0.0,0.0,18.8
9,13589,"Allen, Josh",BUF,MIA,QB,196.0,1.5,31.0,0.5,0.0,0.0,0.0,0.0,0.0,0.0,18.8
10,13116,"Mahomes, Patrick",KCC,TBB,QB,269.0,1.6,20.0,0.1,0.0,0.0,0.0,0.0,0.0,0.0,18.8
11,16161,"Robinson, Bijan",ATL,DAL,RB,0.0,0.0,72.0,0.4,4.1,33.0,0.2,0.0,0.0,0.0,18.4
12,13604,"Barkley, Saquon",PHI,JAC,RB,0.0,0.0,97.0,0.5,2.6,17.0,0.2,0.0,0.0,0.0,18.4
13,14836,"Jefferson, Justin",MIN,IND,WR,0.0,0.0,0.0,0.0,6.0,89.0,0.6,0.0,0.0,0.0,18.2
14,12626,"Henry, Derrick",BAL,DEN,RB,0.0,0.0,92.0,0.9,1.2,10.0,0.2,0.0,0.0,0.0,18.0
15,13132,"Kamara, Alvin",NOS,@CAR,RB,0.0,0.0,60.0,0.5,5.3,32.0,0.1,0.0,0.0,0.0,17.8
16,16167,"Achane, De'Von",MIA,@BUF,RB,0.0,0.0,68.0,0.4,3.7,30.0,0.3,0.0,0.0,0.0,17.6
17,16162,"Gibbs, Jahmyr",DET,@GBP,RB,0.0,0.0,73.0,0.8,2.8,20.0,0.1,0.0,0.0,0.0,17.6
18,14782,"Love, Jordan",GBP,DET,QB,219.0,1.9,13.0,0.2,0.0,0.0,0.0,0.0,0.0,0.0,17.6
19,16581,"Daniels, Jayden",WAS,@NYG,QB,209.0,0.9,37.0,0.4,0.0,0.0,0.0,0.0,0.0,0.0,17.5
20,14104,"Brown, A.J.",PHI,JAC,WR,0.0,0.0,0.0,0.0,5.8,87.0,0.5,0.0,0.0,0.0,17.4
21,10700,"Cousins, Kirk",ATL,DAL,QB,267.0,1.7,4.0,0.0,0.0,0.0,0.0,0.0,0.0,0.0,17.4
22,9064,"Flacco, Joe",IND,@MIN,QB,237.0,1.6,18.0,0.1,0.0,0.0,0.0,0.0,0.0,0.0,17.4
23,13131,"Mixon, Joe",HOU,@NYJ,RB,0.0,0.0,67.0,0.6,2.7,22.0,0.3,0.0,0.0,0.0,16.9
24,15287,"St. Brown, Amon-Ra",DET,@GBP,WR,0.0,0.0,1.0,0.0,6.2,71.0,0.6,0.0,0.0,0.0,16.8
25,14056,"Murray, Kyler",ARI,CHI,QB,184.0,1.1,41.0,0.3,0.0,0.0,0.0,0.0,0.0,0.0,16.8
26,15715,"Cook, James",BUF,MIA,RB,0.0,0.0,69.0,0.6,2.5,26.0,0.2,0.0,0.0,0.0,16.6
27,15711,"Walker III, Kenneth",SEA,LAR,RB,0.0,0.0,62.0,0.7,3.2,24.0,0.1,0.0,0.0,0.0,16.6
28,11150,"Smith, Geno",SEA,LAR,QB,254.0,1.2,18.0,0.1,0.0,0.0,0.0,0.0,0.0,0.0,16.5
29,15281,"Chase, Ja'Marr",CIN,LVR,WR,0.0,0.0,1.0,0.0,5.5,72.0,0.6,0.0,0.0,0.0,16.4
30,15237,"Lawrence, Trevor",JAC,@PHI,QB,226.0,1.3,18.0,0.2,0.0,0.0,0.0,0.0,0.0,0.0,16.4
31,16579,"Williams, Caleb",CHI,@ARI,QB,193.0,1.2,38.0,0.1,0.0,0.0,0.0,0.0,0.0,0.0,16.3
32,14779,"Herbert, Justin",LAC,@CLE,QB,240.0,1.2,15.0,0.1,0.0,0.0,0.0,0.0,0.0,0.0,16.3
33,15708,"Hall, Breece",NYJ,HOU,RB,0.0,0.0,56.0,0.3,4.1,36.0,0.2,0.0,0.0,0.0,16.1
34,11244,"Kelce, Travis",KCC,TBB,TE,0.0,0.0,0.0,0.0,7.1,67.0,0.4,0.0,0.0,0.0,16.1
35,14802,"Taylor, Jonathan",IND,@MIN,RB,0.0,0.0,75.0,0.8,2.1,15.0,0.1,0.0,0.0,0.0,15.9
36,14797,"Swift, D'Andre",CHI,@ARI,RB,0.0,0.0,72.0,0.6,2.8,25.0,0.0,0.0,0.0,0.0,15.8
37,12611,"Goff, Jared",DET,@GBP,QB,232.0,1.6,2.0,0.0,0.0,0.0,0.0,0.0,0.0,0.0,15.7
38,13146,"Conner, James",ARI,CHI,RB,0.0,0.0,75.0,0.5,2.4,19.0,0.1,0.0,0.0,0.0,15.6
39,16618,"Thomas Jr., Brian",JAC,@PHI,WR,0.0,0.0,1.0,0.0,4.1,68.0,0.7,0.0,0.0,0.0,15.4
40,16615,"Nabers, Malik",NYG,WAS,WR,0.0,0.0,0.0,0.0,5.8,66.0,0.4,0.0,0.0,0.0,15.0
41,16150,"Stroud, C.J.",HOU,@NYJ,QB,224.0,1.3,12.0,0.1,0.0,0.0,0.0,0.0,0.0,0.0,14.9
42,9431,"Stafford, Matthew",LAR,@SEA,QB,252.0,1.3,4.0,0.0,0.0,0.0,0.0,0.0,0.0,0.0,14.8
43,15261,"Hubbard, Chuba",CAR,NOS,RB,0.0,0.0,74.0,0.4,3.1,15.0,0.1,0.0,0.0,0.0,14.7
44,14085,"Pollard, Tony",TEN,NEP,RB,0.0,0.0,68.0,0.5,3.2,18.0,0.0,0.0,0.0,0.0,14.7
45,16211,"Nacua, Puka",LAR,@SEA,WR,0.0,0.0,3.0,0.0,5.5,74.0,0.2,0.0,0.0,0.0,14.6
46,16204,"Dell, Tank",HOU,@NYJ,WR,0.0,0.0,1.0,0.0,5.0,60.0,0.6,0.0,0.0,0.0,14.6
47,15282,"Smith, DeVonta",PHI,JAC,WR,0.0,0.0,0.0,0.0,5.2,68.0,0.4,0.0,0.0,0.0,14.5
48,13319,"Jones, Aaron",MIN,IND,RB,0.0,0.0,68.0,0.3,2.9,28.0,0.1,0.0,0.0,0.0,14.5
49,13592,"Darnold, Sam",MIN,IND,QB,193.0,1.5,12.0,0.0,0.0,0.0,0.0,0.0,0.0,0.0,14.4
50,13164,"Kupp, Cooper",LAR,@SEA,WR,0.0,0.0,2.0,0.0,5.5,65.0,0.3,0.0,0.0,0.0,14.4
51,13629,"Ridley, Calvin",TEN,NEP,WR,0.0,0.0,2.0,0.1,4.7,67.0,0.4,0.0,0.0,0.0,14.2
52,12801,"Hill, Tyreek",MIA,@BUF,WR,0.0,0.0,2.0,0.0,4.9,67.0,0.4,0.0,0.0,0.0,14.2
53,11675,"Adams, Davante",NYJ,HOU,WR,0.0,0.0,0.0,0.0,5.6,64.0,0.3,0.0,0.0,0.0,14.2
54,15754,"Olave, Chris",NOS,@CAR,WR,0.0,0.0,0.0,0.0,5.3,70.0,0.3,0.0,0.0,0.0,14.1
55,11644,"Carr, Derek",NOS,@CAR,QB,213.0,1.3,5.0,0.1,0.0,0.0,0.0,0.0,0.0,0.0,14.1
56,14071,"Montgomery, David",DET,@GBP,RB,0.0,0.0,58.0,0.8,1.7,15.0,0.0,0.0,0.0,0.0,14.0
57,13635,"Moore, D.J.",CHI,@ARI,WR,0.0,0.0,2.0,0.0,4.8,59.0,0.5,0.0,0.0,0.0,14.0
58,14778,"Tagovailoa, Tua",MIA,@BUF,QB,225.0,1.2,10.0,0.1,0.0,0.0,0.0,0.0,0.0,0.0,13.9
59,16747,"Tracy, Tyrone",NYG,WAS,RB,0.0,0.0,65.0,0.4,2.7,17.0,0.1,0.0,0.0,0.0,13.8
60,14842,"Pittman, Michael",IND,@MIN,WR,0.0,0.0,1.0,0.0,5.7,61.0,0.3,0.0,0.0,0.0,13.8
61,15259,"Stevenson, Rhamondre",NEP,@TEN,RB,0.0,0.0,57.0,0.5,3.4,17.0,0.0,0.0,0.0,0.0,13.7
62,16181,"Brown, Chase",CIN,LVR,RB,0.0,0.0,49.0,0.6,2.6,14.0,0.2,0.0,0.0,0.0,13.5
63,15751,"London, Drake",ATL,DAL,WR,0.0,0.0,0.0,0.0,5.1,61.0,0.4,0.0,0.0,0.0,13.4
64,16187,"Downs, Josh",IND,@MIN,WR,0.0,0.0,1.0,0.0,5.2,59.0,0.4,0.0,0.0,0.0,13.3
65,13630,"Sutton, Courtland",DEN,@BAL,WR,0.0,0.0,0.0,0.0,4.7,60.0,0.5,0.0,0.0,0.0,13.3
66,16614,"Harrison Jr., Marvin",ARI,CHI,WR,0.0,0.0,0.0,0.0,4.2,60.0,0.5,0.0,0.0,0.0,13.2
67,16627,"McConkey, Ladd",LAC,@CLE,WR,0.0,0.0,2.0,0.0,4.5,55.0,0.5,0.0,0.0,0.0,13.0
68,14109,"McLaurin, Terry",WAS,@NYG,WR,0.0,0.0,0.0,0.0,4.5,63.0,0.4,0.0,0.0,0.0,13.0
69,11232,"Hopkins, DeAndre",KCC,TBB,WR,0.0,0.0,1.0,0.1,4.1,54.0,0.5,0.0,0.0,0.0,12.8
70,14127,"Meyers, Jakobi",LVR,@CIN,WR,0.0,0.0,2.0,0.1,4.4,50.0,0.4,0.0,0.0,0.0,12.7
71,15753,"Wilson, Garrett",NYJ,HOU,WR,0.0,0.0,0.1,0.0,5.3,65.0,0.1,0.0,0.0,0.0,12.6
72,15721,"White, Rachaad",TBB,@KCC,RB,0.0,0.0,38.0,0.1,3.3,30.0,0.3,0.0,0.0,0.0,12.6
73,14800,"Dobbins, J.K.",LAC,@CLE,RB,0.0,0.0,59.0,0.5,2.6,14.0,0.0,0.0,0.0,0.0,12.6
74,14073,"Jacobs, Josh",GBP,DET,RB,0.0,0.0,69.0,0.3,2.0,14.0,0.1,0.0,0.0,0.0,12.6
75,14059,"Jones, Daniel",NYG,WAS,QB,182.0,0.6,31.0,0.1,0.0,0.0,0.0,0.0,0.0,0.0,12.6
76,16190,"Flowers, Zay",BAL,DEN,WR,0.0,0.0,4.0,0.0,4.8,61.0,0.2,0.0,0.0,0.0,12.5
77,13138,"Hunt, Kareem",KCC,TBB,RB,0.0,0.0,56.0,0.7,1.5,10.0,0.0,0.0,0.0,0.0,12.5
78,7836,"Rodgers, Aaron",NYJ,HOU,QB,201.0,1.1,7.0,0.0,0.0,0.0,0.0,0.0,0.0,0.0,12.5
79,16641,"Bowers, Brock",LVR,@CIN,TE,0.0,0.0,1.0,0.0,5.6,59.0,0.1,0.0,0.0,0.0,12.4
80,16185,"Smith-Njigba, Jaxon",SEA,LAR,WR,0.0,0.0,0.0,0.0,5.0,52.0,0.4,0.0,0.0,0.0,12.4
81,16184,"Reed, Jayden",GBP,DET,WR,0.0,0.0,7.0,0.1,3.7,52.0,0.4,0.0,0.0,0.0,12.4
82,16628,"McMillan, Jalen",TBB,@KCC,WR,0.0,0.0,1.0,0.0,3.7,47.0,0.6,0.0,0.0,0.0,12.1
83,15716,"Robinson, Brian",WAS,@NYG,RB,0.0,0.0,55.0,0.5,1.7,16.0,0.1,0.0,0.0,0.0,12.1
84,12140,"Winston, Jameis",CLE,LAC,QB,160.0,1.1,14.0,0.1,0.0,0.0,0.0,0.0,0.0,0.0,12.1
85,14067,"Minshew, Gardner",LVR,@CIN,QB,210.0,0.9,4.0,0.0,0.0,0.0,0.0,0.0,0.0,0.0,12.0
86,16580,"Maye, Drake",NEP,@TEN,QB,158.0,1.0,18.0,0.1,0.0,0.0,0.0,0.0,0.0,0.0,11.9
87,16214,"LaPorta, Sam",DET,@GBP,TE,0.0,0.0,0.0,0.0,4.3,49.0,0.4,0.0,0.0,0.0,11.9
88,16639,"Legette, Xavier",CAR,NOS,WR,0.0,0.0,1.0,0.0,4.2,46.0,0.5,0.0,0.0,0.0,11.8
89,15802,"Otton, Cade",TBB,@KCC,TE,0.0,0.0,-0.2,0.0,5.0,50.0,0.3,0.0,0.0,0.0,11.8
90,15794,"McBride, Trey",ARI,CHI,TE,0.0,0.0,0.0,0.0,5.4,57.0,0.1,0.0,0.0,0.0,11.6
91,16148,"Young, Bryce",CAR,NOS,QB,180.0,1.0,11.0,0.1,0.0,0.0,0.0,0.0,0.0,0.0,11.5
92,15329,"Pitts, Kyle",ATL,DAL,TE,0.0,0.0,-0.1,0.0,4.0,55.0,0.3,0.0,0.0,0.0,11.5
93,15253,"Etienne, Travis",JAC,@PHI,RB,0.0,0.0,42.0,0.5,2.5,18.0,0.0,0.0,0.0,0.0,11.4
94,13610,"Chubb, Nick",CLE,LAC,RB,0.0,0.0,58.0,0.3,2.1,14.0,0.1,0.0,0.0,0.0,11.4
95,10313,"Dalton, Andy",CAR,NOS,QB,181.0,1.0,10.0,0.1,0.0,0.0,0.0,0.0,0.0,0.0,11.4
96,16598,"Irving, Bucky",TBB,@KCC,RB,0.0,0.0,51.0,0.3,2.5,20.0,0.0,0.0,0.0,0.0,11.3
97,14223,"Mattison, Alexander",LVR,@CIN,RB,0.0,0.0,42.0,0.3,2.5,21.0,0.1,0.0,0.0,0.0,11.3
98,15256,"Williams, Javonte",DEN,@BAL,RB,0.0,0.0,46.0,0.2,3.1,18.0,0.1,0.0,0.0,0.0,11.2
99,14867,"Kmet, Cole",CHI,@ARI,TE,0.0,0.0,0.0,0.0,4.1,45.0,0.4,0.0,0.0,0.0,11.2
100,524,"Vikings, Minnesota",MIN,IND,D,0.0,0.0,0.0,0.0,0.0,0.0,0.0,0.0,17.3,0.0,11.2
101,15319,"Palmer, Joshua",LAC,@CLE,WR,0.0,0.0,0.0,0.0,4.1,58.0,0.2,0.0,0.0,0.0,11.1
102,14823,"Dowdle, Rico",DAL,@ATL,RB,0.0,0.0,42.0,0.2,2.4,19.0,0.2,0.0,0.0,0.0,11.1
103,16149,"Levis, Will",TEN,NEP,QB,170.0,0.8,15.0,0.1,0.0,0.0,0.0,0.0,0.0,0.0,10.9
104,15761,"Shakir, Khalil",BUF,MIA,WR,0.0,0.0,1.0,0.0,4.3,54.0,0.2,0.0,0.0,0.0,10.9
105,13404,"Ekeler, Austin",WAS,@NYG,RB,0.0,0.0,40.0,0.2,2.8,26.0,0.0,0.0,0.0,0.0,10.9
106,16186,"Addison, Jordan",MIN,IND,WR,0.0,0.0,1.0,0.1,3.3,46.0,0.4,0.0,0.0,0.0,10.8
107,14138,"Hockenson, T.J.",MIN,IND,TE,0.0,0.0,0.0,0.0,4.3,40.0,0.4,0.0,0.0,0.0,10.7
108,13671,"Andrews, Mark",BAL,DEN,TE,0.0,0.0,0.0,0.0,3.4,41.0,0.5,0.0,0.0,0.0,10.6
109,14974,"Mooney, Darnell",ATL,DAL,WR,0.0,0.0,0.1,0.0,3.6,50.0,0.3,0.0,0.0,0.0,10.5
110,13189,"Engram, Evan",JAC,@PHI,TE,0.0,0.0,0.0,0.0,4.8,43.0,0.2,0.0,0.0,0.0,10.5
111,16287,"Tucker, Tre",LVR,@CIN,WR,0.0,0.0,4.0,0.1,3.4,45.0,0.3,0.0,0.0,0.0,10.2
112,15799,"Ferguson, Jake",DAL,@ATL,TE,0.0,0.0,0.0,0.0,4.8,44.0,0.1,0.0,0.0,0.0,10.1
113,15284,"Waddle, Jaylen",MIA,@BUF,WR,0.0,0.0,1.0,0.0,3.8,53.0,0.2,0.0,0.0,0.0,10.1
114,12447,"Mostert, Raheem",MIA,@BUF,RB,0.0,0.0,41.0,0.6,1.3,8.0,0.0,0.0,0.0,0.0,10.1
115,15789,"Watson, Christian",GBP,DET,WR,0.0,0.0,2.0,0.0,2.9,43.0,0.4,0.0,0.0,0.0,10.0
116,15779,"Doubs, Romeo",GBP,DET,WR,0.0,0.0,0.0,0.0,3.5,45.0,0.3,0.0,0.0,0.0,9.9
117,13192,"Njoku, David",CLE,LAC,TE,0.0,0.0,0.0,0.0,4.1,40.0,0.3,0.0,0.0,0.0,9.8
118,16620,"Worthy, Xavier",KCC,TBB,WR,0.0,0.0,4.0,0.2,3.0,35.0,0.3,0.0,0.0,0.0,9.7
119,15712,"Allgeier, Tyler",ATL,DAL,RB,0.0,0.0,54.0,0.2,1.2,11.0,0.0,0.0,0.0,0.0,9.5
120,15757,"Robinson, Wan'Dale",NYG,WAS,WR,0.0,0.0,2.0,0.0,4.6,35.0,0.2,0.0,0.0,0.0,9.4
121,514,"Chargers, Los Angeles",LAC,@CLE,D,0.0,0.0,0.0,0.0,0.0,0.0,0.0,0.0,13.6,0.0,9.4
122,16206,"Wilson, Michael",ARI,CHI,WR,0.0,0.0,2.0,0.0,3.5,40.0,0.3,0.0,0.0,0.0,9.3
123,12187,"Lockett, Tyler",SEA,LAR,WR,0.0,0.0,0.0,0.0,3.9,46.0,0.1,0.0,0.0,0.0,9.3
124,14845,"Davis, Gabriel",JAC,@PHI,WR,0.0,0.0,0.0,0.0,3.0,47.0,0.2,0.0,0.0,0.0,9.2
125,14833,"Jeudy, Jerry",CLE,LAC,WR,0.0,0.0,0.0,0.0,3.1,47.0,0.2,0.0,0.0,0.0,9.2
126,16414,"Aubrey, Brandon",DAL,@ATL,K,0.0,0.0,0.0,0.0,0.0,0.0,0.0,2.4,0.0,0.0,9.1
127,16201,"Hutchinson, Xavier",HOU,@NYJ,WR,0.0,0.0,0.0,0.1,4.0,40.0,0.1,0.0,0.0,0.0,9.1
128,15788,"Tolbert, Jalen",DAL,@ATL,WR,0.0,0.0,1.0,0.0,3.2,40.0,0.3,0.0,0.0,0.0,9.1
129,13837,"Franklin, Zaire",IND,@MIN,LB,0.0,0.0,0.0,0.0,0.0,0.0,0.0,0.0,0.0,6.0,9.1
130,12175,"Cooper, Amari",BUF,MIA,WR,0.0,0.0,0.0,0.0,3.0,41.0,0.3,0.0,0.0,0.0,9.1
131,16188,"Johnston, Quentin",LAC,@CLE,WR,0.0,0.0,1.0,0.0,3.5,43.0,0.2,0.0,0.0,0.0,8.8
132,15804,"Calcaterra, Grant",PHI,JAC,TE,0.0,0.0,0.0,0.0,3.8,46.0,0.1,0.0,0.0,0.0,8.8
133,15768,"Pierce, Alec",IND,@MIN,WR,0.0,0.0,0.0,0.0,2.4,47.0,0.3,0.0,0.0,0.0,8.8
134,14258,"Seibert, Austin",WAS,@NYG,K,0.0,0.0,0.0,0.0,0.0,0.0,0.0,2.5,0.0,0.0,8.8
135,501,"Bills, Buffalo",BUF,MIA,D,0.0,0.0,0.0,0.0,0.0,0.0,0.0,0.0,14.5,0.0,8.8
136,14835,"Higgins, Tee",CIN,LVR,WR,0.0,0.0,0.0,0.0,3.0,40.0,0.3,0.0,0.0,0.0,8.7
137,13066,"Raymond, Kalif",DET,@GBP,WR,0.0,0.0,2.0,0.0,3.0,41.0,0.2,0.0,0.0,0.0,8.7
138,11247,"Ertz, Zach",WAS,@NYG,TE,0.0,0.0,0.0,0.0,3.8,40.0,0.1,0.0,0.0,0.0,8.7
139,12676,"Henry, Hunter",NEP,@TEN,TE,0.0,0.0,0.0,0.0,3.5,38.0,0.2,0.0,0.0,0.0,8.6
140,16213,"Kincaid, Dalton",BUF,MIA,TE,0.0,0.0,0.0,0.0,3.6,37.0,0.2,0.0,0.0,0.0,8.4
141,16169,"Charbonnet, Zach",SEA,LAR,RB,0.0,0.0,25.0,0.2,2.4,17.0,0.1,0.0,0.0,0.0,8.2
142,14257,"Speed, E.J.",IND,@MIN,LB,0.0,0.0,0.0,0.0,0.0,0.0,0.0,0.0,0.0,6.2,8.2
143,14080,"Singletary, Devin",NYG,WAS,RB,0.0,0.0,37.0,0.2,2.0,14.0,0.0,0.0,0.0,0.0,8.2
144,13737,"Bates, Jessie",ATL,DAL,DB,0.0,0.0,0.0,0.0,0.0,0.0,0.0,0.0,0.0,5.2,8.2
145,13354,"Butker, Harrison",KCC,TBB,K,0.0,0.0,0.0,0.0,0.0,0.0,0.0,2.1,0.0,0.0,8.2
146,14218,"Okereke, Bobby",NYG,WAS,LB,0.0,0.0,0.0,0.0,0.0,0.0,0.0,0.0,0.0,5.0,8.1
147,13403,"Koo, Younghoe",ATL,DAL,K,0.0,0.0,0.0,0.0,0.0,0.0,0.0,2.3,0.0,0.0,8.1
148,12658,"Shepard, Sterling",TBB,@KCC,WR,0.0,0.0,3.0,0.0,3.0,33.0,0.2,0.0,0.0,0.0,8.1
149,10775,"Wagner, Bobby",WAS,@NYG,LB,0.0,0.0,0.0,0.0,0.0,0.0,0.0,0.0,0.0,5.6,8.1
150,16175,"Johnson, Roschon",CHI,@ARI,RB,0.0,0.0,24.0,0.5,1.6,12.0,0.0,0.0,0.0,0.0,8.0
151,13813,"Oluokun, Foyesade",JAC,@PHI,LB,0.0,0.0,0.0,0.0,0.0,0.0,0.0,0.0,0.0,5.5,8.0
152,15995,"Turner, DJ",LVR,@CIN,WR,0.0,0.0,4.0,0.1,3.0,30.0,0.1,0.0,0.0,0.0,7.9
153,10768,"David, Lavonte",TBB,@KCC,LB,0.0,0.0,0.0,0.0,0.0,0.0,0.0,0.0,0.0,5.2,7.9
154,16342,"Douglas, Demario",NEP,@TEN,WR,0.0,0.0,2.0,0.0,3.5,35.0,0.1,0.0,0.0,0.0,7.8
155,15713,"Ford, Jerome",CLE,LAC,RB,0.0,0.0,33.0,0.2,2.1,11.0,0.0,0.0,0.0,0.0,7.8
156,15301,"Atwell, Tutu",LAR,@SEA,WR,0.0,0.0,1.0,0.0,3.0,36.0,0.1,0.0,0.0,0.0,7.8
157,14122,"Slayton, Darius",NYG,WAS,WR,0.0,0.0,0.0,0.0,2.8,42.0,0.1,0.0,0.0,0.0,7.8
158,12785,"Robinson, Demarcus",LAR,@SEA,WR,0.0,0.0,0.0,0.0,2.1,32.0,0.4,0.0,0.0,0.0,7.8
159,11222,"Allen, Keenan",CHI,@ARI,WR,0.0,0.0,0.0,0.0,3.5,35.0,0.1,0.0,0.0,0.0,7.8
160,521,"Bears, Chicago",CHI,@ARI,D,0.0,0.0,0.0,0.0,0.0,0.0,0.0,0.0,19.1,0.0,7.8
161,16681,"Reichard, Will",MIN,IND,K,0.0,0.0,0.0,0.0,0.0,0.0,0.0,1.8,0.0,0.0,7.7
162,16222,"Kraft, Tucker",GBP,DET,TE,0.0,0.0,0.0,0.0,2.3,31.0,0.4,0.0,0.0,0.0,7.7
163,14928,"Wilson, Logan",CIN,LVR,LB,0.0,0.0,0.0,0.0,0.0,0.0,0.0,0.0,0.0,5.0,7.7
164,14861,"Johnson, Juwan",NOS,@CAR,TE,0.0,0.0,1.0,0.0,2.9,31.0,0.3,0.0,0.0,0.0,7.7
165,13348,"Moore, David",CAR,NOS,WR,0.0,0.0,0.0,0.0,2.9,31.0,0.3,0.0,0.0,0.0,7.7
166,12860,"Fairbairn, Ka'imi",HOU,@NYJ,K,0.0,0.0,0.0,0.0,0.0,0.0,0.0,2.1,0.0,0.0,7.7
167,16846,"Bates, Jake",DET,@GBP,K,0.0,0.0,0.0,0.0,0.0,0.0,0.0,1.4,0.0,0.0,7.6
168,16164,"Bigsby, Tank",JAC,@PHI,RB,0.0,0.0,50.0,0.3,0.4,3.0,0.0,0.0,0.0,0.0,7.6
169,15821,"Dean, Nakobe",PHI,JAC,LB,0.0,0.0,0.0,0.0,0.0,0.0,0.0,0.0,0.0,5.6,7.6
170,14118,"Humphrey, Lil'Jordan",DEN,@BAL,WR,0.0,0.0,0.0,0.0,3.3,38.0,0.1,0.0,0.0,0.0,7.6
171,14322,"Edwards, T.J.",CHI,@ARI,LB,0.0,0.0,0.0,0.0,0.0,0.0,0.0,0.0,0.0,5.1,7.5
172,14210,"Pratt, Germaine",CIN,LVR,LB,0.0,0.0,0.0,0.0,0.0,0.0,0.0,0.0,0.0,4.7,7.5
173,13987,"Spillane, Robert",LVR,@CIN,LB,0.0,0.0,0.0,0.0,0.0,0.0,0.0,0.0,0.0,5.2,7.5
174,13696,"Smith, Roquan",BAL,DEN,LB,0.0,0.0,0.0,0.0,0.0,0.0,0.0,0.0,0.0,4.9,7.5
175,15798,"Likely, Isaiah",BAL,DEN,TE,0.0,0.0,0.0,0.0,2.5,29.0,0.3,0.0,0.0,0.0,7.4
176,13702,"Jewell, Josey",CAR,NOS,LB,0.0,0.0,0.0,0.0,0.0,0.0,0.0,0.0,0.0,4.8,7.4
177,12956,"Lutz, Wil",DEN,@BAL,K,0.0,0.0,0.0,0.0,0.0,0.0,0.0,2.0,0.0,0.0,7.4
178,529,"Saints, New Orleans",NOS,@CAR,D,0.0,0.0,0.0,0.0,0.0,0.0,0.0,0.0,17.7,0.0,7.4
179,15834,"Hamilton, Kyle",BAL,DEN,DB,0.0,0.0,0.0,0.0,0.0,0.0,0.0,0.0,0.0,5.1,7.3
180,13251,"Baker, Budda",ARI,CHI,DB,0.0,0.0,0.0,0.0,0.0,0.0,0.0,0.0,0.0,5.4,7.3
181,13193,"Smith, Jonnu",MIA,@BUF,TE,0.0,0.0,-0.1,0.0,3.2,33.0,0.1,0.0,0.0,0.0,7.3
182,12625,"Elliott, Ezekiel",DAL,@ATL,RB,0.0,0.0,28.0,0.2,1.7,12.0,0.1,0.0,0.0,0.0,7.3
183,16244,"Branch, Brian",DET,@GBP,DB,0.0,0.0,0.0,0.0,0.0,0.0,0.0,0.0,0.0,4.3,7.2
184,15869,"Bernard, Terrel",BUF,MIA,LB,0.0,0.0,0.0,0.0,0.0,0.0,0.0,0.0,0.0,4.8,7.2
185,13772,"Schultz, Dalton",HOU,@NYJ,TE,0.0,0.0,0.0,0.0,3.1,32.0,0.1,0.0,0.0,0.0,7.2
186,13303,"Elliott, Jake",PHI,JAC,K,0.0,0.0,0.0,0.0,0.0,0.0,0.0,1.6,0.0,0.0,7.2
187,14239,"Moreau, Foster",NOS,@CAR,TE,0.0,0.0,1.0,0.0,2.2,30.0,0.3,0.0,0.0,0.0,7.1
188,14217,"Barton, Cody",DEN,@BAL,LB,0.0,0.0,0.0,0.0,0.0,0.0,0.0,0.0,0.0,4.5,7.1
189,14179,"Love, Julian",SEA,LAR,DB,0.0,0.0,0.0,0.0,0.0,0.0,0.0,0.0,0.0,4.8,7.1
190,16195,"Wicks, Dontayvion",GBP,DET,WR,0.0,0.0,0.0,0.0,2.1,28.0,0.3,0.0,0.0,0.0,7.0
191,15979,"Dicker, Cameron",LAC,@CLE,K,0.0,0.0,0.0,0.0,0.0,0.0,0.0,2.0,0.0,0.0,7.0
192,15923,"Lake, Quentin",LAR,@SEA,DB,0.0,0.0,0.0,0.0,0.0,0.0,0.0,0.0,0.0,5.3,7.0
193,14086,"Hill, Justice",BAL,DEN,RB,0.0,0.0,17.0,0.1,2.1,19.0,0.1,0.0,0.0,0.0,7.0
194,12437,"Myers, Jason",SEA,LAR,K,0.0,0.0,0.0,0.0,0.0,0.0,0.0,1.9,0.0,0.0,7.0
195,16617,"Coleman, Keon",BUF,MIA,WR,0.0,0.0,0.1,0.0,2.3,33.0,0.2,0.0,0.0,0.0,6.9
196,16383,"Pace, Ivan",MIN,IND,LB,0.0,0.0,0.0,0.0,0.0,0.0,0.0,0.0,0.0,4.5,6.9
197,14983,"Bass, Tyler",BUF,MIA,K,0.0,0.0,0.0,0.0,0.0,0.0,0.0,1.4,0.0,0.0,6.9
198,14798,"Moss, Zack",CIN,LVR,RB,0.0,0.0,21.0,0.1,1.9,15.0,0.1,0.0,0.0,0.0,6.9
199,13697,"Edmunds, Tremaine",CHI,@ARI,LB,0.0,0.0,0.0,0.0,0.0,0.0,0.0,0.0,0.0,4.4,6.9
200,13675,"Conklin, Tyler",NYJ,HOU,TE,0.0,0.0,0.0,0.0,3.2,30.0,0.1,0.0,0.0,0.0,6.9
201,13325,"Woods, Xavier",CAR,NOS,DB,0.0,0.0,0.0,0.0,0.0,0.0,0.0,0.0,0.0,5.1,6.9
202,515,"Seahawks, Seattle",SEA,LAR,D,0.0,0.0,0.0,0.0,0.0,0.0,0.0,0.0,23.0,0.0,6.9
203,16284,"Williams, Dorian",BUF,MIA,LB,0.0,0.0,0.0,0.0,0.0,0.0,0.0,0.0,0.0,5.0,6.8
204,16191,"Tillman, Cedric",CLE,LAC,WR,0.0,0.0,0.1,0.0,3.1,31.0,0.1,0.0,0.0,0.0,6.8
205,15786,"Nailor, Jalen",MIN,IND,WR,0.0,0.0,0.0,0.0,2.0,31.0,0.3,0.0,0.0,0.0,6.8
206,15418,"Bynum, Camryn",MIN,IND,DB,0.0,0.0,0.0,0.0,0.0,0.0,0.0,0.0,0.0,4.3,6.8
207,13994,"Brown, Pharaoh",SEA,LAR,TE,0.0,0.0,0.0,0.0,2.8,33.0,0.1,0.0,0.0,0.0,6.8
208,11947,"McManus, Brandon",GBP,DET,K,0.0,0.0,0.0,0.0,0.0,0.0,0.0,1.8,0.0,0.0,6.8
209,10976,"Tucker, Justin",BAL,DEN,K,0.0,0.0,0.0,0.0,0.0,0.0,0.0,1.6,0.0,0.0,6.8
210,16680,"Little, Cam",JAC,@PHI,K,0.0,0.0,0.0,0.0,0.0,0.0,0.0,1.7,0.0,0.0,6.7
211,16603,"Davis, Ray",BUF,MIA,RB,0.0,0.0,30.0,0.3,1.1,10.0,0.0,0.0,0.0,0.0,6.7
212,16390,"McLaughlin, Jaleel",DEN,@BAL,RB,0.0,0.0,24.0,0.1,1.8,8.0,0.2,0.0,0.0,0.0,6.7
213,16280,"Henley, Daiyan",LAC,@CLE,LB,0.0,0.0,0.0,0.0,0.0,0.0,0.0,0.0,0.0,4.9,6.7
214,15860,"Cook, Bryan",KCC,TBB,DB,0.0,0.0,0.0,0.0,0.0,0.0,0.0,0.0,0.0,4.9,6.7
215,14910,"Jones, Brandon",DEN,@BAL,DB,0.0,0.0,0.0,0.0,0.0,0.0,0.0,0.0,0.0,4.5,6.7
216,14208,"Johnson, Diontae",BAL,DEN,WR,0.0,0.0,0.0,0.0,2.4,33.0,0.2,0.0,0.0,0.0,6.7
217,13762,"White, Kyzir",ARI,CHI,LB,0.0,0.0,0.0,0.0,0.0,0.0,0.0,0.0,0.0,4.0,6.7
218,12650,"Boyd, Tyler",TEN,NEP,WR,0.0,0.0,0.0,0.0,2.8,33.0,0.1,0.0,0.0,0.0,6.7
219,507,"Browns, Cleveland",CLE,LAC,D,0.0,0.0,0.0,0.0,0.0,0.0,0.0,0.0,20.4,0.0,6.7
220,505,"Jets, New York",NYJ,HOU,D,0.0,0.0,0.0,0.0,0.0,0.0,0.0,0.0,20.9,0.0,6.7
221,15001,"Curl, Kamren",LAR,@SEA,DB,0.0,0.0,0.0,0.0,0.0,0.0,0.0,0.0,0.0,4.5,6.6
222,14909,"Winfield, Antoine",TBB,@KCC,DB,0.0,0.0,0.0,0.0,0.0,0.0,0.0,0.0,0.0,4.1,6.6
223,13717,"Reid, Justin",KCC,TBB,DB,0.0,0.0,0.0,0.0,0.0,0.0,0.0,0.0,0.0,5.1,6.6
224,526,"Falcons, Atlanta",ATL,DAL,D,0.0,0.0,0.0,0.0,0.0,0.0,0.0,0.0,19.9,0.0,6.6
225,522,"Lions, Detroit",DET,@GBP,D,0.0,0.0,0.0,0.0,0.0,0.0,0.0,0.0,22.2,0.0,6.6
226,16444,"Grupe, Blake",NOS,@CAR,K,0.0,0.0,0.0,0.0,0.0,0.0,0.0,1.7,0.0,0.0,6.5
227,15871,"Joseph, Kerby",DET,@GBP,DB,0.0,0.0,0.0,0.0,0.0,0.0,0.0,0.0,0.0,3.7,6.5
228,15355,"Bolton, Nick",KCC,TBB,LB,0.0,0.0,0.0,0.0,0.0,0.0,0.0,0.0,0.0,4.9,6.5
229,15293,"Bateman, Rashod",BAL,DEN,WR,0.0,0.0,0.0,0.0,2.4,31.0,0.2,0.0,0.0,0.0,6.5
230,14717,"McLaughlin, Chase",TBB,@KCC,K,0.0,0.0,0.0,0.0,0.0,0.0,0.0,1.6,0.0,0.0,6.5
231,13718,"Carlson, Daniel",LVR,@CIN,K,0.0,0.0,0.0,0.0,0.0,0.0,0.0,1.8,0.0,0.0,6.5
232,13714,"James, Derwin",LAC,@CLE,DB,0.0,0.0,0.0,0.0,0.0,0.0,0.0,0.0,0.0,4.5,6.5
233,16858,"Tipton, Mason",NOS,@CAR,WR,0.0,0.0,0.0,0.0,2.9,29.0,0.1,0.0,0.0,0.0,6.4
234,16679,"Nubin, Tyler",NYG,WAS,DB,0.0,0.0,0.0,0.0,0.0,0.0,0.0,0.0,0.0,4.5,6.4
235,15396,"Deablo, Divine",LVR,@CIN,LB,0.0,0.0,0.0,0.0,0.0,0.0,0.0,0.0,0.0,4.7,6.4
236,14892,"Brooks, Jordyn",MIA,@BUF,LB,0.0,0.0,0.0,0.0,0.0,0.0,0.0,0.0,0.0,4.2,6.4
237,14889,"Murray, Kenneth",TEN,NEP,LB,0.0,0.0,0.0,0.0,0.0,0.0,0.0,0.0,0.0,4.7,6.4
238,14472,"Dodson, Tyrel",SEA,LAR,LB,0.0,0.0,0.0,0.0,0.0,0.0,0.0,0.0,0.0,4.2,6.4
239,12752,"Byard, Kevin",CHI,@ARI,DB,0.0,0.0,0.0,0.0,0.0,0.0,0.0,0.0,0.0,4.3,6.4
240,12239,"Kendricks, Eric",DAL,@ATL,LB,0.0,0.0,0.0,0.0,0.0,0.0,0.0,0.0,0.0,4.0,6.4
241,532,"Texans, Houston",HOU,@NYJ,D,0.0,0.0,0.0,0.0,0.0,0.0,0.0,0.0,21.4,0.0,6.4
242,511,"Broncos, Denver",DEN,@BAL,D,0.0,0.0,0.0,0.0,0.0,0.0,0.0,0.0,19.6,0.0,6.4
243,16018,"Blankenship, Reed",PHI,JAC,DB,0.0,0.0,0.0,0.0,0.0,0.0,0.0,0.0,0.0,4.3,6.3
244,15292,"Brown, Dyami",WAS,@NYG,WR,0.0,0.0,0.0,0.0,2.4,29.0,0.2,0.0,0.0,0.0,6.3
245,14852,"Gibson, Antonio",NEP,@TEN,RB,0.0,0.0,26.0,0.1,1.7,16.0,0.0,0.0,0.0,0.0,6.3
246,14303,"Elliss, Kaden",ATL,DAL,LB,0.0,0.0,0.0,0.0,0.0,0.0,0.0,0.0,0.0,4.6,6.3
247,13719,"Pineiro, Eddy",CAR,NOS,K,0.0,0.0,0.0,0.0,0.0,0.0,0.0,1.7,0.0,0.0,6.3
248,13268,"Anzalone, Alex",DET,@GBP,LB,0.0,0.0,0.0,0.0,0.0,0.0,0.0,0.0,0.0,4.8,6.3
249,11721,"Mack, Khalil",LAC,@CLE,DL,0.0,0.0,0.0,0.0,0.0,0.0,0.0,0.0,0.0,2.8,6.3
250,520,"Commanders, Washington",WAS,@NYG,D,0.0,0.0,0.0,0.0,0.0,0.0,0.0,0.0,20.0,0.0,6.3
251,519,"Cardinals, Arizona",ARI,CHI,D,0.0,0.0,0.0,0.0,0.0,0.0,0.0,0.0,18.8,0.0,6.3
252,506,"Bengals, Cincinnati",CIN,LVR,D,0.0,0.0,0.0,0.0,0.0,0.0,0.0,0.0,20.5,0.0,6.3
253,15889,"Okonkwo, Chigoziem",TEN,NEP,TE,0.0,0.0,0.0,0.0,2.9,26.0,0.1,0.0,0.0,0.0,6.2
254,15846,"Walker, Quay",GBP,DET,LB,0.0,0.0,0.0,0.0,0.0,0.0,0.0,0.0,0.0,4.5,6.2
255,15839,"Cross, Nick",IND,@MIN,DB,0.0,0.0,0.0,0.0,0.0,0.0,0.0,0.0,0.0,4.2,6.2
256,14908,"McKinney, Xavier",GBP,DET,DB,0.0,0.0,0.0,0.0,0.0,0.0,0.0,0.0,0.0,3.8,6.2
257,14221,"Williams, Quincy",NYJ,HOU,LB,0.0,0.0,0.0,0.0,0.0,0.0,0.0,0.0,0.0,4.5,6.2
258,512,"Chiefs, Kansas City",KCC,TBB,D,0.0,0.0,0.0,0.0,0.0,0.0,0.0,0.0,17.3,0.0,6.2
259,16705,"Bullock, Calen",HOU,@NYJ,DB,0.0,0.0,0.0,0.0,0.0,0.0,0.0,0.0,0.0,3.7,6.1
260,15859,"Taylor-Britt, Cam",CIN,LVR,DB,0.0,0.0,0.0,0.0,0.0,0.0,0.0,0.0,0.0,4.0,6.1
261,15858,"Andersen, Troy",ATL,DAL,LB,0.0,0.0,0.0,0.0,0.0,0.0,0.0,0.0,0.0,4.3,6.1
262,15469,"Hamlin, Damar",BUF,MIA,DB,0.0,0.0,0.0,0.0,0.0,0.0,0.0,0.0,0.0,4.3,6.1
263,15368,"McPherson, Evan",CIN,LVR,K,0.0,0.0,0.0,0.0,0.0,0.0,0.0,1.5,0.0,0.0,6.1
264,14893,"Baun, Zack",PHI,JAC,LB,0.0,0.0,0.0,0.0,0.0,0.0,0.0,0.0,0.0,4.5,6.1
265,12686,"Bosa, Joey",LAC,@CLE,DL,0.0,0.0,0.0,0.0,0.0,0.0,0.0,0.0,0.0,3.0,6.1
266,518,"Eagles, Philadelphia",PHI,JAC,D,0.0,0.0,0.0,0.0,0.0,0.0,0.0,0.0,17.0,0.0,6.1
267,15890,"McFadden, Micah",NYG,WAS,LB,0.0,0.0,0.0,0.0,0.0,0.0,0.0,0.0,0.0,3.9,6.0
268,15822,"Lloyd, Devin",JAC,@PHI,LB,0.0,0.0,0.0,0.0,0.0,0.0,0.0,0.0,0.0,3.8,6.0
269,14871,"Parkinson, Colby",LAR,@SEA,TE,0.0,0.0,0.0,0.0,2.9,27.0,0.1,0.0,0.0,0.0,6.0
270,14249,"Van Ginkel, Andrew",MIN,IND,DL,0.0,0.0,0.0,0.0,0.0,0.0,0.0,0.0,0.0,3.2,6.0
271,13680,"Hurst, Hayden",LAC,@CLE,TE,0.0,0.0,0.0,0.0,2.8,28.0,0.1,0.0,0.0,0.0,6.0
272,13222,"McMillan, Raekwon",NEP,@TEN,LB,0.0,0.0,0.0,0.0,0.0,0.0,0.0,0.0,0.0,3.9,6.0
273,13172,"Brown, Noah",WAS,@NYG,WR,0.0,0.0,0.0,0.0,2.0,31.0,0.2,0.0,0.0,0.0,6.0
274,11945,"Santos, Cairo",CHI,@ARI,K,0.0,0.0,0.0,0.0,0.0,0.0,0.0,1.6,0.0,0.0,6.0
275,16207,"Iosivas, Andrei",CIN,LVR,WR,0.0,0.0,0.1,0.0,1.8,23.0,0.3,0.0,0.0,0.0,5.9
276,16199,"Palmer, Trey",TBB,@KCC,WR,0.0,0.0,1.0,0.0,2.2,24.0,0.2,0.0,0.0,0.0,5.9
277,15965,"Chestnut, Julius",TEN,NEP,RB,0.0,0.0,25.0,0.1,1.8,11.0,0.0,0.0,0.0,0.0,5.9
278,15723,"Chandler, Ty",MIN,IND,RB,0.0,0.0,29.0,0.1,1.4,9.0,0.0,0.0,0.0,0.0,5.9
279,15365,"Moehrig, Trevon",LVR,@CIN,DB,0.0,0.0,0.0,0.0,0.0,0.0,0.0,0.0,0.0,4.1,5.9
280,15288,"Moore, Elijah",CLE,LAC,WR,0.0,0.0,0.0,0.0,3.0,27.0,0.1,0.0,0.0,0.0,5.9
281,14518,"Thompson, Jalen",ARI,CHI,DB,0.0,0.0,0.0,0.0,0.0,0.0,0.0,0.0,0.0,4.2,5.9
282,13952,"Luvu, Frankie",WAS,@NYG,LB,0.0,0.0,0.0,0.0,0.0,0.0,0.0,0.0,0.0,3.5,5.9
283,13672,"Gesicki, Mike",CIN,LVR,TE,0.0,0.0,0.0,0.0,2.9,27.0,0.1,0.0,0.0,0.0,5.9
284,12678,"Higbee, Tyler",LAR,@SEA,TE,0.0,0.0,0.0,0.0,2.7,26.0,0.1,0.0,0.0,0.0,5.9
285,528,"Rams, Los Angeles",LAR,@SEA,D,0.0,0.0,0.0,0.0,0.0,0.0,0.0,0.0,21.8,0.0,5.9
286,502,"Colts, Indianapolis",IND,@MIN,D,0.0,0.0,0.0,0.0,0.0,0.0,0.0,0.0,21.4,0.0,5.9
287,16239,"Campbell, Jack",DET,@GBP,LB,0.0,0.0,0.0,0.0,0.0,0.0,0.0,0.0,0.0,3.9,5.8
288,16013,"Landman, Nate",ATL,DAL,LB,0.0,0.0,0.0,0.0,0.0,0.0,0.0,0.0,0.0,3.8,5.8
289,14283,"Wilson, Donovan",DAL,@ATL,DB,0.0,0.0,0.0,0.0,0.0,0.0,0.0,0.0,0.0,3.7,5.8
290,8851,"Folk, Nick",TEN,NEP,K,0.0,0.0,0.0,0.0,0.0,0.0,0.0,1.4,0.0,0.0,5.8
291,531,"Ravens, Baltimore",BAL,DEN,D,0.0,0.0,0.0,0.0,0.0,0.0,0.0,0.0,22.8,0.0,5.8
292,523,"Packers, Green Bay",GBP,DET,D,0.0,0.0,0.0,0.0,0.0,0.0,0.0,0.0,26.1,0.0,5.8
293,15271,"Herbert, Khalil",CHI,@ARI,RB,0.0,0.0,30.0,0.2,1.0,5.0,0.0,0.0,0.0,0.0,5.7
294,14933,"Blackmon, Julian",IND,@MIN,DB,0.0,0.0,0.0,0.0,0.0,0.0,0.0,0.0,0.0,4.2,5.7
295,13418,"Bourne, Kendrick",NEP,@TEN,WR,0.0,0.0,1.0,0.0,2.2,26.0,0.1,0.0,0.0,0.0,5.7
296,12238,"Perryman, Denzel",LAC,@CLE,LB,0.0,0.0,0.0,0.0,0.0,0.0,0.0,0.0,0.0,4.5,5.7
297,11317,"Poyer, Jordan",MIA,@BUF,DB,0.0,0.0,0.0,0.0,0.0,0.0,0.0,0.0,0.0,4.0,5.7
298,16649,"Johnson, Theo",NYG,WAS,TE,0.0,0.0,0.0,0.0,2.6,28.0,0.0,0.0,0.0,0.0,5.6
299,16616,"Odunze, Rome",CHI,@ARI,WR,0.0,0.0,2.0,0.0,2.2,28.0,0.1,0.0,0.0,0.0,5.6
300,15449,"Britt, K.J.",TBB,@KCC,LB,0.0,0.0,0.0,0.0,0.0,0.0,0.0,0.0,0.0,3.5,5.6
301,15428,"Sherwood, Jamien",NYJ,HOU,LB,0.0,0.0,0.0,0.0,0.0,0.0,0.0,0.0,0.0,4.1,5.6
302,15423,"Brown, Tre",SEA,LAR,DB,0.0,0.0,0.0,0.0,0.0,0.0,0.0,0.0,0.0,3.9,5.6
303,15361,"Horn, Jaycee",CAR,NOS,DB,0.0,0.0,0.0,0.0,0.0,0.0,0.0,0.0,0.0,4.1,5.6
304,13731,"Hughes, Mike",ATL,DAL,DB,0.0,0.0,0.0,0.0,0.0,0.0,0.0,0.0,0.0,4.7,5.6
305,13700,"Landry, Harold",TEN,NEP,DL,0.0,0.0,0.0,0.0,0.0,0.0,0.0,0.0,0.0,2.9,5.6
306,10816,"Davis, Demario",NOS,@CAR,LB,0.0,0.0,0.0,0.0,0.0,0.0,0.0,0.0,0.0,3.7,5.6
307,16619,"Franklin, Troy",DEN,@BAL,WR,0.0,0.0,1.0,0.0,2.3,24.0,0.1,0.0,0.0,0.0,5.5
308,15833,"Gardner, Sauce",NYJ,HOU,DB,0.0,0.0,0.0,0.0,0.0,0.0,0.0,0.0,0.0,3.8,5.5
309,15337,"Gray, Noah",KCC,TBB,TE,0.0,0.0,0.1,0.0,2.4,27.0,0.1,0.0,0.0,0.0,5.5
310,14882,"Greenard, Jonathan",MIN,IND,DL,0.0,0.0,0.0,0.0,0.0,0.0,0.0,0.0,0.0,2.6,5.5
311,13775,"Bentley, Ja'Whaun",NEP,@TEN,LB,0.0,0.0,0.0,0.0,0.0,0.0,0.0,0.0,0.0,3.4,5.5
312,13764,"Johnson, Taron",BUF,MIA,DB,0.0,0.0,0.0,0.0,0.0,0.0,0.0,0.0,0.0,3.6,5.5
313,16704,"Wallace, Trevin",CAR,NOS,LB,0.0,0.0,0.0,0.0,0.0,0.0,0.0,0.0,0.0,3.6,5.4
314,15448,"Pinnock, Jason",NYG,WAS,DB,0.0,0.0,0.0,0.0,0.0,0.0,0.0,0.0,0.0,3.6,5.4
315,15387,"Werner, Pete",NOS,@CAR,LB,0.0,0.0,0.0,0.0,0.0,0.0,0.0,0.0,0.0,4.0,5.4
316,15255,"Gainwell, Kenneth",PHI,JAC,RB,0.0,0.0,25.0,0.1,1.5,10.0,0.0,0.0,0.0,0.0,5.4
317,14995,"Metellus, Josh",MIN,IND,DB,0.0,0.0,0.0,0.0,0.0,0.0,0.0,0.0,0.0,3.6,5.4
318,14979,"Strnad, Justin",DEN,@BAL,LB,0.0,0.0,0.0,0.0,0.0,0.0,0.0,0.0,0.0,3.9,5.4
319,14268,"Long Jr., David",MIA,@BUF,LB,0.0,0.0,0.0,0.0,0.0,0.0,0.0,0.0,0.0,4.0,5.4
320,14244,"Gay, Matt",IND,@MIN,K,0.0,0.0,0.0,0.0,0.0,0.0,0.0,1.6,0.0,0.0,5.4
321,14200,"Tavai, Jahlani",NEP,@TEN,LB,0.0,0.0,0.0,0.0,0.0,0.0,0.0,0.0,0.0,3.5,5.4
322,14108,"Dortch, Greg",ARI,CHI,WR,0.0,0.0,1.0,0.0,2.2,22.0,0.2,0.0,0.0,0.0,5.4
323,13776,"Watson, Justin",KCC,TBB,WR,0.0,0.0,1.0,0.0,2.0,26.0,0.1,0.0,0.0,0.0,5.4
324,12767,"Simmons, Justin",ATL,DAL,DB,0.0,0.0,0.0,0.0,0.0,0.0,0.0,0.0,0.0,3.5,5.4
325,12349,"Diggs, Quandre",TEN,NEP,DB,0.0,0.0,0.0,0.0,0.0,0.0,0.0,0.0,0.0,4.6,5.4
326,10783,"Smith, Harrison",MIN,IND,DB,0.0,0.0,0.0,0.0,0.0,0.0,0.0,0.0,0.0,3.7,5.4
327,16596,"Allen, Braelon",NYJ,HOU,RB,0.0,0.0,20.0,0.2,1.2,9.0,0.1,0.0,0.0,0.0,5.3
328,16292,"Ryland, Chad",ARI,CHI,K,0.0,0.0,0.0,0.0,0.0,0.0,0.0,1.5,0.0,0.0,5.3
329,16012,"Alford, Dee",ATL,DAL,DB,0.0,0.0,0.0,0.0,0.0,0.0,0.0,0.0,0.0,3.9,5.3
330,15862,"Emerson, Martin",CLE,LAC,DB,0.0,0.0,0.0,0.0,0.0,0.0,0.0,0.0,0.0,3.6,5.3
331,15404,"Jones, Ernest",SEA,LAR,LB,0.0,0.0,0.0,0.0,0.0,0.0,0.0,0.0,0.0,3.4,5.3
332,15382,"Onwuzurike, Levi",DET,@GBP,DL,0.0,0.0,0.0,0.0,0.0,0.0,0.0,0.0,0.0,2.5,5.3
333,14921,"Dugger, Kyle",NEP,@TEN,DB,0.0,0.0,0.0,0.0,0.0,0.0,0.0,0.0,0.0,3.7,5.3
334,13763,"Dissly, Will",LAC,@CLE,TE,0.0,0.0,0.0,0.0,2.6,25.0,0.0,0.0,0.0,0.0,5.3
335,13641,"McCloud, Ray-Ray",ATL,DAL,WR,0.0,0.0,3.0,0.0,2.6,24.0,0.0,0.0,0.0,0.0,5.3
336,11938,"Thielen, Adam",CAR,NOS,WR,0.0,0.0,0.1,0.0,2.5,25.0,0.1,0.0,0.0,0.0,5.3
337,11313,"Mathieu, Tyrann",NOS,@CAR,DB,0.0,0.0,0.0,0.0,0.0,0.0,0.0,0.0,0.0,3.5,5.3
338,504,"Patriots, New England",NEP,@TEN,D,0.0,0.0,0.0,0.0,0.0,0.0,0.0,0.0,14.0,0.0,5.3
339,16809,"Coker, Jalen",CAR,NOS,WR,0.0,0.0,2.0,0.0,2.1,25.0,0.1,0.0,0.0,0.0,5.2
340,16753,"Carson, Caelen",DAL,@ATL,DB,0.0,0.0,0.0,0.0,0.0,0.0,0.0,0.0,0.0,4.0,5.2
341,16677,"Bullard, Javon",GBP,DET,DB,0.0,0.0,0.0,0.0,0.0,0.0,0.0,0.0,0.0,3.8,5.2
342,16653,"Verse, Jared",LAR,@SEA,DL,0.0,0.0,0.0,0.0,0.0,0.0,0.0,0.0,0.0,2.9,5.2
343,16393,"Bobo, Jake",SEA,LAR,WR,0.0,0.0,0.0,0.0,2.4,25.0,0.1,0.0,0.0,0.0,5.2
344,16262,"White, Keion",NEP,@TEN,DL,0.0,0.0,0.0,0.0,0.0,0.0,0.0,0.0,0.0,2.7,5.2
345,16251,"Gonzalez, Christian",NEP,@TEN,DB,0.0,0.0,0.0,0.0,0.0,0.0,0.0,0.0,0.0,3.9,5.2
346,15405,"Stephens, Brandon",BAL,DEN,DB,0.0,0.0,0.0,0.0,0.0,0.0,0.0,0.0,0.0,4.1,5.2
347,14907,"Delpit, Grant",CLE,LAC,DB,0.0,0.0,0.0,0.0,0.0,0.0,0.0,0.0,0.0,4.1,5.2
348,14079,"Sanders, Miles",CAR,NOS,RB,0.0,0.0,22.0,0.1,1.6,9.0,0.0,0.0,0.0,0.0,5.2
349,13284,"Hendrickson, Trey",CIN,LVR,DL,0.0,0.0,0.0,0.0,0.0,0.0,0.0,0.0,0.0,2.2,5.2
350,11228,"Woods, Robert",HOU,@NYJ,WR,0.0,0.0,2.0,0.0,2.5,22.0,0.1,0.0,0.0,0.0,5.2
351,16252,"McDonald, Will",NYJ,HOU,DL,0.0,0.0,0.0,0.0,0.0,0.0,0.0,0.0,0.0,2.1,5.1
352,16192,"Washington, Parker",JAC,@PHI,WR,0.0,0.0,0.0,0.0,2.3,24.0,0.1,0.0,0.0,0.0,5.1
353,15845,"McDuffie, Trent",KCC,TBB,DB,0.0,0.0,0.0,0.0,0.0,0.0,0.0,0.0,0.0,3.3,5.1
354,15832,"Stingley Jr., Derek",HOU,@NYJ,DB,0.0,0.0,0.0,0.0,0.0,0.0,0.0,0.0,0.0,3.3,5.1
355,15730,"Goodson, Tyler",IND,@MIN,RB,0.0,0.0,21.0,0.1,1.3,10.0,0.0,0.0,0.0,0.0,5.1
356,14918,"Terrell, A.J.",ATL,DAL,DB,0.0,0.0,0.0,0.0,0.0,0.0,0.0,0.0,0.0,3.7,5.1
357,14894,"Jennings, Anfernee",NEP,@TEN,DL,0.0,0.0,0.0,0.0,0.0,0.0,0.0,0.0,0.0,3.8,5.1
358,14186,"Rapp, Taylor",BUF,MIA,DB,0.0,0.0,0.0,0.0,0.0,0.0,0.0,0.0,0.0,3.2,5.1
359,13832,"Sanders, Jason",MIA,@BUF,K,0.0,0.0,0.0,0.0,0.0,0.0,0.0,1.5,0.0,0.0,5.1
360,13228,"Hooker, Malik",DAL,@ATL,DB,0.0,0.0,0.0,0.0,0.0,0.0,0.0,0.0,0.0,3.5,5.1
361,13223,"Humphrey, Marlon",BAL,DEN,DB,0.0,0.0,0.0,0.0,0.0,0.0,0.0,0.0,0.0,3.3,5.1
362,13198,"Garrett, Myles",CLE,LAC,DL,0.0,0.0,0.0,0.0,0.0,0.0,0.0,0.0,0.0,2.8,5.1
363,516,"Cowboys, Dallas",DAL,@ATL,D,0.0,0.0,0.0,0.0,0.0,0.0,0.0,0.0,22.4,0.0,5.1
364,16246,"Johnson, Antonio",JAC,@PHI,DB,0.0,0.0,0.0,0.0,0.0,0.0,0.0,0.0,0.0,3.6,5.0
365,15473,"McDuffie, Isaiah",GBP,DET,LB,0.0,0.0,0.0,0.0,0.0,0.0,0.0,0.0,0.0,3.3,5.0
366,15076,"Rozeboom, Christian",LAR,@SEA,LB,0.0,0.0,0.0,0.0,0.0,0.0,0.0,0.0,0.0,3.2,5.0
367,14225,"Crosby, Maxx",LVR,@CIN,DL,0.0,0.0,0.0,0.0,0.0,0.0,0.0,0.0,0.0,2.4,5.0
368,14182,"Hooker, Amani",TEN,NEP,DB,0.0,0.0,0.0,0.0,0.0,0.0,0.0,0.0,0.0,3.7,5.0
369,14180,"Murphy, Byron",MIN,IND,DB,0.0,0.0,0.0,0.0,0.0,0.0,0.0,0.0,0.0,3.2,5.0
370,14167,"Hines-Allen, Josh",JAC,@PHI,DL,0.0,0.0,0.0,0.0,0.0,0.0,0.0,0.0,0.0,2.2,5.0
371,14153,"Allen, Zach",DEN,@BAL,DL,0.0,0.0,0.0,0.0,0.0,0.0,0.0,0.0,0.0,2.8,5.0
372,13760,"Whitehead, Jordan",TBB,@KCC,DB,0.0,0.0,0.0,0.0,0.0,0.0,0.0,0.0,0.0,3.6,5.0
373,13133,"Perine, Samaje",KCC,TBB,RB,0.0,0.0,9.0,0.1,1.6,17.0,0.0,0.0,0.0,0.0,5.0
374,12225,"Williams, Leonard",SEA,LAR,DL,0.0,0.0,0.0,0.0,0.0,0.0,0.0,0.0,0.0,2.5,5.0
375,12221,"Hunter, Danielle",HOU,@NYJ,DL,0.0,0.0,0.0,0.0,0.0,0.0,0.0,0.0,0.0,2.2,5.0
376,16775,"Karty, Joshua",LAR,@SEA,K,0.0,0.0,0.0,0.0,0.0,0.0,0.0,1.4,0.0,0.0,4.9
377,16223,"Anderson, Will",HOU,@NYJ,DL,0.0,0.0,0.0,0.0,0.0,0.0,0.0,0.0,0.0,2.6,4.9
378,15853,"Mafe, Boye",SEA,LAR,DL,0.0,0.0,0.0,0.0,0.0,0.0,0.0,0.0,0.0,2.7,4.9
379,15714,"White, Zamir",LVR,@CIN,RB,0.0,0.0,30.0,0.0,1.1,8.0,0.0,0.0,0.0,0.0,4.9
380,15362,"Surtain II, Patrick",DEN,@BAL,DB,0.0,0.0,0.0,0.0,0.0,0.0,0.0,0.0,0.0,3.7,4.9
381,14870,"Trautman, Adam",DEN,@BAL,TE,0.0,0.0,0.0,0.0,1.6,20.0,0.2,0.0,0.0,0.0,4.9
382,14600,"Slye, Joey",NEP,@TEN,K,0.0,0.0,0.0,0.0,0.0,0.0,0.0,1.3,0.0,0.0,4.9
383,13959,"Williams, Darious",LAR,@SEA,DB,0.0,0.0,0.0,0.0,0.0,0.0,0.0,0.0,0.0,3.7,4.9
384,13706,"Baker, Jerome",TEN,NEP,LB,0.0,0.0,0.0,0.0,0.0,0.0,0.0,0.0,0.0,3.2,4.9
385,13684,"Hubbard, Sam",CIN,LVR,DL,0.0,0.0,0.0,0.0,0.0,0.0,0.0,0.0,0.0,2.9,4.9
386,11387,"Hopkins, Dustin",CLE,LAC,K,0.0,0.0,0.0,0.0,0.0,0.0,0.0,1.6,0.0,0.0,4.9
387,16698,"Sainristil, Mike",WAS,@NYG,DB,0.0,0.0,0.0,0.0,0.0,0.0,0.0,0.0,0.0,3.7,4.8
388,16586,"Rattler, Spencer",NOS,@CAR,QB,100.0,0.0,11.0,0.0,0.0,0.0,0.0,0.0,0.0,0.0,4.8
389,16254,"Kancey, Calijah",TBB,@KCC,DL,0.0,0.0,0.0,0.0,0.0,0.0,0.0,0.0,0.0,2.7,4.8
390,15109,"Westbrook-Ikhine, Nick",TEN,NEP,WR,0.0,0.0,1.0,0.0,1.6,18.0,0.2,0.0,0.0,0.0,4.8
391,14224,"Gardner-Johnson, Chauncey",PHI,JAC,DB,0.0,0.0,0.0,0.0,0.0,0.0,0.0,0.0,0.0,2.8,4.8
392,14207,"Thornhill, Juan",CLE,LAC,DB,0.0,0.0,0.0,0.0,0.0,0.0,0.0,0.0,0.0,3.8,4.8
393,14169,"Wilson, Mack",ARI,CHI,LB,0.0,0.0,0.0,0.0,0.0,0.0,0.0,0.0,0.0,3.1,4.8
394,13281,"Douglas, Rasul",BUF,MIA,DB,0.0,0.0,0.0,0.0,0.0,0.0,0.0,0.0,0.0,3.3,4.8
395,13253,"Williams, Marcus",BAL,DEN,DB,0.0,0.0,0.0,0.0,0.0,0.0,0.0,0.0,0.0,3.5,4.8
396,16311,"Howden, Jordan",NOS,@CAR,DB,0.0,0.0,0.0,0.0,0.0,0.0,0.0,0.0,0.0,3.0,4.7
397,16279,"Moss, Riley",DEN,@BAL,DB,0.0,0.0,0.0,0.0,0.0,0.0,0.0,0.0,0.0,3.1,4.7
398,16152,"Richardson, Anthony",IND,@MIN,QB,61.0,0.2,11.0,0.1,0.0,0.0,0.0,0.0,0.0,0.0,4.7
399,15888,"Durant, Decobie",LAR,@SEA,DB,0.0,0.0,0.0,0.0,0.0,0.0,0.0,0.0,0.0,2.9,4.7
400,15815,"Walker, Travon",JAC,@PHI,DL,0.0,0.0,0.0,0.0,0.0,0.0,0.0,0.0,0.0,1.7,4.7
401,15386,"Odeyingbo, Dayo",IND,@MIN,DL,0.0,0.0,0.0,0.0,0.0,0.0,0.0,0.0,0.0,2.5,4.7
402,14982,"Gilman, Alohi",LAC,@CLE,DB,0.0,0.0,0.0,0.0,0.0,0.0,0.0,0.0,0.0,3.0,4.7
403,14903,"Diggs, Trevon",DAL,@ATL,DB,0.0,0.0,0.0,0.0,0.0,0.0,0.0,0.0,0.0,3.5,4.7
404,13274,"Johnson, John",LAR,@SEA,DB,0.0,0.0,0.0,0.0,0.0,0.0,0.0,0.0,0.0,3.0,4.7
405,16597,"Brooks, Jonathon",CAR,NOS,RB,0.0,0.0,21.0,0.1,1.3,8.0,0.0,0.0,0.0,0.0,4.6
406,16350,"Jones, Jaylon",IND,@MIN,DB,0.0,0.0,0.0,0.0,0.0,0.0,0.0,0.0,0.0,3.3,4.6
407,16255,"Banks, Deonte",NYG,WAS,DB,0.0,0.0,0.0,0.0,0.0,0.0,0.0,0.0,0.0,3.4,4.6
408,15003,"Stone, Geno",CIN,LVR,DB,0.0,0.0,0.0,0.0,0.0,0.0,0.0,0.0,0.0,2.9,4.6
409,14991,"Fuller, Jordan",CAR,NOS,DB,0.0,0.0,0.0,0.0,0.0,0.0,0.0,0.0,0.0,3.4,4.6
410,13710,"Davis, Carlton",DET,@GBP,DB,0.0,0.0,0.0,0.0,0.0,0.0,0.0,0.0,0.0,3.3,4.6
411,10789,"Gilmore, Stephon",MIN,IND,DB,0.0,0.0,0.0,0.0,0.0,0.0,0.0,0.0,0.0,3.3,4.6
412,16263,"Martin, Quan",WAS,@NYG,DB,0.0,0.0,0.0,0.0,0.0,0.0,0.0,0.0,0.0,3.4,4.5
413,15913,"Benford, Christian",BUF,MIA,DB,0.0,0.0,0.0,0.0,0.0,0.0,0.0,0.0,0.0,3.1,4.5
414,15850,"Pitre, Jalen",HOU,@NYJ,DB,0.0,0.0,0.0,0.0,0.0,0.0,0.0,0.0,0.0,3.2,4.5
415,15826,"Clark, Damone",DAL,@ATL,LB,0.0,0.0,0.0,0.0,0.0,0.0,0.0,0.0,0.0,3.2,4.5
416,14171,"Burns, Brian",NYG,WAS,DL,0.0,0.0,0.0,0.0,0.0,0.0,0.0,0.0,0.0,2.1,4.5
417,13940,"Mundt, Johnny",MIN,IND,TE,0.0,0.0,0.0,0.0,2.1,16.0,0.1,0.0,0.0,0.0,4.5
418,13774,"Reed, D.J.",NYJ,HOU,DB,0.0,0.0,0.0,0.0,0.0,0.0,0.0,0.0,0.0,3.1,4.5
419,525,"Buccaneers, Tampa Bay",TBB,@KCC,D,0.0,0.0,0.0,0.0,0.0,0.0,0.0,0.0,23.8,0.0,4.5
420,509,"Jaguars, Jacksonville",JAC,@PHI,D,0.0,0.0,0.0,0.0,0.0,0.0,0.0,0.0,22.4,0.0,4.5
421,16672,"Lassiter, Kamari",HOU,@NYJ,DB,0.0,0.0,0.0,0.0,0.0,0.0,0.0,0.0,0.0,2.6,4.4
422,16432,"Wilson, Emanuel",GBP,DET,RB,0.0,0.0,22.0,0.0,1.0,7.0,0.1,0.0,0.0,0.0,4.4
423,15895,"McCollum, Zyon",TBB,@KCC,DB,0.0,0.0,0.0,0.0,0.0,0.0,0.0,0.0,0.0,2.5,4.4
424,15364,"Cisco, Andre",JAC,@PHI,DB,0.0,0.0,0.0,0.0,0.0,0.0,0.0,0.0,0.0,2.7,4.4
425,14551,"Irwin, Trenton",CIN,LVR,WR,0.0,0.0,0.0,0.0,1.7,21.0,0.1,0.0,0.0,0.0,4.4
426,13426,"Morrow, Nicholas",BUF,MIA,LB,0.0,0.0,0.0,0.0,0.0,0.0,0.0,0.0,0.0,3.1,4.4
427,12718,"Bell, Vonn",CIN,LVR,DB,0.0,0.0,0.0,0.0,0.0,0.0,0.0,0.0,0.0,2.6,4.4
428,12688,"Buckner, DeForest",IND,@MIN,DL,0.0,0.0,0.0,0.0,0.0,0.0,0.0,0.0,0.0,2.2,4.4
429,12141,"Mariota, Marcus",WAS,@NYG,QB,48.0,0.4,8.0,0.0,0.0,0.0,0.0,0.0,0.0,0.0,4.4
430,16333,"Higgins, Elijah",ARI,CHI,TE,0.0,0.0,0.0,0.0,1.5,15.0,0.2,0.0,0.0,0.0,4.3
431,16282,"Turner, Kobie",LAR,@SEA,DL,0.0,0.0,0.0,0.0,0.0,0.0,0.0,0.0,0.0,2.2,4.3
432,16276,"Young, Byron",LAR,@SEA,DL,0.0,0.0,0.0,0.0,0.0,0.0,0.0,0.0,0.0,2.5,4.3
433,16269,"Strange, Brenton",JAC,@PHI,TE,0.0,0.0,0.0,0.0,1.7,19.0,0.1,0.0,0.0,0.0,4.3
434,16236,"To'oTo'o, Henry",HOU,@NYJ,LB,0.0,0.0,0.0,0.0,0.0,0.0,0.0,0.0,0.0,2.7,4.3
435,15856,"Taylor, Alontae",NOS,@CAR,DB,0.0,0.0,0.0,0.0,0.0,0.0,0.0,0.0,0.0,2.7,4.3
436,15441,"Hobbs, Nate",LVR,@CIN,DB,0.0,0.0,0.0,0.0,0.0,0.0,0.0,0.0,0.0,2.9,4.3
437,15419,"Granson, Kylen",IND,@MIN,TE,0.0,0.0,0.1,0.0,1.3,19.0,0.2,0.0,0.0,0.0,4.3
438,14095,"Johnson, Ty",BUF,MIA,RB,0.0,0.0,10.0,0.1,0.7,8.0,0.2,0.0,0.0,0.0,4.3
439,13681,"Chubb, Bradley",MIA,@BUF,DL,0.0,0.0,0.0,0.0,0.0,0.0,0.0,0.0,0.0,2.2,4.3
440,13294,"Ebukam, Samson",IND,@MIN,DL,0.0,0.0,0.0,0.0,0.0,0.0,0.0,0.0,0.0,2.2,4.3
441,12616,"Brissett, Jacoby",NEP,@TEN,QB,66.0,0.2,5.0,0.0,0.0,0.0,0.0,0.0,0.0,0.0,4.3
442,12181,"Agholor, Nelson",BAL,DEN,WR,0.0,0.0,0.0,0.0,1.4,19.0,0.2,0.0,0.0,0.0,4.3
443,11706,"Clowney, Jadeveon",CAR,NOS,DL,0.0,0.0,0.0,0.0,0.0,0.0,0.0,0.0,0.0,2.2,4.3
444,517,"Giants, New York",NYG,WAS,D,0.0,0.0,0.0,0.0,0.0,0.0,0.0,0.0,28.4,0.0,4.3
445,16364,"Brooks, Jalen",DAL,@ATL,WR,0.0,0.0,1.0,0.0,1.7,23.0,0.1,0.0,0.0,0.0,4.2
446,16283,"Overshown, DeMarvion",DAL,@ATL,LB,0.0,0.0,0.0,0.0,0.0,0.0,0.0,0.0,0.0,2.8,4.2
447,16267,"Stevenson, Tyrique",CHI,@ARI,DB,0.0,0.0,0.0,0.0,0.0,0.0,0.0,0.0,0.0,2.5,4.2
448,16241,"Witherspoon, Devon",SEA,LAR,DB,0.0,0.0,0.0,0.0,0.0,0.0,0.0,0.0,0.0,3.1,4.2
449,16166,"Tucker, Sean",TBB,@KCC,RB,0.0,0.0,16.0,0.1,0.7,9.0,0.1,0.0,0.0,0.0,4.2
450,15881,"Jones, Jack",LVR,@CIN,DB,0.0,0.0,0.0,0.0,0.0,0.0,0.0,0.0,0.0,2.9,4.2
451,15346,"Rousseau, Gregory",BUF,MIA,DL,0.0,0.0,0.0,0.0,0.0,0.0,0.0,0.0,0.0,2.5,4.2
452,14358,"Browning, Jake",CIN,LVR,QB,54.0,0.3,3.0,0.1,0.0,0.0,0.0,0.0,0.0,0.0,4.2
453,14170,"Bush, Devin",CLE,LAC,LB,0.0,0.0,0.0,0.0,0.0,0.0,0.0,0.0,0.0,2.8,4.2
454,14163,"Simmons, Jeffery",TEN,NEP,DL,0.0,0.0,0.0,0.0,0.0,0.0,0.0,0.0,0.0,2.4,4.2
455,13963,"Hodge, KhaDarel",ATL,DAL,WR,0.0,0.0,0.0,0.0,1.2,23.0,0.1,0.0,0.0,0.0,4.2
456,13245,"Reddick, Haason",NYJ,HOU,DL,0.0,0.0,0.0,0.0,0.0,0.0,0.0,0.0,0.0,2.1,4.2
457,13227,"Lewis, Jourdan",DAL,@ATL,DB,0.0,0.0,0.0,0.0,0.0,0.0,0.0,0.0,0.0,2.7,4.2
458,12697,"Robinson, A'Shawn",CAR,NOS,DL,0.0,0.0,0.0,0.0,0.0,0.0,0.0,0.0,0.0,2.5,4.2
459,508,"Titans, Tennessee",TEN,NEP,D,0.0,0.0,0.0,0.0,0.0,0.0,0.0,0.0,21.2,0.0,4.2
460,16385,"Demercado, Emari",ARI,CHI,RB,0.0,0.0,18.0,0.0,1.3,8.0,0.0,0.0,0.0,0.0,4.1
461,16234,"Simpson, Trenton",BAL,DEN,LB,0.0,0.0,0.0,0.0,0.0,0.0,0.0,0.0,0.0,2.6,4.1
462,16145,"McMillian, Ja'Quan",DEN,@BAL,DB,0.0,0.0,0.0,0.0,0.0,0.0,0.0,0.0,0.0,2.8,4.1
463,15939,"Spector, Baylon",BUF,MIA,LB,0.0,0.0,0.0,0.0,0.0,0.0,0.0,0.0,0.0,2.9,4.1
464,15861,"Bonitto, Nik",DEN,@BAL,DL,0.0,0.0,0.0,0.0,0.0,0.0,0.0,0.0,0.0,2.0,4.1
465,15831,"Chenal, Leo",KCC,TBB,LB,0.0,0.0,0.0,0.0,0.0,0.0,0.0,0.0,0.0,2.8,4.1
466,15565,"Hoecht, Michael",LAR,@SEA,DL,0.0,0.0,0.0,0.0,0.0,0.0,0.0,0.0,0.0,2.2,4.1
467,15484,"Cooper, Jonathon",DEN,@BAL,DL,0.0,0.0,0.0,0.0,0.0,0.0,0.0,0.0,0.0,2.2,4.1
468,15345,"Paye, Kwity",IND,@MIN,DL,0.0,0.0,0.0,0.0,0.0,0.0,0.0,0.0,0.0,2.3,4.1
469,14927,"Chinn, Jeremy",WAS,@NYG,DB,0.0,0.0,0.0,0.0,0.0,0.0,0.0,0.0,0.0,3.0,4.1
470,14924,"Johnson, Jaylon",CHI,@ARI,DB,0.0,0.0,0.0,0.0,0.0,0.0,0.0,0.0,0.0,2.6,4.1
471,14235,"Tranquill, Drue",KCC,TBB,LB,0.0,0.0,0.0,0.0,0.0,0.0,0.0,0.0,0.0,3.1,4.1
472,14143,"Knox, Dawson",BUF,MIA,TE,0.0,0.0,0.0,0.0,1.4,16.0,0.2,0.0,0.0,0.0,4.1
473,13148,"Ogunbowale, Dare",HOU,@NYJ,RB,0.0,0.0,10.0,0.1,1.1,10.0,0.1,0.0,0.0,0.0,4.1
474,12234,"Dupree, Bud",LAC,@CLE,DL,0.0,0.0,0.0,0.0,0.0,0.0,0.0,0.0,0.0,1.8,4.1
475,16703,"Phillips, Andru",NYG,WAS,DB,0.0,0.0,0.0,0.0,0.0,0.0,0.0,0.0,0.0,2.8,4.0
476,16197,"Mingo, Jonathan",CAR,NOS,WR,0.0,0.0,0.0,0.0,2.1,19.0,0.0,0.0,0.0,0.0,4.0
477,15868,"Jones, Marcus",NEP,@TEN,DB,0.0,0.0,0.0,0.0,0.0,0.0,0.0,0.0,0.0,3.0,4.0
478,15849,"McCreary, Roger",TEN,NEP,DB,0.0,0.0,0.0,0.0,0.0,0.0,0.0,0.0,0.0,3.1,4.0
479,15392,"St-Juste, Benjamin",WAS,@NYG,DB,0.0,0.0,0.0,0.0,0.0,0.0,0.0,0.0,0.0,2.9,4.0
480,15380,"Campbell, Tyson",JAC,@PHI,DB,0.0,0.0,0.0,0.0,0.0,0.0,0.0,0.0,0.0,2.7,4.0
481,15378,"Oweh, Odafe",BAL,DEN,DL,0.0,0.0,0.0,0.0,0.0,0.0,0.0,0.0,0.0,2.1,4.0
482,14209,"Oliver, Josh",MIN,IND,TE,0.0,0.0,0.0,0.0,1.8,17.0,0.1,0.0,0.0,0.0,4.0
483,14151,"Ferrell, Clelin",WAS,@NYG,DL,0.0,0.0,0.0,0.0,0.0,0.0,0.0,0.0,0.0,2.0,4.0
484,14148,"Sweat, Montez",CHI,@ARI,DL,0.0,0.0,0.0,0.0,0.0,0.0,0.0,0.0,0.0,2.0,4.0
485,13742,"Hill, B.J.",CIN,LVR,DL,0.0,0.0,0.0,0.0,0.0,0.0,0.0,0.0,0.0,1.9,4.0
486,13730,"Alexander, Jaire",GBP,DET,DB,0.0,0.0,0.0,0.0,0.0,0.0,0.0,0.0,0.0,2.5,4.0
487,13682,"Key, Arden",TEN,NEP,DL,0.0,0.0,0.0,0.0,0.0,0.0,0.0,0.0,0.0,2.0,4.0
488,16707,"Liufau, Marist",DAL,@ATL,LB,0.0,0.0,0.0,0.0,0.0,0.0,0.0,0.0,0.0,2.8,3.9
489,16671,"Arnold, Terrion",DET,@GBP,DB,0.0,0.0,0.0,0.0,0.0,0.0,0.0,0.0,0.0,3.2,3.9
490,16237,"Pappoe, Owen",ARI,CHI,LB,0.0,0.0,0.0,0.0,0.0,0.0,0.0,0.0,0.0,2.6,3.9
491,15985,"Bell, Markquese",DAL,@ATL,DB,0.0,0.0,0.0,0.0,0.0,0.0,0.0,0.0,0.0,2.7,3.9
492,15933,"Brown, Montaric",JAC,@PHI,DB,0.0,0.0,0.0,0.0,0.0,0.0,0.0,0.0,0.0,2.9,3.9
493,15381,"Grant, Richie",ATL,DAL,DB,0.0,0.0,0.0,0.0,0.0,0.0,0.0,0.0,0.0,2.5,3.9
494,15352,"Collins, Zaven",ARI,CHI,DL,0.0,0.0,0.0,0.0,0.0,0.0,0.0,0.0,0.0,2.4,3.9
495,14669,"Nixon, Keisean",GBP,DET,DB,0.0,0.0,0.0,0.0,0.0,0.0,0.0,0.0,0.0,2.9,3.9
496,14405,"Granderson, Carl",NOS,@CAR,DL,0.0,0.0,0.0,0.0,0.0,0.0,0.0,0.0,0.0,2.3,3.9
497,13652,"Wilson, Cedrick",NOS,@CAR,WR,0.0,0.0,0.0,0.0,1.6,17.0,0.1,0.0,0.0,0.0,3.9
498,13470,"Moore, Kenny",IND,@MIN,DB,0.0,0.0,0.0,0.0,0.0,0.0,0.0,0.0,0.0,2.7,3.9
499,12361,"Nunez-Roches, Rakeem",NYG,WAS,DL,0.0,0.0,0.0,0.0,0.0,0.0,0.0,0.0,0.0,2.0,3.9
500,513,"Raiders, Las Vegas",LVR,@CIN,D,0.0,0.0,0.0,0.0,0.0,0.0,0.0,0.0,25.1,0.0,3.9
501,16635,"McCaffrey, Luke",WAS,@NYG,WR,0.0,0.0,0.0,0.0,1.9,18.0,0.0,0.0,0.0,0.0,3.8
502,16278,"Diaby, YaYa",TBB,@KCC,DL,0.0,0.0,0.0,0.0,0.0,0.0,0.0,0.0,0.0,2.4,3.8
503,15823,"Harris, Christian",HOU,@NYJ,LB,0.0,0.0,0.0,0.0,0.0,0.0,0.0,0.0,0.0,2.7,3.8
504,15795,"Kolar, Charlie",BAL,DEN,TE,0.0,0.0,0.0,0.0,1.1,18.0,0.1,0.0,0.0,0.0,3.8
505,14925,"Uche, Josh",KCC,TBB,DL,0.0,0.0,0.0,0.0,0.0,0.0,0.0,0.0,0.0,2.3,3.8
506,14252,"Jackson, Michael",CAR,NOS,DB,0.0,0.0,0.0,0.0,0.0,0.0,0.0,0.0,0.0,2.6,3.8
507,13767,"Maddox, Avonte",PHI,JAC,DB,0.0,0.0,0.0,0.0,0.0,0.0,0.0,0.0,0.0,2.3,3.8
508,13753,"Akins, Jordan",CLE,LAC,TE,0.0,0.0,0.0,0.0,1.6,16.0,0.1,0.0,0.0,0.0,3.8
509,13231,"Peppers, Jabrill",NEP,@TEN,DB,0.0,0.0,0.0,0.0,0.0,0.0,0.0,0.0,0.0,2.4,3.8
510,12301,"Smith, Za'Darius",CLE,LAC,DL,0.0,0.0,0.0,0.0,0.0,0.0,0.0,0.0,0.0,1.9,3.8
511,16788,"Vele, Devaughn",DEN,@BAL,WR,0.0,0.0,0.0,0.0,1.6,21.0,0.0,0.0,0.0,0.0,3.7
512,16266,"Tuipulotu, Tuli",LAC,@CLE,DL,0.0,0.0,0.0,0.0,0.0,0.0,0.0,0.0,0.0,2.0,3.7
513,14879,"Epenesa, A.J.",BUF,MIA,DL,0.0,0.0,0.0,0.0,0.0,0.0,0.0,0.0,0.0,1.6,3.7
514,14370,"Hudson, Tanner",CIN,LVR,TE,0.0,0.0,0.0,0.0,2.0,17.0,0.0,0.0,0.0,0.0,3.7
515,13246,"Alie-Cox, Mo",IND,@MIN,TE,0.0,0.0,0.0,0.0,1.1,15.0,0.2,0.0,0.0,0.0,3.7
516,13176,"Jones, Zay",ARI,CHI,WR,0.0,0.0,0.0,0.0,1.9,15.0,0.1,0.0,0.0,0.0,3.7
517,12711,"Ramsey, Jalen",MIA,@BUF,DB,0.0,0.0,0.0,0.0,0.0,0.0,0.0,0.0,0.0,2.4,3.7
518,12276,"Darby, Ronald",JAC,@PHI,DB,0.0,0.0,0.0,0.0,0.0,0.0,0.0,0.0,0.0,2.6,3.7
519,16757,"Vidal, Kimani",LAC,@CLE,RB,0.0,0.0,16.0,0.0,0.6,7.0,0.1,0.0,0.0,0.0,3.6
520,16696,"Cooper, Edgerrin",GBP,DET,LB,0.0,0.0,0.0,0.0,0.0,0.0,0.0,0.0,0.0,2.3,3.6
521,16655,"Robinson, Chop",MIA,@BUF,DL,0.0,0.0,0.0,0.0,0.0,0.0,0.0,0.0,0.0,2.2,3.6
522,16645,"All, Erick",CIN,LVR,TE,0.0,0.0,0.0,0.0,2.1,16.0,0.0,0.0,0.0,0.0,3.6
523,16289,"Bennett, Jakorian",LVR,@CIN,DB,0.0,0.0,0.0,0.0,0.0,0.0,0.0,0.0,0.0,2.4,3.6
524,16226,"Wilson, Tyree",LVR,@CIN,DL,0.0,0.0,0.0,0.0,0.0,0.0,0.0,0.0,0.0,2.2,3.6
525,16009,"Gibbens, Jack",TEN,NEP,LB,0.0,0.0,0.0,0.0,0.0,0.0,0.0,0.0,0.0,2.6,3.6
526,15894,"Woolen, Tariq",SEA,LAR,DB,0.0,0.0,0.0,0.0,0.0,0.0,0.0,0.0,0.0,2.4,3.6
527,15866,"Flott, Cordale",NYG,WAS,DB,0.0,0.0,0.0,0.0,0.0,0.0,0.0,0.0,0.0,2.7,3.6
528,15398,"Jones, Patrick",MIN,IND,DL,0.0,0.0,0.0,0.0,0.0,0.0,0.0,0.0,0.0,1.8,3.6
529,15375,"Newsome, Greg",CLE,LAC,DB,0.0,0.0,0.0,0.0,0.0,0.0,0.0,0.0,0.0,2.6,3.6
530,14592,"Zaccheaus, Olamide",WAS,@NYG,WR,0.0,0.0,0.0,0.0,1.8,16.0,0.0,0.0,0.0,0.0,3.6
531,13692,"Vea, Vita",TBB,@KCC,DL,0.0,0.0,0.0,0.0,0.0,0.0,0.0,0.0,0.0,2.1,3.6
532,13317,"Godchaux, Davon",NEP,@TEN,DL,0.0,0.0,0.0,0.0,0.0,0.0,0.0,0.0,0.0,2.3,3.6
533,503,"Dolphins, Miami",MIA,@BUF,D,0.0,0.0,0.0,0.0,0.0,0.0,0.0,0.0,27.0,0.0,3.6
534,16694,"Fiske, Braden",LAR,@SEA,DL,0.0,0.0,0.0,0.0,0.0,0.0,0.0,0.0,0.0,1.8,3.5
535,16312,"Whyle, Josh",TEN,NEP,TE,0.0,0.0,0.0,0.0,1.7,17.0,0.0,0.0,0.0,0.0,3.5
536,16295,"Conner, Chamarri",KCC,TBB,DB,0.0,0.0,0.0,0.0,0.0,0.0,0.0,0.0,0.0,2.8,3.5
537,16268,"Turner, DJ",CIN,LVR,DB,0.0,0.0,0.0,0.0,0.0,0.0,0.0,0.0,0.0,2.7,3.5
538,16178,"Mitchell, Keaton",BAL,DEN,RB,0.0,0.0,17.0,0.1,0.4,6.0,0.0,0.0,0.0,0.0,3.5
539,15812,"Hall, Logan",TBB,@KCC,DL,0.0,0.0,0.0,0.0,0.0,0.0,0.0,0.0,0.0,2.0,3.5
540,15808,"Karlaftis, George",KCC,TBB,DL,0.0,0.0,0.0,0.0,0.0,0.0,0.0,0.0,0.0,1.5,3.5
541,15257,"Sermon, Trey",IND,@MIN,RB,0.0,0.0,19.0,0.1,0.6,4.0,0.0,0.0,0.0,0.0,3.5
542,14957,"Robertson, Amik",DET,@GBP,DB,0.0,0.0,0.0,0.0,0.0,0.0,0.0,0.0,0.0,2.5,3.5
543,14159,"Lawrence, Dexter",NYG,WAS,DL,0.0,0.0,0.0,0.0,0.0,0.0,0.0,0.0,0.0,1.9,3.5
544,14149,"Gary, Rashan",GBP,DET,DL,0.0,0.0,0.0,0.0,0.0,0.0,0.0,0.0,0.0,1.8,3.5
545,13707,"Ward, Denzel",CLE,LAC,DB,0.0,0.0,0.0,0.0,0.0,0.0,0.0,0.0,0.0,1.9,3.5
546,13414,"Hilton, Mike",CIN,LVR,DB,0.0,0.0,0.0,0.0,0.0,0.0,0.0,0.0,0.0,2.6,3.5
547,13296,"Wise, Deatrich",NEP,@TEN,DL,0.0,0.0,0.0,0.0,0.0,0.0,0.0,0.0,0.0,1.8,3.5
548,12714,"Fuller, Kendall",MIA,@BUF,DB,0.0,0.0,0.0,0.0,0.0,0.0,0.0,0.0,0.0,2.4,3.5
549,12677,"Hooper, Austin",NEP,@TEN,TE,0.0,0.0,0.0,0.0,1.7,15.0,0.1,0.0,0.0,0.0,3.5
550,10267,"Miller, Von",BUF,MIA,DL,0.0,0.0,0.0,0.0,0.0,0.0,0.0,0.0,0.0,2.0,3.5
551,16708,"Smith, Tykee",TBB,@KCC,DB,0.0,0.0,0.0,0.0,0.0,0.0,0.0,0.0,0.0,2.0,3.4
552,15626,"Wright, Brock",DET,@GBP,TE,0.0,0.0,0.0,0.0,1.5,11.0,0.1,0.0,0.0,0.0,3.4
553,15393,"Odighizuwa, Osa",DAL,@ATL,DL,0.0,0.0,0.0,0.0,0.0,0.0,0.0,0.0,0.0,2.1,3.4
554,15366,"Holland, Jevon",MIA,@BUF,DB,0.0,0.0,0.0,0.0,0.0,0.0,0.0,0.0,0.0,2.5,3.4
555,14977,"Osborn, K.J.",NEP,@TEN,WR,0.0,0.0,0.0,0.0,1.3,12.0,0.1,0.0,0.0,0.0,3.4
556,14900,"Madubuike, Nnamdi",BAL,DEN,DL,0.0,0.0,0.0,0.0,0.0,0.0,0.0,0.0,0.0,1.8,3.4
557,14157,"Williams, Quinnen",NYJ,HOU,DL,0.0,0.0,0.0,0.0,0.0,0.0,0.0,0.0,0.0,1.9,3.4
558,13693,"Phillips, Harrison",MIN,IND,DL,0.0,0.0,0.0,0.0,0.0,0.0,0.0,0.0,0.0,1.5,3.4
559,12741,"Jones, Chris",KCC,TBB,DL,0.0,0.0,0.0,0.0,0.0,0.0,0.0,0.0,0.0,1.4,3.4
560,16870,"Speights, Omar",LAR,@SEA,LB,0.0,0.0,0.0,0.0,0.0,0.0,0.0,0.0,0.0,2.2,3.3
561,16519,"Thomas, Starling",ARI,CHI,DB,0.0,0.0,0.0,0.0,0.0,0.0,0.0,0.0,0.0,2.4,3.3
562,16457,"Izien, Christian",TBB,@KCC,DB,0.0,0.0,0.0,0.0,0.0,0.0,0.0,0.0,0.0,2.6,3.3
563,16274,"Williams, Garrett",ARI,CHI,DB,0.0,0.0,0.0,0.0,0.0,0.0,0.0,0.0,0.0,2.3,3.3
564,16265,"Dexter, Gervon",CHI,@ARI,DL,0.0,0.0,0.0,0.0,0.0,0.0,0.0,0.0,0.0,1.7,3.3
565,15874,"Butler, Percy",WAS,@NYG,DB,0.0,0.0,0.0,0.0,0.0,0.0,0.0,0.0,0.0,2.2,3.3
566,15852,"Gordon, Kyler",CHI,@ARI,DB,0.0,0.0,0.0,0.0,0.0,0.0,0.0,0.0,0.0,2.2,3.3
567,15614,"McCloud, Nick",NYG,WAS,DB,0.0,0.0,0.0,0.0,0.0,0.0,0.0,0.0,0.0,2.3,3.3
568,15357,"Barmore, Christian",NEP,@TEN,DL,0.0,0.0,0.0,0.0,0.0,0.0,0.0,0.0,0.0,2.0,3.3
569,14919,"Igbinoghene, Noah",WAS,@NYG,DB,0.0,0.0,0.0,0.0,0.0,0.0,0.0,0.0,0.0,2.4,3.3
570,14799,"Akers, Cam",MIN,IND,RB,0.0,0.0,14.0,0.1,0.7,4.0,0.1,0.0,0.0,0.0,3.3
571,13810,"Joseph-Day, Sebastian",TEN,NEP,DL,0.0,0.0,0.0,0.0,0.0,0.0,0.0,0.0,0.0,1.7,3.3
572,13759,"Armstrong, Dorance",WAS,@NYG,DL,0.0,0.0,0.0,0.0,0.0,0.0,0.0,0.0,0.0,1.5,3.3
573,13690,"Sweat, Josh",PHI,JAC,DL,0.0,0.0,0.0,0.0,0.0,0.0,0.0,0.0,0.0,1.7,3.3
574,13678,"Thomas, Ian",CAR,NOS,TE,0.0,0.0,0.0,0.0,1.8,13.0,0.0,0.0,0.0,0.0,3.3
575,13258,"Walker, DeMarcus",CHI,@ARI,DL,0.0,0.0,0.0,0.0,0.0,0.0,0.0,0.0,0.0,1.8,3.3
576,12988,"Jones, Jonathan",NEP,@TEN,DB,0.0,0.0,0.0,0.0,0.0,0.0,0.0,0.0,0.0,2.5,3.3
577,12698,"Reed, Jarran",SEA,LAR,DL,0.0,0.0,0.0,0.0,0.0,0.0,0.0,0.0,0.0,1.7,3.3
578,9051,"Campbell, Calais",MIA,@BUF,DL,0.0,0.0,0.0,0.0,0.0,0.0,0.0,0.0,0.0,1.7,3.3
579,527,"Panthers, Carolina",CAR,NOS,D,0.0,0.0,0.0,0.0,0.0,0.0,0.0,0.0,25.3,0.0,3.3
580,16626,"Mitchell, Adonai",IND,@MIN,WR,0.0,0.0,1.0,0.0,1.5,16.0,0.0,0.0,0.0,0.0,3.2
581,16604,"Lloyd, MarShawn",GBP,DET,RB,0.0,0.0,20.0,0.0,0.7,3.0,0.0,0.0,0.0,0.0,3.2
582,16593,"Corum, Blake",LAR,@SEA,RB,0.0,0.0,21.0,0.1,0.4,3.0,0.0,0.0,0.0,0.0,3.2
583,16245,"Battle, Jordan",CIN,LVR,DB,0.0,0.0,0.0,0.0,0.0,0.0,0.0,0.0,0.0,2.2,3.2
584,14899,"Kinlaw, Javon",NYJ,HOU,DL,0.0,0.0,0.0,0.0,0.0,0.0,0.0,0.0,0.0,2.0,3.2
585,14675,"Tuttle, Shy",CAR,NOS,DL,0.0,0.0,0.0,0.0,0.0,0.0,0.0,0.0,0.0,1.7,3.2
586,14263,"Ballentine, Corey",GBP,DET,DB,0.0,0.0,0.0,0.0,0.0,0.0,0.0,0.0,0.0,2.2,3.2
587,14199,"Murphy-Bunting, Sean",ARI,CHI,DB,0.0,0.0,0.0,0.0,0.0,0.0,0.0,0.0,0.0,2.0,3.2
588,13685,"Okoronkwo, Ogbonnia",CLE,LAC,DL,0.0,0.0,0.0,0.0,0.0,0.0,0.0,0.0,0.0,2.1,3.2
589,13139,"Williams, Jamaal",NOS,@CAR,RB,0.0,0.0,15.0,0.1,0.8,4.0,0.0,0.0,0.0,0.0,3.2
590,16723,"Barner, AJ",SEA,LAR,TE,0.0,0.0,0.0,0.0,1.6,14.0,0.0,0.0,0.0,0.0,3.1
591,16722,"Knight, Tyrice",SEA,LAR,LB,0.0,0.0,0.0,0.0,0.0,0.0,0.0,0.0,0.0,2.3,3.1
592,16690,"Mitchell, Quinyon",PHI,JAC,DB,0.0,0.0,0.0,0.0,0.0,0.0,0.0,0.0,0.0,2.2,3.1
593,16651,"Latu, Laiatu",IND,@MIN,DL,0.0,0.0,0.0,0.0,0.0,0.0,0.0,0.0,0.0,1.6,3.1
594,16391,"Luepke, Hunter",DAL,@ATL,RB,0.0,0.0,1.0,0.2,0.6,12.0,0.0,0.0,0.0,0.0,3.1
595,16212,"Mayer, Michael",LVR,@CIN,TE,0.0,0.0,0.0,0.0,1.5,14.0,0.0,0.0,0.0,0.0,3.1
596,16138,"Olubi, Segun",IND,@MIN,LB,0.0,0.0,0.0,0.0,0.0,0.0,0.0,0.0,0.0,2.0,3.1
597,15981,"Turpin, KaVontae",DAL,@ATL,WR,0.0,0.0,4.0,0.0,1.0,9.0,0.1,0.0,0.0,0.0,3.1
598,15975,"Sanborn, Jack",CHI,@ARI,LB,0.0,0.0,0.0,0.0,0.0,0.0,0.0,0.0,0.0,2.2,3.1
599,15873,"Bellinger, Daniel",NYG,WAS,TE,0.0,0.0,0.0,0.0,1.5,17.0,0.0,0.0,0.0,0.0,3.1
600,15759,"Metchie, John",HOU,@NYJ,WR,0.0,0.0,0.0,0.0,1.5,15.0,0.0,0.0,0.0,0.0,3.1
601,15755,"Dotson, Jahan",PHI,JAC,WR,0.0,0.0,1.0,0.0,1.4,12.0,0.1,0.0,0.0,0.0,3.1
602,15693,"Howell, Sam",SEA,LAR,QB,42.0,0.2,3.0,0.1,0.0,0.0,0.0,0.0,0.0,0.0,3.1
603,15432,"Carter, Michael",NYJ,HOU,DB,0.0,0.0,0.0,0.0,0.0,0.0,0.0,0.0,0.0,2.2,3.1
604,14877,"Young, Chase",NOS,@CAR,DL,0.0,0.0,0.0,0.0,0.0,0.0,0.0,0.0,0.0,1.8,3.1
605,14864,"Johnson, Tyler",LAR,@SEA,WR,0.0,0.0,0.0,0.0,1.4,14.0,0.0,0.0,0.0,0.0,3.1
606,14158,"Oliver, Ed",BUF,MIA,DL,0.0,0.0,0.0,0.0,0.0,0.0,0.0,0.0,0.0,1.7,3.1
607,13377,"Patrick, Tim",DET,@GBP,WR,0.0,0.0,0.0,0.0,1.2,18.0,0.0,0.0,0.0,0.0,3.1
608,13263,"Awuzie, Chidobe",TEN,NEP,DB,0.0,0.0,0.0,0.0,0.0,0.0,0.0,0.0,0.0,2.6,3.1
609,13085,"Fox, Morgan",LAC,@CLE,DL,0.0,0.0,0.0,0.0,0.0,0.0,0.0,0.0,0.0,2.0,3.1
610,12795,"Judon, Matt",ATL,DAL,DL,0.0,0.0,0.0,0.0,0.0,0.0,0.0,0.0,0.0,1.4,3.1
611,11679,"Beckham, Odell",MIA,@BUF,WR,0.0,0.0,0.0,0.0,1.1,17.0,0.1,0.0,0.0,0.0,3.1
612,16741,"Smith-Wade, Chau",CAR,NOS,DB,0.0,0.0,0.0,0.0,0.0,0.0,0.0,0.0,0.0,1.9,3.0
613,15880,"Evans, Akayleb",MIN,IND,DB,0.0,0.0,0.0,0.0,0.0,0.0,0.0,0.0,0.0,2.3,3.0
614,15332,"Tremble, Tommy",CAR,NOS,TE,0.0,0.0,0.0,0.0,1.5,11.0,0.1,0.0,0.0,0.0,3.0
615,14803,"Edwards-Helaire, Clyde",KCC,TBB,RB,0.0,0.0,10.0,0.0,0.9,10.0,0.0,0.0,0.0,0.0,3.0
616,13942,"Gray, J.T.",NOS,@CAR,DB,0.0,0.0,0.0,0.0,0.0,0.0,0.0,0.0,0.0,1.9,3.0
617,13289,"Hollins, Mack",BUF,MIA,WR,0.0,0.0,0.0,0.0,0.9,10.0,0.2,0.0,0.0,0.0,3.0
618,12270,"Smith, Preston",GBP,DET,DL,0.0,0.0,0.0,0.0,0.0,0.0,0.0,0.0,0.0,1.3,3.0
619,11872,"Harris, Shelby",CLE,LAC,DL,0.0,0.0,0.0,0.0,0.0,0.0,0.0,0.0,0.0,1.6,3.0
620,10413,"Taylor, Tyrod",NYJ,HOU,QB,31.0,0.3,7.0,0.0,0.0,0.0,0.0,0.0,0.0,0.0,3.0
621,16759,"Muasau, Darius",NYG,WAS,LB,0.0,0.0,0.0,0.0,0.0,0.0,0.0,0.0,0.0,1.8,2.9
622,16314,"Dennis, SirVocea",TBB,@KCC,LB,0.0,0.0,0.0,0.0,0.0,0.0,0.0,0.0,0.0,2.1,2.9
623,16296,"Miller, Ventrell",JAC,@PHI,LB,0.0,0.0,0.0,0.0,0.0,0.0,0.0,0.0,0.0,1.8,2.9
624,16233,"Carter, Jalen",PHI,JAC,DL,0.0,0.0,0.0,0.0,0.0,0.0,0.0,0.0,0.0,1.2,2.9
625,15926,"Taylor, Ja'Sir",LAC,@CLE,DB,0.0,0.0,0.0,0.0,0.0,0.0,0.0,0.0,0.0,1.7,2.9
626,15409,"Barnes, Derrick",DET,@GBP,LB,0.0,0.0,0.0,0.0,0.0,0.0,0.0,0.0,0.0,2.0,2.9
627,15402,"Molden, Elijah",LAC,@CLE,DB,0.0,0.0,0.0,0.0,0.0,0.0,0.0,0.0,0.0,1.9,2.9
628,15379,"Tryon, Joe",TBB,@KCC,DL,0.0,0.0,0.0,0.0,0.0,0.0,0.0,0.0,0.0,1.5,2.9
629,15082,"Barnes, Krys",ARI,CHI,LB,0.0,0.0,0.0,0.0,0.0,0.0,0.0,0.0,0.0,1.8,2.9
630,14948,"Walker, Mykal",WAS,@NYG,LB,0.0,0.0,0.0,0.0,0.0,0.0,0.0,0.0,0.0,1.9,2.9
631,14212,"Takitaki, Sione",NEP,@TEN,LB,0.0,0.0,0.0,0.0,0.0,0.0,0.0,0.0,0.0,2.0,2.9
632,13298,"Stewart, Grover",IND,@MIN,DL,0.0,0.0,0.0,0.0,0.0,0.0,0.0,0.0,0.0,1.5,2.9
633,12782,"Onyemata, David",ATL,DAL,DL,0.0,0.0,0.0,0.0,0.0,0.0,0.0,0.0,0.0,1.6,2.9
634,12155,"Abdullah, Ameer",LVR,@CIN,RB,0.0,0.0,7.0,0.0,1.4,9.0,0.0,0.0,0.0,0.0,2.9
635,11017,"McLeod, Rodney",CLE,LAC,DB,0.0,0.0,0.0,0.0,0.0,0.0,0.0,0.0,0.0,1.9,2.9
636,16912,"McCollough, Jaylen",LAR,@SEA,DB,0.0,0.0,0.0,0.0,0.0,0.0,0.0,0.0,0.0,1.2,2.8
637,16695,"Melton, Max",ARI,CHI,DB,0.0,0.0,0.0,0.0,0.0,0.0,0.0,0.0,0.0,2.2,2.8
638,16242,"Ringo, Kelee",PHI,JAC,DB,0.0,0.0,0.0,0.0,0.0,0.0,0.0,0.0,0.0,1.7,2.8
639,16230,"Van Ness, Lukas",GBP,DET,DL,0.0,0.0,0.0,0.0,0.0,0.0,0.0,0.0,0.0,2.1,2.8
640,16193,"Boutte, Kayshon",NEP,@TEN,WR,0.0,0.0,0.0,0.0,1.1,16.0,0.0,0.0,0.0,0.0,2.8
641,15385,"Ojulari, Azeez",NYG,WAS,DL,0.0,0.0,0.0,0.0,0.0,0.0,0.0,0.0,0.0,1.2,2.8
642,15121,"Huff, Bryce",PHI,JAC,DL,0.0,0.0,0.0,0.0,0.0,0.0,0.0,0.0,0.0,1.3,2.8
643,14930,"Hamilton, Davon",JAC,@PHI,DL,0.0,0.0,0.0,0.0,0.0,0.0,0.0,0.0,0.0,1.9,2.8
644,13226,"Jackson, Adoree",NYG,WAS,DB,0.0,0.0,0.0,0.0,0.0,0.0,0.0,0.0,0.0,2.0,2.8
645,13204,"Harris, Charles",CAR,NOS,DL,0.0,0.0,0.0,0.0,0.0,0.0,0.0,0.0,0.0,1.5,2.8
646,12735,"Rankins, Sheldon",CIN,LVR,DL,0.0,0.0,0.0,0.0,0.0,0.0,0.0,0.0,0.0,1.7,2.8
647,12680,"Vannett, Nick",TEN,NEP,TE,0.0,0.0,0.0,0.0,1.2,7.0,0.1,0.0,0.0,0.0,2.8
648,9694,"Gano, Graham",NYG,WAS,K,0.0,0.0,0.0,0.0,0.0,0.0,0.0,1.2,0.0,0.0,2.8
649,16515,"Finley, AJ",LAC,@CLE,DB,0.0,0.0,0.0,0.0,0.0,0.0,0.0,0.0,0.0,1.8,2.7
650,16460,"Hickman, Ronnie",CLE,LAC,DB,0.0,0.0,0.0,0.0,0.0,0.0,0.0,0.0,0.0,2.0,2.7
651,16293,"Phillips, Clark",ATL,DAL,DB,0.0,0.0,0.0,0.0,0.0,0.0,0.0,0.0,0.0,1.9,2.7
652,15998,"Ray, LaBryan",CAR,NOS,DL,0.0,0.0,0.0,0.0,0.0,0.0,0.0,0.0,0.0,1.4,2.7
653,15885,"Williams, Joshua",KCC,TBB,DB,0.0,0.0,0.0,0.0,0.0,0.0,0.0,0.0,0.0,1.8,2.7
654,15796,"Ruckert, Jeremy",NYJ,HOU,TE,0.0,0.0,0.0,0.0,1.6,11.0,0.0,0.0,0.0,0.0,2.7
655,15390,"McNeill, Alim",DET,@GBP,DL,0.0,0.0,0.0,0.0,0.0,0.0,0.0,0.0,0.0,1.1,2.7
656,15081,"Wharton, Tershawn",KCC,TBB,DL,0.0,0.0,0.0,0.0,0.0,0.0,0.0,0.0,0.0,1.3,2.7
657,14821,"Hasty, JaMycal",NEP,@TEN,RB,0.0,0.0,4.0,0.0,0.8,7.0,0.1,0.0,0.0,0.0,2.7
658,14146,"Sample, Drew",CIN,LVR,TE,0.0,0.0,0.0,0.0,1.3,11.0,0.1,0.0,0.0,0.0,2.7
659,14017,"Wilson, Jeffery",MIA,@BUF,RB,0.0,0.0,15.0,0.0,0.8,5.0,0.0,0.0,0.0,0.0,2.7
660,13723,"Payne, Da'Ron",WAS,@NYG,DL,0.0,0.0,0.0,0.0,0.0,0.0,0.0,0.0,0.0,1.7,2.7
661,13668,"Chark, D.J.",LAC,@CLE,WR,0.0,0.0,1.0,0.0,1.1,15.0,0.0,0.0,0.0,0.0,2.7
662,13157,"Samuel, Curtis",BUF,MIA,WR,0.0,0.0,1.0,0.0,1.3,12.0,0.0,0.0,0.0,0.0,2.7
663,13134,"Foreman, D'Onta",CLE,LAC,RB,0.0,0.0,17.0,0.0,0.5,4.0,0.0,0.0,0.0,0.0,2.7
664,12758,"Bullard, Jonathan",MIN,IND,DL,0.0,0.0,0.0,0.0,0.0,0.0,0.0,0.0,0.0,1.7,2.7
665,12739,"Clark, Kenny",GBP,DET,DL,0.0,0.0,0.0,0.0,0.0,0.0,0.0,0.0,0.0,1.4,2.7
666,12691,"Ogbah, Emmanuel",MIA,@BUF,DL,0.0,0.0,0.0,0.0,0.0,0.0,0.0,0.0,0.0,1.3,2.7
667,11723,"Van Noy, Kyle",BAL,DEN,LB,0.0,0.0,0.0,0.0,0.0,0.0,0.0,0.0,0.0,1.4,2.7
668,16728,"Pritchett, Nehemiah",SEA,LAR,DB,0.0,0.0,0.0,0.0,0.0,0.0,0.0,0.0,0.0,2.0,2.6
669,16689,"Murphy, Byron",SEA,LAR,DL,0.0,0.0,0.0,0.0,0.0,0.0,0.0,0.0,0.0,1.5,2.6
670,16673,"Wiggins, Nate",BAL,DEN,DB,0.0,0.0,0.0,0.0,0.0,0.0,0.0,0.0,0.0,1.7,2.6
671,16258,"Smith, Mazi",DAL,@ATL,DL,0.0,0.0,0.0,0.0,0.0,0.0,0.0,0.0,0.0,1.7,2.6
672,16221,"Schoonmaker, Luke",DAL,@ATL,TE,0.0,0.0,0.0,0.0,1.2,10.0,0.1,0.0,0.0,0.0,2.6
673,16189,"Mims, Marvin",DEN,@BAL,WR,0.0,0.0,3.0,0.0,1.2,11.0,0.0,0.0,0.0,0.0,2.6
674,16102,"Pola-Mao, Isaiah",LVR,@CIN,DB,0.0,0.0,0.0,0.0,0.0,0.0,0.0,0.0,0.0,1.9,2.6
675,16026,"Jones, Jaylon",CHI,@ARI,DB,0.0,0.0,0.0,0.0,0.0,0.0,0.0,0.0,0.0,1.9,2.6
676,15830,"Muma, Chad",JAC,@PHI,LB,0.0,0.0,0.0,0.0,0.0,0.0,0.0,0.0,0.0,1.6,2.6
677,15813,"Enagbare, Kingsley",GBP,DET,DL,0.0,0.0,0.0,0.0,0.0,0.0,0.0,0.0,0.0,1.3,2.6
678,15785,"Melton, Bo",GBP,DET,WR,0.0,0.0,3.0,0.0,1.0,12.0,0.0,0.0,0.0,0.0,2.6
679,15461,"Lopez, Roy",ARI,CHI,DL,0.0,0.0,0.0,0.0,0.0,0.0,0.0,0.0,0.0,1.4,2.6
680,14971,"Washington, Broderick",BAL,DEN,DL,0.0,0.0,0.0,0.0,0.0,0.0,0.0,0.0,0.0,1.2,2.6
681,14670,"Ekuale, Daniel",NEP,@TEN,DL,0.0,0.0,0.0,0.0,0.0,0.0,0.0,0.0,0.0,1.6,2.6
682,14215,"Saunders, Khalen",NOS,@CAR,DL,0.0,0.0,0.0,0.0,0.0,0.0,0.0,0.0,0.0,1.3,2.6
683,14113,"Hardman, Mecole",KCC,TBB,WR,0.0,0.0,0.0,0.0,1.3,12.0,0.0,0.0,0.0,0.0,2.6
684,13953,"Thomas, Tavierre",TBB,@KCC,DB,0.0,0.0,0.0,0.0,0.0,0.0,0.0,0.0,0.0,1.6,2.6
685,13199,"Thomas, Solomon",NYJ,HOU,DL,0.0,0.0,0.0,0.0,0.0,0.0,0.0,0.0,0.0,1.1,2.6
686,13154,"Williams, Mike",NYJ,HOU,WR,0.0,0.0,0.0,0.0,1.0,14.0,0.0,0.0,0.0,0.0,2.6
687,12083,"Autry, Denico",HOU,@NYJ,DL,0.0,0.0,0.0,0.0,0.0,0.0,0.0,0.0,0.0,1.4,2.6
688,16737,"Newton, Josh",CIN,LVR,DB,0.0,0.0,0.0,0.0,0.0,0.0,0.0,0.0,0.0,1.7,2.5
689,16693,"Sweat, T'Vondre",TEN,NEP,DL,0.0,0.0,0.0,0.0,0.0,0.0,0.0,0.0,0.0,1.6,2.5
690,16413,"Heath, Malik",GBP,DET,WR,0.0,0.0,0.0,0.0,1.3,9.0,0.1,0.0,0.0,0.0,2.5
691,16253,"Forbes, Emmanuel",WAS,@NYG,DB,0.0,0.0,0.0,0.0,0.0,0.0,0.0,0.0,0.0,1.5,2.5
692,16235,"Hall, Derick",SEA,LAR,DL,0.0,0.0,0.0,0.0,0.0,0.0,0.0,0.0,0.0,1.4,2.5
693,14984,"Woerner, Charlie",ATL,DAL,TE,0.0,0.0,0.0,0.0,1.2,12.0,0.0,0.0,0.0,0.0,2.5
694,13770,"Franklin-Myers, John",DEN,@BAL,DL,0.0,0.0,0.0,0.0,0.0,0.0,0.0,0.0,0.0,1.2,2.5
695,13676,"Smythe, Durham",MIA,@BUF,TE,0.0,0.0,0.0,0.0,1.3,12.0,0.0,0.0,0.0,0.0,2.5
696,13236,"Everett, Gerald",CHI,@ARI,TE,0.0,0.0,0.0,0.0,1.3,8.0,0.1,0.0,0.0,0.0,2.5
697,13220,"Riley, Duke",MIA,@BUF,LB,0.0,0.0,0.0,0.0,0.0,0.0,0.0,0.0,0.0,1.7,2.5
698,12828,"Grugier-Hill, Kamu",MIN,IND,LB,0.0,0.0,0.0,0.0,0.0,0.0,0.0,0.0,0.0,1.1,2.5
699,12476,"Heinicke, Taylor",LAC,@CLE,QB,35.0,0.2,3.0,0.0,0.0,0.0,0.0,0.0,0.0,0.0,2.5
700,12305,"Jarrett, Grady",ATL,DAL,DL,0.0,0.0,0.0,0.0,0.0,0.0,0.0,0.0,0.0,1.4,2.5
701,11793,"Jones, DaQuan",BUF,MIA,DL,0.0,0.0,0.0,0.0,0.0,0.0,0.0,0.0,0.0,1.3,2.5
702,16815,"Jacobs, Curtis",NEP,@TEN,LB,0.0,0.0,0.0,0.0,0.0,0.0,0.0,0.0,0.0,1.3,2.4
703,16736,"Brownlee, Jarvis",TEN,NEP,DB,0.0,0.0,0.0,0.0,0.0,0.0,0.0,0.0,0.0,1.9,2.4
704,16631,"Polk, Ja'Lynn",NEP,@TEN,WR,0.0,0.0,0.0,0.0,1.2,10.0,0.0,0.0,0.0,0.0,2.4
705,16610,"Wright, Jaylen",MIA,@BUF,RB,0.0,0.0,18.0,0.0,0.3,3.0,0.0,0.0,0.0,0.0,2.4
706,16416,"Gipson, Xavier",NYJ,HOU,WR,0.0,0.0,1.0,0.1,1.0,9.0,0.0,0.0,0.0,0.0,2.4
707,16224,"Murphy, Myles",CIN,LVR,DL,0.0,0.0,0.0,0.0,0.0,0.0,0.0,0.0,0.0,1.5,2.4
708,16023,"Bell, D'Anthony",CLE,LAC,DB,0.0,0.0,0.0,0.0,0.0,0.0,0.0,0.0,0.0,1.8,2.4
709,15898,"Ogbonnia, Otito",LAC,@CLE,DL,0.0,0.0,0.0,0.0,0.0,0.0,0.0,0.0,0.0,1.3,2.4
710,15819,"Wyatt, Devonte",GBP,DET,DL,0.0,0.0,0.0,0.0,0.0,0.0,0.0,0.0,0.0,1.3,2.4
711,15699,"Thompson, Skylar",MIA,@BUF,QB,52.0,0.1,1.0,0.0,0.0,0.0,0.0,0.0,0.0,0.0,2.4
712,15510,"Washington, Ar'Darius",BAL,DEN,DB,0.0,0.0,0.0,0.0,0.0,0.0,0.0,0.0,0.0,1.7,2.4
713,14414,"Owens, Jonathan",CHI,@ARI,DB,0.0,0.0,0.0,0.0,0.0,0.0,0.0,0.0,0.0,1.9,2.4
714,14197,"Savage, Darnell",JAC,@PHI,DB,0.0,0.0,0.0,0.0,0.0,0.0,0.0,0.0,0.0,1.8,2.4
715,14164,"Jones, Dre'Mont",SEA,LAR,DL,0.0,0.0,0.0,0.0,0.0,0.0,0.0,0.0,0.0,1.3,2.4
716,14154,"Nelson, Anthony",TBB,@KCC,DL,0.0,0.0,0.0,0.0,0.0,0.0,0.0,0.0,0.0,1.5,2.4
717,13933,"Ford, Poona",LAC,@CLE,DL,0.0,0.0,0.0,0.0,0.0,0.0,0.0,0.0,0.0,1.2,2.4
718,13260,"Tomlinson, Dalvin",CLE,LAC,DL,0.0,0.0,0.0,0.0,0.0,0.0,0.0,0.0,0.0,1.3,2.4
719,13229,"Jackson, Eddie",BAL,DEN,DB,0.0,0.0,0.0,0.0,0.0,0.0,0.0,0.0,0.0,1.8,2.4
720,9826,"Graham, Brandon",PHI,JAC,DL,0.0,0.0,0.0,0.0,0.0,0.0,0.0,0.0,0.0,1.4,2.4
721,16642,"Stover, Cade",HOU,@NYJ,TE,0.0,0.0,0.0,0.0,1.1,12.0,0.0,0.0,0.0,0.0,2.3
722,16362,"Johnson, Anthony",NYG,WAS,DB,0.0,0.0,0.0,0.0,0.0,0.0,0.0,0.0,0.0,1.7,2.3
723,16326,"Hayes, Josh",TBB,@KCC,DB,0.0,0.0,0.0,0.0,0.0,0.0,0.0,0.0,0.0,1.4,2.3
724,16256,"Bresee, Bryan",NOS,@CAR,DL,0.0,0.0,0.0,0.0,0.0,0.0,0.0,0.0,0.0,1.1,2.3
725,15915,"Barno, Amare",CAR,NOS,DL,0.0,0.0,0.0,0.0,0.0,0.0,0.0,0.0,0.0,1.3,2.3
726,15817,"Davis, Jordan",PHI,JAC,DL,0.0,0.0,0.0,0.0,0.0,0.0,0.0,0.0,0.0,1.1,2.3
727,15733,"Strong Jr., Pierre",CLE,LAC,RB,0.0,0.0,11.0,0.0,0.7,5.0,0.0,0.0,0.0,0.0,2.3
728,15694,"Willis, Malik",GBP,DET,QB,19.0,0.2,7.0,0.0,0.0,0.0,0.0,0.0,0.0,0.0,2.3
729,15446,"Slaton, Tedarrell",GBP,DET,DL,0.0,0.0,0.0,0.0,0.0,0.0,0.0,0.0,0.0,1.4,2.3
730,14947,"Wonnum, D.J.",CAR,NOS,DL,0.0,0.0,0.0,0.0,0.0,0.0,0.0,0.0,0.0,1.3,2.3
731,14926,"Gay, Willie",NOS,@CAR,LB,0.0,0.0,0.0,0.0,0.0,0.0,0.0,0.0,0.0,1.6,2.3
732,14331,"Johnson, D'Ernest",JAC,@PHI,RB,0.0,0.0,8.0,0.0,0.8,8.0,0.0,0.0,0.0,0.0,2.3
733,13893,"Sherfield, Trent",MIN,IND,WR,0.0,0.0,0.0,0.0,0.6,5.0,0.2,0.0,0.0,0.0,2.3
734,13798,"Fatukasi, Foley",HOU,@NYJ,DL,0.0,0.0,0.0,0.0,0.0,0.0,0.0,0.0,0.0,1.7,2.3
735,13447,"Wilson, Eric",GBP,DET,LB,0.0,0.0,0.0,0.0,0.0,0.0,0.0,0.0,0.0,1.4,2.3
736,13332,"Jones, D.J.",DEN,@BAL,DL,0.0,0.0,0.0,0.0,0.0,0.0,0.0,0.0,0.0,1.5,2.3
737,12923,"Ham, C.J.",MIN,IND,RB,0.0,0.0,2.0,0.2,0.8,4.0,0.0,0.0,0.0,0.0,2.3
738,16958,"Miller, Ryan",TBB,@KCC,WR,0.0,0.0,1.0,0.0,1.1,10.0,0.0,0.0,0.0,0.0,2.2
739,16492,"Cherelus, Claudin",CAR,NOS,LB,0.0,0.0,0.0,0.0,0.0,0.0,0.0,0.0,0.0,1.5,2.2
740,16300,"McGuire, Isaiah",CLE,LAC,DL,0.0,0.0,0.0,0.0,0.0,0.0,0.0,0.0,0.0,1.3,2.2
741,15956,"Hicks, Elijah",CHI,@ARI,DB,0.0,0.0,0.0,0.0,0.0,0.0,0.0,0.0,0.0,1.5,2.2
742,15908,"Butler, Matthew",LVR,@CIN,DL,0.0,0.0,0.0,0.0,0.0,0.0,0.0,0.0,0.0,1.2,2.2
743,15878,"Clemons, Micheal",NYJ,HOU,DL,0.0,0.0,0.0,0.0,0.0,0.0,0.0,0.0,0.0,1.1,2.2
744,15875,"Belton, Dane",NYG,WAS,DB,0.0,0.0,0.0,0.0,0.0,0.0,0.0,0.0,0.0,1.5,2.2
745,15851,"Ebiketie, Arnold",ATL,DAL,DL,0.0,0.0,0.0,0.0,0.0,0.0,0.0,0.0,0.0,1.3,2.2
746,15397,"Golston, Chauncey",DAL,@ATL,DL,0.0,0.0,0.0,0.0,0.0,0.0,0.0,0.0,0.0,1.4,2.2
747,15335,"Farrell, Luke",JAC,@PHI,TE,0.0,0.0,0.0,0.0,1.0,10.0,0.0,0.0,0.0,0.0,2.2
748,14997,"Rodgers, Isaiah",PHI,JAC,DB,0.0,0.0,0.0,0.0,0.0,0.0,0.0,0.0,0.0,1.5,2.2
749,13691,"Hurst, Maurice",CLE,LAC,DL,0.0,0.0,0.0,0.0,0.0,0.0,0.0,0.0,0.0,1.4,2.2
750,13143,"McNichols, Jeremy",WAS,@NYG,RB,0.0,0.0,14.0,0.1,0.1,1.0,0.0,0.0,0.0,0.0,2.2
751,12772,"Murray, Eric",HOU,@NYJ,DB,0.0,0.0,0.0,0.0,0.0,0.0,0.0,0.0,0.0,1.3,2.2
752,11678,"Robinson, Allen",DET,@GBP,WR,0.0,0.0,0.0,0.0,1.0,11.0,0.0,0.0,0.0,0.0,2.2
753,10292,"Jordan, Cameron",NOS,@CAR,DL,0.0,0.0,0.0,0.0,0.0,0.0,0.0,0.0,0.0,1.2,2.2
754,16665,"Colson, Junior",LAC,@CLE,LB,0.0,0.0,0.0,0.0,0.0,0.0,0.0,0.0,0.0,1.3,2.1
755,16228,"Smith, Nolan",PHI,JAC,DL,0.0,0.0,0.0,0.0,0.0,0.0,0.0,0.0,0.0,1.0,2.1
756,16227,"Harrison, Zach",ATL,DAL,DL,0.0,0.0,0.0,0.0,0.0,0.0,0.0,0.0,0.0,1.1,2.1
757,15787,"Thornton, Tyquan",NEP,@TEN,WR,0.0,0.0,1.0,0.0,1.0,10.0,0.0,0.0,0.0,0.0,2.1
758,15412,"Brown, Bobby",LAR,@SEA,DL,0.0,0.0,0.0,0.0,0.0,0.0,0.0,0.0,0.0,0.9,2.1
759,15377,"Stokes, Eric",GBP,DET,DB,0.0,0.0,0.0,0.0,0.0,0.0,0.0,0.0,0.0,1.6,2.1
760,15344,"Bates, John",WAS,@NYG,TE,0.0,0.0,0.0,0.0,0.9,8.0,0.1,0.0,0.0,0.0,2.1
761,15148,"Franklin, Sam",CAR,NOS,DB,0.0,0.0,0.0,0.0,0.0,0.0,0.0,0.0,0.0,1.0,2.1
762,14315,"Dulin, Ashton",IND,@MIN,WR,0.0,0.0,3.0,0.0,0.3,6.0,0.2,0.0,0.0,0.0,2.1
763,14155,"Collier, L.J.",ARI,CHI,DL,0.0,0.0,0.0,0.0,0.0,0.0,0.0,0.0,0.0,1.2,2.1
764,13736,"Stewart, M.J.",HOU,@NYJ,DB,0.0,0.0,0.0,0.0,0.0,0.0,0.0,0.0,0.0,1.4,2.1
765,13711,"Wallace, Levi",DEN,@BAL,DB,0.0,0.0,0.0,0.0,0.0,0.0,0.0,0.0,0.0,1.5,2.1
766,12217,"Fowler, Dante",WAS,@NYG,DL,0.0,0.0,0.0,0.0,0.0,0.0,0.0,0.0,0.0,1.0,2.1
767,16720,"Richardson, Decamerion",LVR,@CIN,DB,0.0,0.0,0.0,0.0,0.0,0.0,0.0,0.0,0.0,1.2,2.0
768,16595,"Estime, Audric",DEN,@BAL,RB,0.0,0.0,9.0,0.0,0.8,4.0,0.0,0.0,0.0,0.0,2.0
769,16321,"Smith, Christopher",LVR,@CIN,DB,0.0,0.0,0.0,0.0,0.0,0.0,0.0,0.0,0.0,1.1,2.0
770,16277,"Johnson, DJ",CAR,NOS,DL,0.0,0.0,0.0,0.0,0.0,0.0,0.0,0.0,0.0,0.9,2.0
771,16232,"Morris, Mike",SEA,LAR,DL,0.0,0.0,0.0,0.0,0.0,0.0,0.0,0.0,0.0,1.4,2.0
772,16220,"Mallory, Will",IND,@MIN,TE,0.0,0.0,0.0,0.0,0.9,10.0,0.0,0.0,0.0,0.0,2.0
773,16183,"Hyatt, Jalin",NYG,WAS,WR,0.0,0.0,0.0,0.0,1.0,10.0,0.0,0.0,0.0,0.0,2.0
774,15916,"Ogletree, Andrew",IND,@MIN,TE,0.0,0.0,0.0,0.0,0.8,10.0,0.0,0.0,0.0,0.0,2.0
775,15863,"Jones, Travis",BAL,DEN,DL,0.0,0.0,0.0,0.0,0.0,0.0,0.0,0.0,0.0,1.2,2.0
776,15847,"Elam, Kaiir",BUF,MIA,DB,0.0,0.0,0.0,0.0,0.0,0.0,0.0,0.0,0.0,1.4,2.0
777,15391,"Williams, Milton",PHI,JAC,DL,0.0,0.0,0.0,0.0,0.0,0.0,0.0,0.0,0.0,1.1,2.0
778,15388,"Ossai, Joseph",CIN,LVR,DL,0.0,0.0,0.0,0.0,0.0,0.0,0.0,0.0,0.0,1.1,2.0
779,15363,"Melifonwu, Ifeatu",DET,@GBP,DB,0.0,0.0,0.0,0.0,0.0,0.0,0.0,0.0,0.0,1.2,2.0
780,14420,"Ingold, Alec",MIA,@BUF,RB,0.0,0.0,2.0,0.1,0.6,6.0,0.0,0.0,0.0,0.0,2.0
781,13750,"Burks, Oren",PHI,JAC,LB,0.0,0.0,0.0,0.0,0.0,0.0,0.0,0.0,0.0,1.3,2.0
782,13744,"Shepherd, Nathan",NOS,@CAR,DL,0.0,0.0,0.0,0.0,0.0,0.0,0.0,0.0,0.0,1.3,2.0
783,13694,"Settle, Tim",HOU,@NYJ,DL,0.0,0.0,0.0,0.0,0.0,0.0,0.0,0.0,0.0,1.4,2.0
784,13687,"Lewis, Tyquan",IND,@MIN,DL,0.0,0.0,0.0,0.0,0.0,0.0,0.0,0.0,0.0,1.2,2.0
785,13308,"Agnew, Jamal",JAC,@PHI,WR,0.0,0.0,0.0,0.0,0.9,11.0,0.0,0.0,0.0,0.0,2.0
786,13273,"Griffin, Shaq",MIN,IND,DB,0.0,0.0,0.0,0.0,0.0,0.0,0.0,0.0,0.0,1.2,2.0
787,16875,"Chatman, Elijah",NYG,WAS,DL,0.0,0.0,0.0,0.0,0.0,0.0,0.0,0.0,0.0,1.0,1.9
788,16807,"Holker, Dallin",NOS,@CAR,TE,0.0,0.0,1.0,0.0,1.0,8.0,0.0,0.0,0.0,0.0,1.9
789,16662,"Jenkins, Kris",CIN,LVR,DL,0.0,0.0,0.0,0.0,0.0,0.0,0.0,0.0,0.0,1.0,1.9
790,16632,"Burton, Jermaine",CIN,LVR,WR,0.0,0.0,0.0,0.0,0.6,12.0,0.0,0.0,0.0,0.0,1.9
791,16594,"Benson, Trey",ARI,CHI,RB,0.0,0.0,12.0,0.0,0.4,2.0,0.0,0.0,0.0,0.0,1.9
792,16556,"Bonner, Ethan",MIA,@BUF,DB,0.0,0.0,0.0,0.0,0.0,0.0,0.0,0.0,0.0,1.2,1.9
793,16510,"Pharms, Jeremiah",NEP,@TEN,DL,0.0,0.0,0.0,0.0,0.0,0.0,0.0,0.0,0.0,1.3,1.9
794,16474,"Adkins, Nate",DEN,@BAL,TE,0.0,0.0,0.0,0.0,0.7,5.0,0.1,0.0,0.0,0.0,1.9
795,16299,"Davis, Derius",LAC,@CLE,WR,0.0,0.0,5.0,0.0,0.9,5.0,0.0,0.0,0.0,0.0,1.9
796,16205,"Scott, Tyler",CHI,@ARI,WR,0.0,0.0,3.0,0.0,0.8,8.0,0.0,0.0,0.0,0.0,1.9
797,16176,"Vaughn, Deuce",DAL,@ATL,RB,0.0,0.0,8.0,0.0,0.7,4.0,0.0,0.0,0.0,0.0,1.9
798,16029,"Avery, Tre",TEN,NEP,DB,0.0,0.0,0.0,0.0,0.0,0.0,0.0,0.0,0.0,1.7,1.9
799,16019,"Hansen, Jake",HOU,@NYJ,LB,0.0,0.0,0.0,0.0,0.0,0.0,0.0,0.0,0.0,1.3,1.9
800,15970,"Krull, Lucas",DEN,@BAL,TE,0.0,0.0,0.0,0.0,0.9,9.0,0.0,0.0,0.0,0.0,1.9
801,15946,"Thomas II, Rodney",IND,@MIN,DB,0.0,0.0,0.0,0.0,0.0,0.0,0.0,0.0,0.0,1.4,1.9
802,15941,"Young, Dareke",SEA,LAR,WR,0.0,0.0,0.1,0.0,1.1,9.0,0.0,0.0,0.0,0.0,1.9
803,15905,"Quitoriano, Teagan",HOU,@NYJ,TE,0.0,0.0,0.0,0.0,0.6,11.0,0.0,0.0,0.0,0.0,1.9
804,15902,"Otomewo, Esezi",JAC,@PHI,DL,0.0,0.0,0.0,0.0,0.0,0.0,0.0,0.0,0.0,1.0,1.9
805,15872,"Bryant, Coby",SEA,LAR,DB,0.0,0.0,0.0,0.0,0.0,0.0,0.0,0.0,0.0,1.4,1.9
806,14254,"Omenihu, Charles",KCC,TBB,DL,0.0,0.0,0.0,0.0,0.0,0.0,0.0,0.0,0.0,0.9,1.9
807,13709,"Oliver, Isaiah",NYJ,HOU,DB,0.0,0.0,0.0,0.0,0.0,0.0,0.0,0.0,0.0,1.3,1.9
808,12481,"Hewitt, Neville",HOU,@NYJ,LB,0.0,0.0,0.0,0.0,0.0,0.0,0.0,0.0,0.0,1.4,1.9
809,11286,"Jenkins, John",LVR,@CIN,DL,0.0,0.0,0.0,0.0,0.0,0.0,0.0,0.0,0.0,0.7,1.9
810,16861,"Johnson, Dyontae",NYG,WAS,LB,0.0,0.0,0.0,0.0,0.0,0.0,0.0,0.0,0.0,1.2,1.8
811,16778,"Flournoy, Ryan",DAL,@ATL,WR,0.0,0.0,1.0,0.0,0.9,8.0,0.0,0.0,0.0,0.0,1.8
812,16734,"Booker, Austin",CHI,@ARI,DL,0.0,0.0,0.0,0.0,0.0,0.0,0.0,0.0,0.0,1.3,1.8
813,16654,"Elliss, Jonah",DEN,@BAL,DL,0.0,0.0,0.0,0.0,0.0,0.0,0.0,0.0,0.0,1.0,1.8
814,16650,"Turner, Dallas",MIN,IND,DL,0.0,0.0,0.0,0.0,0.0,0.0,0.0,0.0,0.0,1.0,1.8
815,16072,"Cochrane, Jack",KCC,TBB,LB,0.0,0.0,0.0,0.0,0.0,0.0,0.0,0.0,0.0,1.3,1.8
816,16005,"Jones, Tim",JAC,@PHI,WR,0.0,0.0,0.0,0.0,0.9,9.0,0.0,0.0,0.0,0.0,1.8
817,15958,"Luketa, Jesse",ARI,CHI,DL,0.0,0.0,0.0,0.0,0.0,0.0,0.0,0.0,0.0,1.0,1.8
818,15492,"Tonga, Khyiris",ARI,CHI,DL,0.0,0.0,0.0,0.0,0.0,0.0,0.0,0.0,0.0,1.1,1.8
819,15422,"Wilson, Marco",NEP,@TEN,DB,0.0,0.0,0.0,0.0,0.0,0.0,0.0,0.0,0.0,1.3,1.8
820,14950,"Wallace, K'Von",SEA,LAR,DB,0.0,0.0,0.0,0.0,0.0,0.0,0.0,0.0,0.0,1.2,1.8
821,13968,"Mullens, Nick",MIN,IND,QB,35.0,0.1,1.0,0.0,0.0,0.0,0.0,0.0,0.0,0.0,1.8
822,13201,"Barnett, Derek",HOU,@NYJ,DL,0.0,0.0,0.0,0.0,0.0,0.0,0.0,0.0,0.0,1.0,1.8
823,12978,"Goodwin, C.J.",DAL,@ATL,DB,0.0,0.0,0.0,0.0,0.0,0.0,0.0,0.0,0.0,1.3,1.8
824,12699,"Billings, Andrew",CHI,@ARI,DL,0.0,0.0,0.0,0.0,0.0,0.0,0.0,0.0,0.0,1.3,1.8
825,8269,"Lewis, Marcedes",CHI,@ARI,TE,0.0,0.0,0.0,0.0,0.5,2.0,0.2,0.0,0.0,0.0,1.8
826,16472,"Thomas, Juanyeh",DAL,@ATL,DB,0.0,0.0,0.0,0.0,0.0,0.0,0.0,0.0,0.0,1.2,1.7
827,16384,"Bagent, Tyson",CHI,@ARI,QB,22.0,0.1,1.0,0.1,0.0,0.0,0.0,0.0,0.0,0.0,1.7
828,16298,"Robinson, Tavius",BAL,DEN,DL,0.0,0.0,0.0,0.0,0.0,0.0,0.0,0.0,0.0,0.6,1.7
829,16257,"Anudike-Uzomah, Felix",KCC,TBB,DL,0.0,0.0,0.0,0.0,0.0,0.0,0.0,0.0,0.0,1.1,1.7
830,15829,"Asamoah, Brian",MIN,IND,LB,0.0,0.0,0.0,0.0,0.0,0.0,0.0,0.0,0.0,1.2,1.7
831,15421,"Robinson, Janarius",LVR,@CIN,DL,0.0,0.0,0.0,0.0,0.0,0.0,0.0,0.0,0.0,1.0,1.7
832,14923,"Taylor, Darrell",CHI,@ARI,DL,0.0,0.0,0.0,0.0,0.0,0.0,0.0,0.0,0.0,0.8,1.7
833,14328,"Wingard, Andrew",JAC,@PHI,DB,0.0,0.0,0.0,0.0,0.0,0.0,0.0,0.0,0.0,1.1,1.7
834,13267,"Smoot, Dawuane",BUF,MIA,DL,0.0,0.0,0.0,0.0,0.0,0.0,0.0,0.0,0.0,1.0,1.7
835,12750,"Bradberry, James",PHI,JAC,DB,0.0,0.0,0.0,0.0,0.0,0.0,0.0,0.0,0.0,1.2,1.7
836,16758,"Jackson, Jha'Quan",TEN,NEP,WR,0.0,0.0,0.0,0.0,1.0,6.0,0.0,0.0,0.0,0.0,1.6
837,16483,"Sims, Ben",GBP,DET,TE,0.0,0.0,0.0,0.0,0.8,6.0,0.1,0.0,0.0,0.0,1.6
838,16328,"Barnes, Zaire",NYJ,HOU,LB,0.0,0.0,0.0,0.0,0.0,0.0,0.0,0.0,0.0,1.3,1.6
839,16218,"Durham, Payne",TBB,@KCC,TE,0.0,0.0,0.0,0.0,0.8,8.0,0.0,0.0,0.0,0.0,1.6
840,16158,"Thompson-Robinson, Dorian",CLE,LAC,QB,25.0,0.0,9.0,0.0,0.0,0.0,0.0,0.0,0.0,0.0,1.6
841,16004,"Masterson, Luke",LVR,@CIN,LB,0.0,0.0,0.0,0.0,0.0,0.0,0.0,0.0,0.0,1.1,1.6
842,15906,"Womack, Samuel",IND,@MIN,DB,0.0,0.0,0.0,0.0,0.0,0.0,0.0,0.0,0.0,1.1,1.6
843,15891,"Davidson, D.J.",NYG,WAS,DL,0.0,0.0,0.0,0.0,0.0,0.0,0.0,0.0,0.0,1.0,1.6
844,15515,"Snowden, Charles",LVR,@CIN,DL,0.0,0.0,0.0,0.0,0.0,0.0,0.0,0.0,0.0,0.8,1.6
845,14954,"Hawkins, Jaylinn",NEP,@TEN,DB,0.0,0.0,0.0,0.0,0.0,0.0,0.0,0.0,0.0,1.2,1.6
846,14161,"Tillery, Jerry",MIN,IND,DL,0.0,0.0,0.0,0.0,0.0,0.0,0.0,0.0,0.0,0.8,1.6
847,13306,"Walker, Anthony",MIA,@BUF,LB,0.0,0.0,0.0,0.0,0.0,0.0,0.0,0.0,0.0,0.9,1.6
848,13249,"White, Tre'Davious",LAR,@SEA,DB,0.0,0.0,0.0,0.0,0.0,0.0,0.0,0.0,0.0,1.1,1.6
849,12218,"Armstead, Arik",JAC,@PHI,DL,0.0,0.0,0.0,0.0,0.0,0.0,0.0,0.0,0.0,1.1,1.6
850,16893,"Watts, Eric",NYJ,HOU,DL,0.0,0.0,0.0,0.0,0.0,0.0,0.0,0.0,0.0,0.8,1.5
851,16700,"Bishop, Cole",BUF,MIA,DB,0.0,0.0,0.0,0.0,0.0,0.0,0.0,0.0,0.0,0.8,1.5
852,16516,"Wheat, Tyrus",DAL,@ATL,DL,0.0,0.0,0.0,0.0,0.0,0.0,0.0,0.0,0.0,0.8,1.5
853,16450,"Thomas, Drake",SEA,LAR,LB,0.0,0.0,0.0,0.0,0.0,0.0,0.0,0.0,0.0,0.6,1.5
854,16058,"Herring, Malik",KCC,TBB,DL,0.0,0.0,0.0,0.0,0.0,0.0,0.0,0.0,0.0,1.0,1.5
855,15807,"Ojabo, David",BAL,DEN,DL,0.0,0.0,0.0,0.0,0.0,0.0,0.0,0.0,0.0,0.8,1.5
856,15376,"Turner, Payton",NOS,@CAR,DL,0.0,0.0,0.0,0.0,0.0,0.0,0.0,0.0,0.0,0.6,1.5
857,14887,"Simmons, Isaiah",NYG,WAS,DB,0.0,0.0,0.0,0.0,0.0,0.0,0.0,0.0,0.0,1.3,1.5
858,14875,"Bryant, Harrison",LVR,@CIN,TE,0.0,0.0,0.0,0.0,0.6,4.0,0.1,0.0,0.0,0.0,1.5
859,13910,"Powell, Brandon",MIN,IND,WR,0.0,0.0,0.0,0.0,0.7,7.0,0.0,0.0,0.0,0.0,1.5
860,13745,"Nnadi, Derrick",KCC,TBB,DL,0.0,0.0,0.0,0.0,0.0,0.0,0.0,0.0,0.0,1.0,1.5
861,13424,"Hill, Taysom",NOS,@CAR,QB,1.0,0.0,13.0,0.0,0.0,0.0,0.0,0.0,0.0,0.0,1.5
862,13293,"Reeves-Maybin, Jalen",DET,@GBP,LB,0.0,0.0,0.0,0.0,0.0,0.0,0.0,0.0,0.0,0.9,1.5
863,12802,"Reader, D.J.",DET,@GBP,DL,0.0,0.0,0.0,0.0,0.0,0.0,0.0,0.0,0.0,0.8,1.5
864,12378,"Swaim, Geoff",CLE,LAC,TE,0.0,0.0,0.0,0.0,0.9,6.0,0.0,0.0,0.0,0.0,1.5
865,16711,"Isaac, Adisa",BAL,DEN,DL,0.0,0.0,0.0,0.0,0.0,0.0,0.0,0.0,0.0,0.8,1.4
866,16692,"Newton, Jer'Zhan",WAS,@NYG,DL,0.0,0.0,0.0,0.0,0.0,0.0,0.0,0.0,0.0,0.9,1.4
867,16676,"Kinchens, Kamren",LAR,@SEA,DB,0.0,0.0,0.0,0.0,0.0,0.0,0.0,0.0,0.0,1.0,1.4
868,16656,"Braswell, Chris",TBB,@KCC,DL,0.0,0.0,0.0,0.0,0.0,0.0,0.0,0.0,0.0,0.8,1.4
869,16352,"Hellams, DeMarcco",ATL,DAL,DB,0.0,0.0,0.0,0.0,0.0,0.0,0.0,0.0,0.0,0.9,1.4
870,15498,"Stuard, Grant",IND,@MIN,LB,0.0,0.0,0.0,0.0,0.0,0.0,0.0,0.0,0.0,1.0,1.4
871,15049,"Bachie, Joe",CIN,LVR,LB,0.0,0.0,0.0,0.0,0.0,0.0,0.0,0.0,0.0,0.9,1.4
872,14727,"Reynolds, Craig",DET,@GBP,RB,0.0,0.0,6.0,0.0,0.3,3.0,0.0,0.0,0.0,0.0,1.4
873,14222,"Edwards, Mike",BUF,MIA,DB,0.0,0.0,0.0,0.0,0.0,0.0,0.0,0.0,0.0,0.9,1.4
874,14220,"Ximines, Oshane",NEP,@TEN,DL,0.0,0.0,0.0,0.0,0.0,0.0,0.0,0.0,0.0,0.7,1.4
875,13683,"Hand, Da'Shawn",MIA,@BUF,DL,0.0,0.0,0.0,0.0,0.0,0.0,0.0,0.0,0.0,0.8,1.4
876,16907,"Roland-Wallace, Chris",KCC,TBB,DB,0.0,0.0,0.0,0.0,0.0,0.0,0.0,0.0,0.0,0.7,1.3
877,16836,"Bailey, Levelle",DEN,@BAL,LB,0.0,0.0,0.0,0.0,0.0,0.0,0.0,0.0,0.0,0.8,1.3
878,16731,"Hart, Cam",LAC,@CLE,DB,0.0,0.0,0.0,0.0,0.0,0.0,0.0,0.0,0.0,0.8,1.3
879,16727,"Hicks, Jaden",KCC,TBB,DB,0.0,0.0,0.0,0.0,0.0,0.0,0.0,0.0,0.0,0.8,1.3
880,16721,"Jefferson, Jordan",JAC,@PHI,DL,0.0,0.0,0.0,0.0,0.0,0.0,0.0,0.0,0.0,0.6,1.3
881,16612,"Steele, Carson",KCC,TBB,RB,0.0,0.0,9.0,0.0,0.4,2.0,0.0,0.0,0.0,0.0,1.3
882,16308,"Roy, Jaquelin",NEP,@TEN,DL,0.0,0.0,0.0,0.0,0.0,0.0,0.0,0.0,0.0,1.0,1.3
883,16275,"Mapu, Marte",NEP,@TEN,DB,0.0,0.0,0.0,0.0,0.0,0.0,0.0,0.0,0.0,0.6,1.3
884,16094,"Russell, J.J.",TBB,@KCC,LB,0.0,0.0,0.0,0.0,0.0,0.0,0.0,0.0,0.0,0.6,1.3
885,15928,"Houston, James",DET,@GBP,DL,0.0,0.0,0.0,0.0,0.0,0.0,0.0,0.0,0.0,0.9,1.3
886,15918,"Jackson, Jordan",DEN,@BAL,DL,0.0,0.0,0.0,0.0,0.0,0.0,0.0,0.0,0.0,0.5,1.3
887,15797,"Dulcich, Greg",DEN,@BAL,TE,0.0,0.0,0.0,0.0,0.7,5.0,0.0,0.0,0.0,0.0,1.3
888,15016,"Jackson, Dane",CAR,NOS,DB,0.0,0.0,0.0,0.0,0.0,0.0,0.0,0.0,0.0,0.9,1.3
889,14891,"Harrison, Malik",BAL,DEN,LB,0.0,0.0,0.0,0.0,0.0,0.0,0.0,0.0,0.0,0.7,1.3
890,13252,"Maye, Marcus",MIA,@BUF,DB,0.0,0.0,0.0,0.0,0.0,0.0,0.0,0.0,0.0,0.7,1.3
891,13128,"Cook, Dalvin",DAL,@ATL,RB,0.0,0.0,6.0,0.0,0.5,2.0,0.0,0.0,0.0,0.0,1.3
892,11970,"Pennel, Mike",KCC,TBB,DL,0.0,0.0,0.0,0.0,0.0,0.0,0.0,0.0,0.0,0.6,1.3
893,16624,"Thrash, Jamari",CLE,LAC,WR,0.0,0.0,0.0,0.0,0.7,5.0,0.0,0.0,0.0,0.0,1.2
894,16496,"Russell, Brady",SEA,LAR,TE,0.0,0.0,0.0,0.0,0.7,5.0,0.0,0.0,0.0,0.0,1.2
895,16463,"Merriweather, Kaevon",TBB,@KCC,DB,0.0,0.0,0.0,0.0,0.0,0.0,0.0,0.0,0.0,0.5,1.2
896,16376,"Johnson, Desjuan",LAR,@SEA,DL,0.0,0.0,0.0,0.0,0.0,0.0,0.0,0.0,0.0,0.5,1.2
897,16371,"Austin, Alex",NEP,@TEN,DB,0.0,0.0,0.0,0.0,0.0,0.0,0.0,0.0,0.0,0.8,1.2
898,16337,"Burney, Amari",LVR,@CIN,LB,0.0,0.0,0.0,0.0,0.0,0.0,0.0,0.0,0.0,1.0,1.2
899,16302,"Lacy, Tyler",JAC,@PHI,DL,0.0,0.0,0.0,0.0,0.0,0.0,0.0,0.0,0.0,0.5,1.2
900,16291,"Adebawore, Adetomiwa",IND,@MIN,DL,0.0,0.0,0.0,0.0,0.0,0.0,0.0,0.0,0.0,0.5,1.2
901,16173,"Gray, Eric",NYG,WAS,RB,0.0,0.0,3.0,0.0,0.6,3.0,0.0,0.0,0.0,0.0,1.2
902,15893,"Turner-Yell, Delarrin",DEN,@BAL,DB,0.0,0.0,0.0,0.0,0.0,0.0,0.0,0.0,0.0,0.9,1.2
903,15726,"Rivers, Ronnie",LAR,@SEA,RB,0.0,0.0,5.0,0.0,0.6,2.0,0.0,0.0,0.0,0.0,1.2
904,15541,"Stoll, Jack",PHI,JAC,TE,0.0,0.0,0.0,0.0,0.7,5.0,0.0,0.0,0.0,0.0,1.2
905,15252,"Mills, Davis",HOU,@NYJ,QB,22.0,0.1,1.0,0.0,0.0,0.0,0.0,0.0,0.0,0.0,1.2
906,14873,"Okwuegbunam, Albert",PHI,JAC,TE,0.0,0.0,0.0,0.0,0.6,7.0,0.0,0.0,0.0,0.0,1.2
907,14807,"Kelley, Joshua",TEN,NEP,RB,0.0,0.0,7.0,0.0,0.4,2.0,0.0,0.0,0.0,0.0,1.2
908,13988,"Dwelley, Ross",ATL,DAL,TE,0.0,0.0,0.0,0.0,0.6,6.0,0.0,0.0,0.0,0.0,1.2
909,16933,"Richardson, Demani",CAR,NOS,DB,0.0,0.0,0.0,0.0,0.0,0.0,0.0,0.0,0.0,0.8,1.1
910,16926,"Reid, Winston",CLE,LAC,LB,0.0,0.0,0.0,0.0,0.0,0.0,0.0,0.0,0.0,0.6,1.1
911,16684,"Washington, Malik",MIA,@BUF,WR,0.0,0.0,0.0,0.0,0.6,5.0,0.0,0.0,0.0,0.0,1.1
912,16459,"Reese, Otis",TEN,NEP,LB,0.0,0.0,0.0,0.0,0.0,0.0,0.0,0.0,0.0,1.0,1.1
913,16418,"Land, Isaiah",IND,@MIN,DL,0.0,0.0,0.0,0.0,0.0,0.0,0.0,0.0,0.0,0.7,1.1
914,16270,"Pickens, Zacch",CHI,@ARI,DL,0.0,0.0,0.0,0.0,0.0,0.0,0.0,0.0,0.0,0.6,1.1
915,16113,"Smartt, Stone",LAC,@CLE,TE,0.0,0.0,0.0,0.0,0.6,4.0,0.0,0.0,0.0,0.0,1.1
916,16017,"Hummel, Jake",LAR,@SEA,LB,0.0,0.0,0.0,0.0,0.0,0.0,0.0,0.0,0.0,0.7,1.1
917,15772,"Covey, Britain",PHI,JAC,WR,0.0,0.0,0.0,0.0,0.7,4.0,0.0,0.0,0.0,0.0,1.1
918,15595,"Campbell, Elijah",MIA,@BUF,DB,0.0,0.0,0.0,0.0,0.0,0.0,0.0,0.0,0.0,0.7,1.1
919,15429,"Graham, Ta'Quon",ATL,DAL,DL,0.0,0.0,0.0,0.0,0.0,0.0,0.0,0.0,0.0,0.6,1.1
920,15165,"Jones, Benito",MIA,@BUF,DL,0.0,0.0,0.0,0.0,0.0,0.0,0.0,0.0,0.0,0.4,1.1
921,13781,"Avery, Genard",IND,@MIN,DL,0.0,0.0,0.0,0.0,0.0,0.0,0.0,0.0,0.0,0.5,1.1
922,16290,"Horton, Dylan",HOU,@NYJ,DL,0.0,0.0,0.0,0.0,0.0,0.0,0.0,0.0,0.0,0.6,1.0
923,15973,"Blackshear, Raheem",CAR,NOS,RB,0.0,0.0,3.0,0.0,0.4,2.0,0.0,0.0,0.0,0.0,1.0
924,15899,"Jackson, D'Marco",NOS,@CAR,LB,0.0,0.0,0.0,0.0,0.0,0.0,0.0,0.0,0.0,0.6,1.0
925,15692,"Pickett, Kenny",PHI,JAC,QB,22.0,0.0,1.0,0.0,0.0,0.0,0.0,0.0,0.0,0.0,1.0
926,15650,"Prentice, Adam",NOS,@CAR,RB,0.0,0.0,5.0,0.0,0.3,2.0,0.0,0.0,0.0,0.0,1.0
927,15289,"Toney, Kadarius",CLE,LAC,WR,0.0,0.0,1.0,0.0,0.5,4.0,0.0,0.0,0.0,0.0,1.0
928,15241,"Jones, Mac",JAC,@PHI,QB,25.0,0.1,1.0,0.0,0.0,0.0,0.0,0.0,0.0,0.0,1.0
929,14943,"Davis-Gaither, Akeem",CIN,LVR,LB,0.0,0.0,0.0,0.0,0.0,0.0,0.0,0.0,0.0,0.7,1.0
930,13862,"Cracraft, River",MIA,@BUF,WR,0.0,0.0,0.0,0.0,0.5,5.0,0.0,0.0,0.0,0.0,1.0
931,13793,"Valdes-Scantling, Marquez",NOS,@CAR,WR,0.0,0.0,0.0,0.0,0.5,6.0,0.0,0.0,0.0,0.0,1.0
932,13455,"Ricard, Patrick",BAL,DEN,RB,0.0,0.0,3.0,0.0,0.2,3.0,0.0,0.0,0.0,0.0,1.0
933,12394,"Carter, DeAndre",CHI,@ARI,WR,0.0,0.0,1.0,0.0,0.5,4.0,0.0,0.0,0.0,0.0,1.0
934,12184,"Crowder, Jamison",WAS,@NYG,WR,0.0,0.0,0.0,0.0,0.5,5.0,0.0,0.0,0.0,0.0,1.0
935,16928,"Harper, Thomas",LVR,@CIN,DB,0.0,0.0,0.0,0.0,0.0,0.0,0.0,0.0,0.0,0.6,0.9
936,16777,"Johnson, Cedric",CIN,LVR,DL,0.0,0.0,0.0,0.0,0.0,0.0,0.0,0.0,0.0,0.6,0.9
937,16706,"Reiman, Tip",ARI,CHI,TE,0.0,0.0,0.0,0.0,0.7,3.0,0.0,0.0,0.0,0.0,0.9
938,16701,"Rakestraw, Ennis",DET,@GBP,DB,0.0,0.0,0.0,0.0,0.0,0.0,0.0,0.0,0.0,0.6,0.9
939,16666,"Eichenberg, Tommy",LVR,@CIN,LB,0.0,0.0,0.0,0.0,0.0,0.0,0.0,0.0,0.0,0.8,0.9
940,15586,"Johnson, Caleb",JAC,@PHI,LB,0.0,0.0,0.0,0.0,0.0,0.0,0.0,0.0,0.0,0.6,0.9
941,14434,"Reaves, Jeremy",WAS,@NYG,DB,0.0,0.0,0.0,0.0,0.0,0.0,0.0,0.0,0.0,0.4,0.9
942,14076,"Williams, Trayveon",CIN,LVR,RB,0.0,0.0,4.0,0.0,0.3,1.0,0.0,0.0,0.0,0.0,0.9
943,13595,"Rudolph, Mason",TEN,NEP,QB,26.0,0.0,0.0,0.0,0.0,0.0,0.0,0.0,0.0,0.0,0.9
944,13262,"Kpassagnon, Tanoh",NOS,@CAR,DL,0.0,0.0,0.0,0.0,0.0,0.0,0.0,0.0,0.0,0.4,0.9
945,13065,"Tomlinson, Eric",LAC,@CLE,TE,0.0,0.0,0.0,0.0,0.4,3.0,0.0,0.0,0.0,0.0,0.9
946,12955,"Manhertz, Chris",NYG,WAS,TE,0.0,0.0,0.0,0.0,0.4,4.0,0.0,0.0,0.0,0.0,0.9
947,12229,"Phillips, Jordan",DAL,@ATL,DL,0.0,0.0,0.0,0.0,0.0,0.0,0.0,0.0,0.0,0.5,0.9
948,9853,"Hughes, Jerry",HOU,@NYJ,DL,0.0,0.0,0.0,0.0,0.0,0.0,0.0,0.0,0.0,0.6,0.9
949,16750,"Oladapo, Kitan",GBP,DET,DB,0.0,0.0,0.0,0.0,0.0,0.0,0.0,0.0,0.0,0.3,0.8
950,16571,"McCollum, Tristin",PHI,JAC,DB,0.0,0.0,0.0,0.0,0.0,0.0,0.0,0.0,0.0,0.4,0.8
951,16304,"Ward, Jay",MIN,IND,DB,0.0,0.0,0.0,0.0,0.0,0.0,0.0,0.0,0.0,0.5,0.8
952,16247,"Skinner, JL",DEN,@BAL,DB,0.0,0.0,0.0,0.0,0.0,0.0,0.0,0.0,0.0,0.4,0.8
953,16203,"Jones, Charlie",CIN,LVR,WR,0.0,0.0,0.0,0.0,0.4,4.0,0.0,0.0,0.0,0.0,0.8
954,15434,"Smith-Marsette, Ihmir",NYG,WAS,WR,0.0,0.0,2.0,0.0,0.4,2.0,0.0,0.0,0.0,0.0,0.8
955,15353,"Surratt, Chazz",NYJ,HOU,LB,0.0,0.0,0.0,0.0,0.0,0.0,0.0,0.0,0.0,0.6,0.8
956,11760,"Garoppolo, Jimmy",LAR,@SEA,QB,16.0,0.1,1.0,0.0,0.0,0.0,0.0,0.0,0.0,0.0,0.8
957,9207,"Johnson, Josh",BAL,DEN,QB,4.0,0.2,0.0,0.0,0.0,0.0,0.0,0.0,0.0,0.0,0.8
958,16800,"Harrell, Jaylen",TEN,NEP,DL,0.0,0.0,0.0,0.0,0.0,0.0,0.0,0.0,0.0,0.4,0.7
959,16752,"Davis, Isaiah",NYJ,HOU,RB,0.0,0.0,4.0,0.0,0.2,1.0,0.0,0.0,0.0,0.0,0.7
960,16646,"Bell, Jaheim",NEP,@TEN,TE,0.0,0.0,0.0,0.0,0.4,3.0,0.0,0.0,0.0,0.0,0.7
961,16374,"Dubose, Grant",MIA,@BUF,WR,0.0,0.0,0.0,0.0,0.4,4.0,0.0,0.0,0.0,0.0,0.7
962,16118,"Brown, Mike",TEN,NEP,DB,0.0,0.0,0.0,0.0,0.0,0.0,0.0,0.0,0.0,0.3,0.7
963,15454,"Williams, Avery",ATL,DAL,RB,0.0,0.0,3.0,0.0,0.3,2.0,0.0,0.0,0.0,0.0,0.7
964,14057,"Lock, Drew",NYG,WAS,QB,8.0,0.0,3.0,0.0,0.0,0.0,0.0,0.0,0.0,0.0,0.7
965,16964,"Jackson, Jermaine",NOS,@CAR,WR,0.0,0.0,0.0,0.0,0.3,3.0,0.0,0.0,0.0,0.0,0.6
966,16923,"Tillman, Dondrea",DEN,@BAL,LB,0.0,0.0,0.0,0.0,0.0,0.0,0.0,0.0,0.0,0.4,0.6
967,16771,"Crumedy, Jaden",CAR,NOS,DL,0.0,0.0,0.0,0.0,0.0,0.0,0.0,0.0,0.0,0.3,0.6
968,16717,"Taylor-Demerson, Dadrion",ARI,CHI,DB,0.0,0.0,0.0,0.0,0.0,0.0,0.0,0.0,0.0,0.3,0.6
969,16605,"McClellan, Jase",ATL,DAL,RB,0.0,0.0,4.0,0.0,0.1,1.0,0.0,0.0,0.0,0.0,0.6
970,16331,"Coburn, Keondre",TEN,NEP,DL,0.0,0.0,0.0,0.0,0.0,0.0,0.0,0.0,0.0,0.3,0.6
971,15903,"Anderson, Tycen",CIN,LVR,DB,0.0,0.0,0.0,0.0,0.0,0.0,0.0,0.0,0.0,0.5,0.6
972,15681,"Elliss, Christian",NEP,@TEN,LB,0.0,0.0,0.0,0.0,0.0,0.0,0.0,0.0,0.0,0.5,0.6
973,15341,"Morris, Quintin",BUF,MIA,TE,0.0,0.0,0.0,0.0,0.1,1.0,0.1,0.0,0.0,0.0,0.6
974,14963,"Thomas, Daniel",JAC,@PHI,DB,0.0,0.0,0.0,0.0,0.0,0.0,0.0,0.0,0.0,0.3,0.6
975,14953,"Dye, Troy",LAC,@CLE,LB,0.0,0.0,0.0,0.0,0.0,0.0,0.0,0.0,0.0,0.4,0.6
976,14838,"Shenault, Laviska",SEA,LAR,WR,0.0,0.0,0.0,0.0,0.3,3.0,0.0,0.0,0.0,0.0,0.6
977,13913,"Niemann, Ben",DET,@GBP,LB,0.0,0.0,0.0,0.0,0.0,0.0,0.0,0.0,0.0,0.2,0.6
978,16798,"Kane, Sanoussi",BAL,DEN,DB,0.0,0.0,0.0,0.0,0.0,0.0,0.0,0.0,0.0,0.4,0.5
979,16769,"McMorris, Patrick",MIA,@BUF,DB,0.0,0.0,0.0,0.0,0.0,0.0,0.0,0.0,0.0,0.4,0.5
980,16710,"Hopper, Ty'Ron",GBP,DET,LB,0.0,0.0,0.0,0.0,0.0,0.0,0.0,0.0,0.0,0.2,0.5
981,16643,"Sanders, Ja'Tavion",CAR,NOS,TE,0.0,0.0,0.0,0.0,0.3,2.0,0.0,0.0,0.0,0.0,0.5
982,16601,"Shipley, Will",PHI,JAC,RB,0.0,0.0,4.0,0.0,0.1,0.0,0.0,0.0,0.0,0.0,0.5
983,16583,"Penix Jr., Michael",ATL,DAL,QB,14.0,0.0,2.0,0.0,0.0,0.0,0.0,0.0,0.0,0.0,0.5
984,16505,"Joseph, Brandon",DET,@GBP,DB,0.0,0.0,0.0,0.0,0.0,0.0,0.0,0.0,0.0,0.2,0.5
985,16170,"McIntosh, Kenny",SEA,LAR,RB,0.0,0.0,3.0,0.0,0.1,1.0,0.0,0.0,0.0,0.0,0.5
986,15696,"Zappe, Bailey",CLE,LAC,QB,11.0,0.0,0.0,0.0,0.0,0.0,0.0,0.0,0.0,0.0,0.5
987,15521,"Ogbongbemiga, Amen",CHI,@ARI,LB,0.0,0.0,0.0,0.0,0.0,0.0,0.0,0.0,0.0,0.3,0.5
988,15339,"Yeboah, Kenny",NYJ,HOU,TE,0.0,0.0,0.0,0.0,0.3,3.0,0.0,0.0,0.0,0.0,0.5
989,14069,"Stick, Easton",LAC,@CLE,QB,10.0,0.0,0.0,0.0,0.0,0.0,0.0,0.0,0.0,0.0,0.5
990,14063,"Stidham, Jarrett",DEN,@BAL,QB,9.0,0.1,0.0,0.0,0.0,0.0,0.0,0.0,0.0,0.0,0.5
991,13124,"Rush, Cooper",DAL,@ATL,QB,16.0,0.0,-0.1,0.0,0.0,0.0,0.0,0.0,0.0,0.0,0.5
992,13115,"Trubisky, Mitchell",BUF,MIA,QB,10.0,0.1,-0.5,0.0,0.0,0.0,0.0,0.0,0.0,0.0,0.5
993,11239,"Goodwin, Marquise",CLE,LAC,WR,0.0,0.0,1.0,0.0,0.3,1.0,0.0,0.0,0.0,0.0,0.5
994,16630,"Williams, Isaiah",DET,@GBP,WR,0.0,0.0,0.0,0.0,0.3,1.0,0.0,0.0,0.0,0.0,0.4
995,16625,"Wilson, Johnny",PHI,JAC,WR,0.0,0.0,0.0,0.0,0.2,2.0,0.0,0.0,0.0,0.0,0.4
996,16461,"Sewell, Nephi",NOS,@CAR,LB,0.0,0.0,0.0,0.0,0.0,0.0,0.0,0.0,0.0,0.2,0.4
997,16387,"Brooks, Chris",GBP,DET,RB,0.0,0.0,4.0,0.0,0.0,0.0,0.0,0.0,0.0,0.0,0.4
998,16000,"Hendershot, Peyton",KCC,TBB,TE,0.0,0.0,0.0,0.0,0.3,2.0,0.0,0.0,0.0,0.0,0.4
999,15991,"Conner, Tanner",MIA,@BUF,TE,0.0,0.0,0.0,0.0,0.3,1.0,0.0,0.0,0.0,0.0,0.4
1000,15824,"Tindall, Channing",MIA,@BUF,LB,0.0,0.0,0.0,0.0,0.0,0.0,0.0,0.0,0.0,0.3,0.4
1001,15718,"Badie, Tyler",DEN,@BAL,RB,0.0,0.0,7.0,0.0,0.0,0.0,0.0,0.0,0.0,0.0,0.4
1002,15285,"Wallace, Tylan",BAL,DEN,WR,0.0,0.0,0.0,0.0,0.1,2.0,0.0,0.0,0.0,0.0,0.4
1003,14613,"Sims, Steven",HOU,@NYJ,WR,0.0,0.0,1.0,0.0,0.2,2.0,0.0,0.0,0.0,0.0,0.4
1004,14083,"Homer, Travis",CHI,@ARI,RB,0.0,0.0,2.0,0.0,0.1,0.0,0.0,0.0,0.0,0.0,0.4
1005,13343,"Odenigbo, Ifeadi",NYJ,HOU,LB,0.0,0.0,0.0,0.0,0.0,0.0,0.0,0.0,0.0,0.2,0.4
1006,16709,"Jones, Elijah",ARI,CHI,DB,0.0,0.0,0.0,0.0,0.0,0.0,0.0,0.0,0.0,0.2,0.3
1007,16160,"Tune, Clayton",ARI,CHI,QB,6.0,0.0,3.0,0.0,0.0,0.0,0.0,0.0,0.0,0.0,0.3
1008,15720,"Haskins, Hassan",LAC,@CLE,RB,0.0,0.0,3.0,0.0,0.1,0.0,0.0,0.0,0.0,0.0,0.3
1009,15302,"Eskridge, Dee",MIA,@BUF,WR,0.0,0.0,0.0,0.0,0.1,1.0,0.0,0.0,0.0,0.0,0.3
1010,13488,"Pascal, Zach",ARI,CHI,WR,0.0,0.0,0.0,0.0,0.2,1.0,0.0,0.0,0.0,0.0,0.3
1011,16644,"Sinnott, Ben",WAS,@NYG,TE,0.0,0.0,0.0,0.0,0.1,1.0,0.0,0.0,0.0,0.0,0.2
1012,16379,"Ford-Wheaton, Bryce",NYG,WAS,WR,0.0,0.0,0.0,0.0,0.1,1.0,0.0,0.0,0.0,0.0,0.2
1013,16238,"Sewell, Noah",CHI,@ARI,LB,0.0,0.0,0.0,0.0,0.0,0.0,0.0,0.0,0.0,0.0,0.2
1014,16075,"Blount, Joey",ARI,CHI,DB,0.0,0.0,0.0,0.0,0.0,0.0,0.0,0.0,0.0,0.0,0.2
1015,15925,"FitzPatrick, John",GBP,DET,TE,0.0,0.0,0.0,0.0,0.1,1.0,0.0,0.0,0.0,0.0,0.2
1016,15540,"Sexton, Mathew",KCC,TBB,WR,0.0,0.0,0.0,0.0,0.1,1.0,0.0,0.0,0.0,0.0,0.2
1017,15527,"Key, Devon",DEN,@BAL,DB,0.0,0.0,0.0,0.0,0.0,0.0,0.0,0.0,0.0,0.1,0.2
1018,15250,"Ehlinger, Sam",IND,@MIN,QB,2.0,0.0,0.0,0.0,0.0,0.0,0.0,0.0,0.0,0.0,0.2
1019,14876,"Deguara, Josiah",JAC,@PHI,TE,0.0,0.0,0.0,0.0,0.1,1.0,0.0,0.0,0.0,0.0,0.2
1020,14548,"Bachman, Alex",LVR,@CIN,WR,0.0,0.0,0.0,0.0,0.1,1.0,0.0,0.0,0.0,0.0,0.2
1021,13998,"Moseley, Emmanuel",DET,@GBP,DB,0.0,0.0,0.0,0.0,0.0,0.0,0.0,0.0,0.0,0.1,0.2
1022,13826,"Adams, Matthew",NYG,WAS,LB,0.0,0.0,0.0,0.0,0.0,0.0,0.0,0.0,0.0,0.1,0.2
1023,16678,"Vaki, Sione",DET,@GBP,RB,0.0,0.0,1.0,0.0,0.0,0.0,0.0,0.0,0.0,0.0,0.1
1024,16647,"Spann-Ford, Brevyn",DAL,@ATL,TE,0.0,0.0,0.0,0.0,0.0,0.0,0.0,0.0,0.0,0.0,0.1
1025,16501,"Mauga, Kana'i",LVR,@CIN,LB,0.0,0.0,0.0,0.0,0.0,0.0,0.0,0.0,0.0,0.1,0.1
1026,16151,"Hooker, Hendon",DET,@GBP,QB,5.0,0.0,-0.4,0.0,0.0,0.0,0.0,0.0,0.0,0.0,0.1
1027,15538,"Rhattigan, Jon",CAR,NOS,LB,0.0,0.0,0.0,0.0,0.0,0.0,0.0,0.0,0.0,0.1,0.1
1028,15424,"Johnson, Buddy",DAL,@ATL,LB,0.0,0.0,0.0,0.0,0.0,0.0,0.0,0.0,0.0,0.0,0.1
1029,15239,"Wilson, Zach",DEN,@BAL,QB,3.0,0.0,0.0,0.0,0.0,0.0,0.0,0.0,0.0,0.0,0.1
1030,15002,"Coughlin, Carter",NYG,WAS,LB,0.0,0.0,0.0,0.0,0.0,0.0,0.0,0.0,0.0,0.1,0.1
1031,14815,"Dallas, DeeJay",ARI,CHI,RB,0.0,0.0,0.0,0.0,0.1,0.0,0.0,0.0,0.0,0.0,0.1
1032,13926,"Board, Chris",BAL,DEN,LB,0.0,0.0,0.0,0.0,0.0,0.0,0.0,0.0,0.0,0.0,0.1
1033,16761,"Hill, Jamal",HOU,@NYJ,LB,0.0,0.0,0.0,0.0,0.0,0.0,0.0,0.0,0.0,0.0,0.0
1034,16633,"Whittington, Jordan",LAR,@SEA,WR,0.0,0.0,-0.1,0.0,0.0,0.0,0.0,0.0,0.0,0.0,0.0
1035,16613,"Laube, Dylan",LVR,@CIN,RB,0.0,0.0,0.0,0.0,0.0,0.0,0.0,0.0,0.0,0.0,0.0
1036,16441,"DeVito, Tommy",NYG,WAS,QB,1.0,0.0,0.1,0.0,0.0,0.0,0.0,0.0,0.0,0.0,0.0
1037,14065,"Rypien, Brett",MIN,IND,QB,0.0,0.0,0.0,0.0,0.0,0.0,0.0,0.0,0.0,0.0,0.0
1038,13598,"White, Mike",BUF,MIA,QB,0.1,0.0,-0.1,0.0,0.0,0.0,0.0,0.0,0.0,0.0,0.0
1039,12623,"Driskel, Jeff",WAS,@NYG,QB,0.0,0.0,0.1,0.0,0.0,0.0,0.0,0.0,0.0,0.0,0.0
1040,12610,"Wentz, Carson",KCC,TBB,QB,0.0,0.0,-0.1,0.0,0.0,0.0,0.0,0.0,0.0,0.0,0.0
1041,12381,"Siemian, Trevor",TEN,NEP,QB,0.0,0.0,0.0,0.0,0.0,0.0,0.0,0.0,0.0,0.0,0.0
1042,15242,"Trask, Kyle",TBB,@KCC,QB,0.0,0.0,-0.8,0.0,0.0,0.0,0.0,0.0,0.0,0.0,-0.1

