PLAYER,POS,TEAM,OPP,ML,O/U,SPRD,TM/P,SAL,FPTS,VAL,PASS ATT,RUSH ATT,TARGETS,TOUCHES,TOUCHES/$
Daniel Jones,QB,NYG,CAR,-277,40.50,-6.50,23.50,5300,17.33,3.3,34.1,5.6,0.0,5.6,7.5
Justin Herbert,QB,LAC,TEN,-377,39.00,-7.50,23.25,5200,16.32,3.1,31.7,3.2,0.0,3.2,6.7
Josh Allen,QB,BUF,IND,-205,47.50,-4.00,25.75,7700,22.92,3.0,32.9,6.5,0.0,6.5,5.1
Aaron Rodgers,QB,NYJ,ARI,-118,46.50,-1.50,24.00,5700,16.40,2.9,32.1,1.9,0.0,1.9,6.0
Kyler Murray,QB,ARI,NYJ,100,46.50,1.50,22.50,6300,18.21,2.9,29.9,7.0,0.0,7.0,5.9
Sam Darnold,QB,MIN,JAX,-335,44.00,-7.00,25.50,6200,17.80,2.9,34.4,2.7,0.0,2.7,6.0
Matthew Stafford,QB,LAR,MIA,-118,50.00,-1.00,25.50,5600,16.07,2.9,33.1,0.9,0.0,0.9,6.1
Brock Purdy,QB,SF,TB,-280,50.50,-6.00,28.25,6500,19.05,2.9,28.6,2.3,0.0,2.3,4.8
Caleb Williams,QB,CHI,NE,-285,39.00,-6.50,22.75,5600,15.96,2.8,32.1,4.0,0.0,4.0,6.4
Mike Gesicki,TE,CIN,BAL,223,52.50,6.00,23.25,3600,10.03,2.8,0.0,0.0,5.9,5.9,1.6
Lamar Jackson,QB,BAL,CIN,-278,52.50,-6.00,29.25,8000,22.63,2.8,27.3,8.9,0.0,8.9,4.5
Mac Jones,QB,JAX,MIN,260,44.00,7.00,18.50,4400,12.32,2.8,33.2,2.8,0.0,2.8,8.2
Tua Tagovailoa,QB,MIA,LAR,100,50.00,1.00,24.50,6300,17.67,2.8,32.2,1.9,0.0,1.9,5.4
Joe Burrow,QB,CIN,BAL,223,52.50,6.00,23.25,7000,19.05,2.7,35.3,3.2,0.0,3.2,5.5
Russell Wilson,QB,PIT,WAS,125,45.00,3.00,21.00,5900,15.63,2.7,28.7,3.9,0.0,3.9,5.5
Jalen Hurts,QB,PHI,DAL,-363,43.00,-7.00,25.00,7800,21.02,2.7,29.0,8.9,0.0,8.9,4.9
Joe Flacco,QB,IND,BUF,168,47.50,4.00,21.75,5500,15.00,2.7,34.2,1.9,0.0,1.9,6.6
Drake Maye,QB,NE,CHI,232,39.00,6.50,16.25,5800,15.77,2.7,30.4,5.8,0.0,5.8,6.2
New York Giants,D,NYG,CAR,-277,40.50,-6.50,23.50,2800,7.41,2.7,0.0,0.0,0.0,0.0,0.0
Jayden Daniels,QB,WAS,PIT,-149,45.00,-3.00,24.00,7500,20.06,2.7,28.2,9.1,0.0,9.1,5.0
Chicago Bears,D,CHI,NE,-285,39.00,-6.50,22.75,3000,7.77,2.6,0.0,0.0,0.0,0.0,0.0
Patrick Mahomes,QB,KC,DEN,-400,41.50,-7.50,24.50,6600,17.03,2.6,29.7,3.7,0.0,3.7,5.1
Derrick Henry,RB,BAL,CIN,-278,52.50,-6.00,29.25,8200,21.30,2.6,0.0,17.4,1.4,18.8,2.3
C.J. Stroud,QB,HOU,DET,154,49.00,3.50,22.75,6800,17.51,2.6,31.9,2.7,0.0,2.7,5.1
Chase Brown,RB,CIN,BAL,223,52.50,6.00,23.25,6000,15.32,2.6,0.0,15.9,4.1,20.0,3.3
Bryce Young,QB,CAR,NYG,221,40.50,6.50,17.00,4800,12.44,2.6,31.6,2.9,0.0,2.9,7.2
George Kittle,TE,SF,TB,-280,50.50,-6.00,28.25,5800,15.20,2.6,0.0,0.1,6.6,6.7,1.2
Bo Nix,QB,DEN,KC,306,41.50,7.50,17.00,6000,15.47,2.6,32.7,4.2,0.0,4.2,6.2
Travis Kelce,TE,KC,DEN,-400,41.50,-7.50,24.50,6000,14.85,2.5,0.0,0.1,7.8,7.9,1.3
Christian McCaffrey,RB,SF,TB,-280,50.50,-6.00,28.25,8000,20.30,2.5,0.0,15.5,4.5,20.0,2.5
Jared Goff,QB,DET,HOU,-188,49.00,-3.50,26.25,6200,15.76,2.5,28.0,1.5,0.0,1.5,4.8
Cooper Rush,QB,DAL,PHI,285,43.00,7.00,18.00,5100,12.87,2.5,31.7,3.1,0.0,3.1,6.8
Jonnu Smith,TE,MIA,LAR,100,50.00,1.00,24.50,3700,9.21,2.5,0.0,0.0,5.0,5.0,1.4
Will Levis,QB,TEN,LAC,298,39.00,7.50,15.75,4900,12.23,2.5,32.4,2.8,0.0,2.8,7.2
Derek Carr,QB,NO,ATL,162,46.50,3.50,21.50,5300,13.16,2.5,31.2,1.8,0.0,1.8,6.2
DeAndre Hopkins,WR,KC,DEN,-400,41.50,-7.50,24.50,5300,12.69,2.4,0.0,0.2,6.9,7.1,1.3
Baker Mayfield,QB,TB,SF,223,50.50,6.00,22.25,6400,15.58,2.4,34.4,3.2,0.0,3.2,5.9
Mark Andrews,TE,BAL,CIN,-278,52.50,-6.00,29.25,4100,9.79,2.4,0.0,0.0,4.6,4.6,1.1
Taysom Hill,TE,NO,ATL,162,46.50,3.50,21.50,4000,9.54,2.4,1.3,9.7,4.1,13.8,3.8
De'Von Achane,RB,MIA,LAR,100,50.00,1.00,24.50,7100,17.09,2.4,0.0,11.6,5.8,17.4,2.5
Kirk Cousins,QB,ATL,NO,-196,46.50,-3.50,25.00,6700,15.99,2.4,31.9,1.7,0.0,1.7,5.0
Juwan Johnson,TE,NO,ATL,162,46.50,3.50,21.50,3300,7.64,2.3,0.0,0.0,4.2,4.2,1.3
Hunter Henry,TE,NE,CHI,232,39.00,6.50,16.25,3900,8.95,2.3,0.0,0.0,5.8,5.8,1.5
Kareem Hunt,RB,KC,DEN,-400,41.50,-7.50,24.50,6600,15.05,2.3,0.0,18.8,1.6,20.4,3.1
Cade Otton,TE,TB,SF,223,50.50,6.00,22.25,5500,12.62,2.3,0.0,0.0,7.7,7.7,1.4
Dalton Schultz,TE,HOU,DET,154,49.00,3.50,22.75,4100,9.65,2.3,0.0,0.0,6.1,6.1,1.5
Tyreek Hill,WR,MIA,LAR,100,50.00,1.00,24.50,7500,16.84,2.3,0.0,0.3,8.4,8.7,1.2
Trey McBride,TE,ARI,NYJ,100,46.50,1.50,22.50,5700,12.89,2.3,0.0,0.0,7.4,7.4,1.3
Bijan Robinson,RB,ATL,NO,-196,46.50,-3.50,25.00,7700,17.33,2.3,0.0,15.1,4.5,19.6,2.5
Alvin Kamara,RB,NO,ATL,162,46.50,3.50,21.50,8100,18.75,2.3,0.0,16.5,5.9,22.4,2.8
Puka Nacua,WR,LAR,MIA,-118,50.00,-1.00,25.50,7100,16.39,2.3,0.0,0.5,8.2,8.7,1.2
Evan Engram,TE,JAX,MIN,260,44.00,7.00,18.50,5300,12.26,2.3,0.0,0.0,7.2,7.2,1.4
Drake London,WR,ATL,NO,-196,46.50,-3.50,25.00,6700,15.70,2.3,0.0,0.1,8.3,8.4,1.3
Will Dissly,TE,LAC,TEN,-377,39.00,-7.50,23.25,3100,6.97,2.3,0.0,0.0,3.7,3.7,1.2
Ja'Marr Chase,WR,CIN,BAL,223,52.50,6.00,23.25,8400,18.57,2.2,0.0,0.2,10.5,10.7,1.3
Amon-Ra St. Brown,WR,DET,HOU,-188,49.00,-3.50,26.25,8100,17.41,2.2,0.0,0.4,9.2,9.6,1.2
Denver Broncos,D,DEN,KC,306,41.50,7.50,17.00,2400,5.33,2.2,0.0,0.0,0.0,0.0,0.0
Tyrone Tracy,RB,NYG,CAR,-277,40.50,-6.50,23.50,6000,13.15,2.2,0.0,15.6,2.8,18.4,3.1
Ricky Pearsall,WR,SF,TB,-280,50.50,-6.00,28.25,4400,9.61,2.2,0.0,0.3,4.9,5.2,1.2
Malik Nabers,WR,NYG,CAR,-277,40.50,-6.50,23.50,7600,16.56,2.2,0.0,0.1,9.8,9.9,1.3
Garrett Wilson,WR,NYJ,ARI,-118,46.50,-1.50,24.00,7200,15.86,2.2,0.0,0.3,8.7,9.0,1.3
Aaron Jones,RB,MIN,JAX,-335,44.00,-7.00,25.50,6700,14.91,2.2,0.0,14.3,3.6,17.9,2.7
Philadelphia Eagles,D,PHI,DAL,-363,43.00,-7.00,25.00,3500,7.63,2.2,0.0,0.0,0.0,0.0,0.0
Dalton Kincaid,TE,BUF,IND,-205,47.50,-4.00,25.75,4900,10.64,2.2,0.0,0.0,6.2,6.2,1.3
Davante Adams,WR,NYJ,ARI,-118,46.50,-1.50,24.00,7000,15.05,2.2,0.0,0.1,7.9,8.0,1.1
Joe Mixon,RB,HOU,DET,154,49.00,3.50,22.75,7900,17.18,2.2,0.0,18.7,3.5,22.2,2.8
Breece Hall,RB,NYJ,ARI,-118,46.50,-1.50,24.00,7600,16.75,2.2,0.0,16.0,3.9,19.9,2.6
New England Patriots,D,NE,CHI,232,39.00,6.50,16.25,2500,5.52,2.2,0.0,0.0,0.0,0.0,0.0
DeMario Douglas,WR,NE,CHI,232,39.00,6.50,16.25,4400,9.68,2.2,0.0,0.4,6.3,6.7,1.5
Saquon Barkley,RB,PHI,DAL,-363,43.00,-7.00,25.00,8300,18.05,2.2,0.0,18.6,3.6,22.2,2.7
Dallas Goedert,TE,PHI,DAL,-363,43.00,-7.00,25.00,4500,9.56,2.1,0.0,0.0,5.4,5.4,1.2
Josh Downs,WR,IND,BUF,168,47.50,4.00,21.75,6200,12.80,2.1,0.0,0.2,7.6,7.8,1.3
Kendrick Bourne,WR,NE,CHI,232,39.00,6.50,16.25,3200,6.66,2.1,0.0,0.1,4.3,4.4,1.4
Dallas Cowboys,D,DAL,PHI,285,43.00,7.00,18.00,2400,5.00,2.1,0.0,0.0,0.0,0.0,0.0
Los Angeles Chargers,D,LAC,TEN,-377,39.00,-7.50,23.25,3800,7.93,2.1,0.0,0.0,0.0,0.0,0.0
Amari Cooper,WR,BUF,IND,-205,47.50,-4.00,25.75,5800,12.06,2.1,0.0,0.0,6.2,6.2,1.1
Parker Washington,WR,JAX,MIN,260,44.00,7.00,18.50,3900,8.21,2.1,0.0,0.3,4.9,5.2,1.3
Khalil Shakir,WR,BUF,IND,-205,47.50,-4.00,25.75,6000,12.48,2.1,0.0,0.1,6.2,6.3,1.0
Ladd McConkey,WR,LAC,TEN,-377,39.00,-7.50,23.25,5900,12.24,2.1,0.0,0.1,6.9,7.0,1.2
Buffalo Bills,D,BUF,IND,-205,47.50,-4.00,25.75,3200,6.56,2.1,0.0,0.0,0.0,0.0,0.0
Jacksonville Jaguars,D,JAX,MIN,260,44.00,7.00,18.50,2500,5.35,2.1,0.0,0.0,0.0,0.0,0.0
Miami Dolphins,D,MIA,LAR,100,50.00,1.00,24.50,2500,5.29,2.1,0.0,0.0,0.0,0.0,0.0
D'Andre Swift,RB,CHI,NE,-285,39.00,-6.50,22.75,6500,13.91,2.1,0.0,16.6,2.9,19.5,3.0
Noah Gray,TE,KC,DEN,-400,41.50,-7.50,24.50,2900,6.18,2.1,0.0,0.0,3.3,3.3,1.1
Deebo Samuel,WR,SF,TB,-280,50.50,-6.00,28.25,6900,14.38,2.1,0.0,2.6,5.7,8.3,1.2
Ja'Tavion Sanders,TE,CAR,NYG,221,40.50,6.50,17.00,3400,6.99,2.1,0.0,0.0,4.3,4.3,1.3
Sterling Shepard,WR,TB,SF,223,50.50,6.00,22.25,4100,8.67,2.1,0.0,0.0,4.6,4.6,1.1
Wan'Dale Robinson,WR,NYG,CAR,-277,40.50,-6.50,23.50,5500,11.49,2.1,0.0,0.8,6.7,7.5,1.4
Kyren Williams,RB,LAR,MIA,-118,50.00,-1.00,25.50,7800,16.48,2.1,0.0,16.8,3.0,19.8,2.5
Jalen McMillan,WR,TB,SF,223,50.50,6.00,22.25,4200,8.93,2.1,0.0,0.3,5.4,5.7,1.3
Pat Freiermuth,TE,PIT,WAS,125,45.00,3.00,21.00,4200,8.89,2.1,0.0,0.0,5.5,5.5,1.3
Kansas City Chiefs,D,KC,DEN,-400,41.50,-7.50,24.50,3600,7.51,2.1,0.0,0.0,0.0,0.0,0.0
Zach Ertz,TE,WAS,PIT,-149,45.00,-3.00,24.00,3800,8.06,2.1,0.0,0.0,5.1,5.1,1.3
Jonathan Taylor,RB,IND,BUF,168,47.50,4.00,21.75,7500,15.38,2.1,0.0,17.2,2.5,19.7,2.6
Jahmyr Gibbs,RB,DET,HOU,-188,49.00,-3.50,26.25,7300,15.13,2.1,0.0,11.7,4.1,15.8,2.2
Marvin Harrison,WR,ARI,NYJ,100,46.50,1.50,22.50,6400,13.29,2.1,0.0,0.1,7.1,7.2,1.1
Courtland Sutton,WR,DEN,KC,306,41.50,7.50,17.00,5600,11.52,2.1,0.0,0.1,7.8,7.9,1.4
James Conner,RB,ARI,NYJ,100,46.50,1.50,22.50,6500,13.31,2.1,0.0,14.9,2.6,17.5,2.7
Houston Texans,D,HOU,DET,154,49.00,3.50,22.75,2600,5.25,2.0,0.0,0.0,0.0,0.0,0.0
Arizona Cardinals,D,ARI,NYJ,100,46.50,1.50,22.50,2900,5.74,2.0,0.0,0.0,0.0,0.0,0.0
A.J. Brown,WR,PHI,DAL,-363,43.00,-7.00,25.00,8200,16.55,2.0,0.0,0.1,8.4,8.5,1.0
Carolina Panthers,D,CAR,NYG,221,40.50,6.50,17.00,2700,5.37,2.0,0.0,0.0,0.0,0.0,0.0
Los Angeles Rams,D,LAR,MIA,-118,50.00,-1.00,25.50,2700,5.49,2.0,0.0,0.0,0.0,0.0,0.0
Jordan Addison,WR,MIN,JAX,-335,44.00,-7.00,25.50,5300,10.36,2.0,0.0,0.2,5.4,5.6,1.0
J.K. Dobbins,RB,LAC,TEN,-377,39.00,-7.50,23.25,7200,14.07,2.0,0.0,16.6,2.6,19.2,2.7
DJ Moore,WR,CHI,NE,-285,39.00,-6.50,22.75,6300,12.40,2.0,0.0,0.2,6.5,6.7,1.1
Cooper Kupp,WR,LAR,MIA,-118,50.00,-1.00,25.50,7700,15.38,2.0,0.0,0.3,8.1,8.4,1.1
Sam LaPorta,TE,DET,HOU,-188,49.00,-3.50,26.25,4600,9.01,2.0,0.0,0.0,4.7,4.7,1.0
Brian Thomas,WR,JAX,MIN,260,44.00,7.00,18.50,6600,13.39,2.0,0.0,0.1,7.6,7.7,1.2
Ray-Ray McCloud,WR,ATL,NO,-196,46.50,-3.50,25.00,4300,8.42,2.0,0.0,0.8,4.7,5.5,1.3
Noah Brown,WR,WAS,PIT,-149,45.00,-3.00,24.00,4300,8.45,2.0,0.0,0.2,4.6,4.8,1.1
New York Jets,D,NYJ,ARI,-118,46.50,-1.50,24.00,2900,5.68,2.0,0.0,0.0,0.0,0.0,0.0
Justin Jefferson,WR,MIN,JAX,-335,44.00,-7.00,25.50,8800,17.65,2.0,0.0,0.1,8.8,8.9,1.0
Jake Ferguson,TE,DAL,PHI,285,43.00,7.00,18.00,5000,10.04,2.0,0.0,0.0,6.2,6.2,1.2
Zay Flowers,WR,BAL,CIN,-278,52.50,-6.00,29.25,7200,14.48,2.0,0.0,0.5,7.1,7.6,1.1
Terry McLaurin,WR,WAS,PIT,-149,45.00,-3.00,24.00,7300,14.71,2.0,0.0,0.1,7.9,8.0,1.1
Lucas Krull,TE,DEN,KC,306,41.50,7.50,17.00,2600,5.13,2.0,0.0,0.0,3.4,3.4,1.3
T.J. Hockenson,TE,MIN,JAX,-335,44.00,-7.00,25.50,4700,9.27,2.0,0.0,0.0,5.3,5.3,1.1
Calvin Ridley,WR,TEN,LAC,298,39.00,7.50,15.75,5700,10.81,1.9,0.0,0.3,7.6,7.9,1.4
Jauan Jennings,WR,SF,TB,-280,50.50,-6.00,28.25,5200,10.03,1.9,0.0,0.1,4.9,5.0,1.0
San Francisco 49ers,D,SF,TB,-280,50.50,-6.00,28.25,3300,6.14,1.9,0.0,0.0,0.0,0.0,0.0
Tyler Conklin,TE,NYJ,ARI,-118,46.50,-1.50,24.00,3400,6.55,1.9,0.0,0.0,3.9,3.9,1.1
Pittsburgh Steelers,D,PIT,WAS,125,45.00,3.00,21.00,3000,5.65,1.9,0.0,0.0,0.0,0.0,0.0
Quentin Johnston,WR,LAC,TEN,-377,39.00,-7.50,23.25,4900,9.18,1.9,0.0,0.1,5.4,5.5,1.1
Najee Harris,RB,PIT,WAS,125,45.00,3.00,21.00,6200,11.69,1.9,0.0,14.9,2.2,17.1,2.8
Indianapolis Colts,D,IND,BUF,168,47.50,4.00,21.75,2600,4.97,1.9,0.0,0.0,0.0,0.0,0.0
George Pickens,WR,PIT,WAS,125,45.00,3.00,21.00,6800,13.12,1.9,0.0,0.1,7.2,7.3,1.1
Atlanta Falcons,D,ATL,NO,-196,46.50,-3.50,25.00,3400,6.41,1.9,0.0,0.0,0.0,0.0,0.0
Gabe Davis,WR,JAX,MIN,260,44.00,7.00,18.50,5000,9.59,1.9,0.0,0.1,5.6,5.7,1.1
Washington Commanders,D,WAS,PIT,-149,45.00,-3.00,24.00,3100,5.89,1.9,0.0,0.0,0.0,0.0,0.0
Kyle Pitts,TE,ATL,NO,-196,46.50,-3.50,25.00,4800,9.03,1.9,0.0,0.0,4.9,4.9,1.0
New Orleans Saints,D,NO,ATL,162,46.50,3.50,21.50,2800,5.18,1.9,0.0,0.0,0.0,0.0,0.0
Tank Dell,WR,HOU,DET,154,49.00,3.50,22.75,7400,14.09,1.9,0.0,1.3,8.1,9.4,1.3
David Montgomery,RB,DET,HOU,-188,49.00,-3.50,26.25,6600,12.36,1.9,0.0,13.4,1.5,14.9,2.3
CeeDee Lamb,WR,DAL,PHI,285,43.00,7.00,18.00,8600,16.00,1.9,0.0,0.8,9.4,10.2,1.2
Detroit Lions,D,DET,HOU,-188,49.00,-3.50,26.25,3100,5.79,1.9,0.0,0.0,0.0,0.0,0.0
Tennessee Titans,D,TEN,LAC,298,39.00,7.50,15.75,2700,5.11,1.9,0.0,0.0,0.0,0.0,0.0
Rhamondre Stevenson,RB,NE,CHI,232,39.00,6.50,16.25,6400,11.90,1.9,0.0,14.1,3.5,17.6,2.8
James Cook,RB,BUF,IND,-205,47.50,-4.00,25.75,7000,13.48,1.9,0.0,14.5,2.5,17.0,2.4
Keon Coleman,WR,BUF,IND,-205,47.50,-4.00,25.75,5500,10.39,1.9,0.0,0.1,5.5,5.6,1.0
Cole Kmet,TE,CHI,NE,-285,39.00,-6.50,22.75,4300,7.98,1.9,0.0,0.0,4.5,4.5,1.0
Rome Odunze,WR,CHI,NE,-285,39.00,-6.50,22.75,5200,9.88,1.9,0.0,0.1,5.4,5.5,1.0
Jaylen Waddle,WR,MIA,LAR,100,50.00,1.00,24.50,5600,10.51,1.9,0.0,0.1,5.6,5.7,1.0
Tim Patrick,WR,DET,HOU,-188,49.00,-3.50,26.25,3400,6.09,1.8,0.0,0.1,3.3,3.4,1.0
Darnell Mooney,WR,ATL,NO,-196,46.50,-3.50,25.00,6500,11.86,1.8,0.0,0.2,6.7,6.9,1.1
Cincinnati Bengals,D,CIN,BAL,223,52.50,6.00,23.25,2800,5.11,1.8,0.0,0.0,0.0,0.0,0.0
Tony Pollard,RB,TEN,LAC,298,39.00,7.50,15.75,6900,12.24,1.8,0.0,16.2,3.4,19.6,2.8
Keenan Allen,WR,CHI,NE,-285,39.00,-6.50,22.75,5400,9.87,1.8,0.0,0.1,5.6,5.7,1.1
Jameson Williams,WR,DET,HOU,-188,49.00,-3.50,26.25,5900,10.54,1.8,0.0,0.4,5.2,5.6,1.0
Kayshon Boutte,WR,NE,CHI,232,39.00,6.50,16.25,3500,6.22,1.8,0.0,0.2,4.1,4.3,1.2
Rico Dowdle,RB,DAL,PHI,285,43.00,7.00,18.00,6100,10.67,1.8,0.0,12.7,2.8,15.5,2.5
Javonte Williams,RB,DEN,KC,306,41.50,7.50,17.00,6000,10.89,1.8,0.0,11.3,4.0,15.3,2.6
Rashod Bateman,WR,BAL,CIN,-278,52.50,-6.00,29.25,4300,7.75,1.8,0.0,0.1,4.0,4.1,0.9
Nick Westbrook-Ikhine,WR,TEN,LAC,298,39.00,7.50,15.75,3800,6.64,1.8,0.0,0.2,4.5,4.7,1.2
Rachaad White,RB,TB,SF,223,50.50,6.00,22.25,5900,10.34,1.8,0.0,8.1,3.6,11.7,2.0
Darius Slayton,WR,NYG,CAR,-277,40.50,-6.50,23.50,4800,8.65,1.8,0.0,0.1,4.9,5.0,1.0
Jalen Coker,WR,CAR,NYG,221,40.50,6.50,17.00,3800,6.64,1.8,0.0,0.0,4.7,4.7,1.2
Chuba Hubbard,RB,CAR,NYG,221,40.50,6.50,17.00,6700,12.12,1.8,0.0,15.1,2.8,17.9,2.7
Demarcus Robinson,WR,LAR,MIA,-118,50.00,-1.00,25.50,5100,8.99,1.8,0.0,0.1,4.9,5.0,1.0
Bucky Irving,RB,TB,SF,223,50.50,6.00,22.25,5700,9.48,1.7,0.0,9.3,2.3,11.6,2.0
Cedrick Wilson,WR,NO,ATL,162,46.50,3.50,21.50,4600,7.63,1.7,0.0,0.1,4.6,4.7,1.0
Tyjae Spears,RB,TEN,LAC,298,39.00,7.50,15.75,4700,7.94,1.7,0.0,6.9,3.1,10.0,2.1
Trey Palmer,WR,TB,SF,223,50.50,6.00,22.25,4000,6.89,1.7,0.0,0.4,4.2,4.6,1.1
Minnesota Vikings,D,MIN,JAX,-335,44.00,-7.00,25.50,3700,6.38,1.7,0.0,0.0,0.0,0.0,0.0
Olamide Zaccheaus,WR,WAS,PIT,-149,45.00,-3.00,24.00,3400,5.89,1.7,0.0,0.2,3.3,3.5,1.0
Raheem Mostert,RB,MIA,LAR,100,50.00,1.00,24.50,5900,9.79,1.7,0.0,9.8,1.8,11.6,2.0
Baltimore Ravens,D,BAL,CIN,-278,52.50,-6.00,29.25,3300,5.65,1.7,0.0,0.0,0.0,0.0,0.0
Theo Johnson,TE,NYG,CAR,-277,40.50,-6.50,23.50,3000,5.21,1.7,0.0,0.0,3.0,3.0,1.0
Michael Pittman,WR,IND,BUF,168,47.50,4.00,21.75,6000,9.89,1.7,0.0,0.1,6.0,6.1,1.0
DeVonta Smith,WR,PHI,DAL,-363,43.00,-7.00,25.00,7800,13.59,1.7,0.0,0.1,7.4,7.5,1.0
Jalen Tolbert,WR,DAL,PHI,285,43.00,7.00,18.00,5100,8.61,1.7,0.0,0.1,5.6,5.7,1.1
Xavier Legette,WR,CAR,NYG,221,40.50,6.50,17.00,5700,8.91,1.6,0.0,0.2,6.1,6.3,1.1
Lil'Jordan Humphrey,WR,DEN,KC,306,41.50,7.50,17.00,3200,5.06,1.6,0.0,0.0,3.5,3.5,1.1
Mike Williams,WR,PIT,WAS,125,45.00,3.00,21.00,4100,6.47,1.6,0.0,0.1,3.4,3.5,0.8
Odell Beckham,WR,MIA,LAR,100,50.00,1.00,24.50,3400,5.31,1.6,0.0,0.1,2.9,3.0,0.9
Austin Ekeler,RB,WAS,PIT,-149,45.00,-3.00,24.00,5800,9.08,1.6,0.0,6.1,3.4,9.5,1.6
Tampa Bay Buccaneers,D,TB,SF,223,50.50,6.00,22.25,2600,4.13,1.6,0.0,0.0,0.0,0.0,0.0
Xavier Worthy,WR,KC,DEN,-400,41.50,-7.50,24.50,6100,9.88,1.6,0.0,0.2,5.2,5.4,0.9
Jaylen Warren,RB,PIT,WAS,125,45.00,3.00,21.00,5300,8.26,1.6,0.0,6.4,2.7,9.1,1.7
Brian Robinson,RB,WAS,PIT,-149,45.00,-3.00,24.00,6300,10.26,1.6,0.0,11.9,2.2,14.1,2.2
Chigoziem Okonkwo,TE,TEN,LAC,298,39.00,7.50,15.75,3000,4.91,1.6,0.0,0.1,3.1,3.2,1.1
Tyler Boyd,WR,TEN,LAC,298,39.00,7.50,15.75,3500,5.62,1.6,0.0,0.1,4.1,4.2,1.2
Hayden Hurst,TE,LAC,TEN,-377,39.00,-7.50,23.25,2700,4.33,1.6,0.0,0.0,2.5,2.5,0.9
Adonai Mitchell,WR,IND,BUF,168,47.50,4.00,21.75,3400,4.95,1.5,0.0,0.0,3.1,3.1,0.9
Luke McCaffrey,WR,WAS,PIT,-149,45.00,-3.00,24.00,3100,4.77,1.5,0.0,0.2,2.7,2.9,0.9
Michael Wilson,WR,ARI,NYJ,100,46.50,1.50,22.50,4600,6.91,1.5,0.0,0.0,4.1,4.1,0.9
Tyler Allgeier,RB,ATL,NO,-196,46.50,-3.50,25.00,5200,7.77,1.5,0.0,8.6,1.3,9.9,1.9
Tank Bigsby,RB,JAX,MIN,260,44.00,7.00,18.50,5700,8.43,1.5,0.0,9.5,1.4,10.9,1.9
Travis Etienne,RB,JAX,MIN,260,44.00,7.00,18.50,5800,8.68,1.5,0.0,7.1,3.1,10.2,1.8
Troy Franklin,WR,DEN,KC,306,41.50,7.50,17.00,4000,5.88,1.5,0.0,0.1,4.1,4.2,1.1
Joshua Palmer,WR,LAC,TEN,-377,39.00,-7.50,23.25,4800,7.21,1.5,0.0,0.1,4.1,4.2,0.9
Josh Whyle,TE,TEN,LAC,298,39.00,7.50,15.75,2500,3.68,1.5,0.0,0.0,2.3,2.3,0.9
JuJu Smith-Schuster,WR,KC,DEN,-400,41.50,-7.50,24.50,4500,6.26,1.4,0.0,0.2,3.4,3.6,0.8
Andrei Iosivas,WR,CIN,BAL,223,52.50,6.00,23.25,3900,5.43,1.4,0.0,0.1,3.1,3.2,0.8
Devaughn Vele,WR,DEN,KC,306,41.50,7.50,17.00,3400,4.77,1.4,0.0,0.0,3.2,3.2,0.9
Colby Parkinson,TE,LAR,MIA,-118,50.00,-1.00,25.50,3500,4.94,1.4,0.0,0.0,2.6,2.6,0.7
Kalif Raymond,WR,DET,HOU,-188,49.00,-3.50,26.25,3700,5.07,1.4,0.0,0.5,2.6,3.1,0.8
Mecole Hardman,WR,KC,DEN,-400,41.50,-7.50,24.50,3400,4.59,1.4,0.0,0.5,2.3,2.8,0.8
Cade Stover,TE,HOU,DET,154,49.00,3.50,22.75,2600,3.70,1.4,0.0,0.0,2.3,2.3,0.9
Tommy Tremble,TE,CAR,NYG,221,40.50,6.50,17.00,2700,3.65,1.4,0.0,0.0,2.4,2.4,0.9
Alec Pierce,WR,IND,BUF,168,47.50,4.00,21.75,4900,6.60,1.4,0.0,0.1,3.8,3.9,0.8
Mason Tipton,WR,NO,ATL,162,46.50,3.50,21.50,4500,6.11,1.4,0.0,0.0,3.9,3.9,0.9
Austin Hooper,TE,NE,CHI,232,39.00,6.50,16.25,2700,3.54,1.3,0.0,0.0,2.3,2.3,0.9
Brenton Strange,TE,JAX,MIN,260,44.00,7.00,18.50,2800,3.72,1.3,0.0,0.0,2.2,2.2,0.8
Diontae Johnson,WR,BAL,CIN,-278,52.50,-6.00,29.25,5800,7.24,1.3,0.0,0.1,4.0,4.1,0.7
Justice Hill,RB,BAL,CIN,-278,52.50,-6.00,29.25,5200,6.93,1.3,0.0,2.5,3.2,5.7,1.1
Robert Woods,WR,HOU,DET,154,49.00,3.50,22.75,4100,4.79,1.2,0.0,0.1,3.1,3.2,0.8
Calvin Austin,WR,PIT,WAS,125,45.00,3.00,21.00,3500,4.34,1.2,0.0,0.5,2.6,3.1,0.9
Dawson Knox,TE,BUF,IND,-205,47.50,-4.00,25.75,2900,3.38,1.2,0.0,0.0,1.8,1.8,0.6
Foster Moreau,TE,NO,ATL,162,46.50,3.50,21.50,3000,3.66,1.2,0.0,0.0,2.1,2.1,0.7
Jalen Nailor,WR,MIN,JAX,-335,44.00,-7.00,25.50,4200,4.90,1.2,0.0,0.0,3.0,3.0,0.7
Braelon Allen,RB,NYJ,ARI,-118,46.50,-1.50,24.00,5500,6.60,1.2,0.0,6.2,1.5,7.7,1.4
Van Jefferson,WR,PIT,WAS,125,45.00,3.00,21.00,3600,3.98,1.1,0.0,0.1,2.3,2.4,0.7
Tyler Higbee,TE,LAR,MIA,-118,50.00,-1.00,25.50,3300,3.56,1.1,0.0,0.0,1.9,1.9,0.6
Marquez Valdes-Scantling,WR,NO,ATL,162,46.50,3.50,21.50,3900,4.33,1.1,0.0,0.2,2.7,2.9,0.7
Charlie Kolar,TE,BAL,CIN,-278,52.50,-6.00,29.25,2500,2.76,1.1,0.0,0.0,1.6,1.6,0.6
Jonathon Brooks,RB,CAR,NYG,221,40.50,6.50,17.00,5000,5.38,1.1,0.0,5.1,1.8,6.9,1.4
KaVontae Turpin,WR,DAL,PHI,285,43.00,7.00,18.00,3500,3.69,1.1,0.0,0.5,1.5,2.0,0.6
Jaleel McLaughlin,RB,DEN,KC,306,41.50,7.50,17.00,4500,5.09,1.1,0.0,5.6,1.6,7.2,1.6
Marvin Mims,WR,DEN,KC,306,41.50,7.50,17.00,3000,3.22,1.1,0.0,0.1,2.1,2.2,0.7
Jermaine Burton,WR,CIN,BAL,223,52.50,6.00,23.25,3100,3.43,1.1,0.0,0.0,2.0,2.0,0.7
Greg Dortch,WR,ARI,NYJ,100,46.50,1.50,22.50,3800,4.19,1.1,0.0,0.2,2.6,2.8,0.7
Jeremy Ruckert,TE,NYJ,ARI,-118,46.50,-1.50,24.00,2500,2.68,1.1,0.0,0.0,1.6,1.6,0.6
Cam Akers,RB,MIN,JAX,-335,44.00,-7.00,25.50,4700,5.02,1.1,0.0,5.2,1.3,6.5,1.4
Antonio Gibson,RB,NE,CHI,232,39.00,6.50,16.25,4900,4.98,1.0,0.0,4.2,2.1,6.3,1.3
Mo Alie-Cox,TE,IND,BUF,168,47.50,4.00,21.75,2500,2.43,1.0,0.0,0.0,1.4,1.4,0.6
Ty Johnson,RB,BUF,IND,-205,47.50,-4.00,25.75,4500,4.33,1.0,0.0,1.3,1.9,3.2,0.7
Adam Trautman,TE,DEN,KC,306,41.50,7.50,17.00,2800,2.88,1.0,0.0,0.0,1.8,1.8,0.6
Devin Singletary,RB,NYG,CAR,-277,40.50,-6.50,23.50,5600,5.45,1.0,0.0,6.1,1.4,7.5,1.3
Johnny Mundt,TE,MIN,JAX,-335,44.00,-7.00,25.50,2700,2.75,1.0,0.0,0.0,1.6,1.6,0.6
Dyami Brown,WR,WAS,PIT,-149,45.00,-3.00,24.00,3300,3.35,1.0,0.0,0.1,1.9,2.0,0.6
Roschon Johnson,RB,CHI,NE,-285,39.00,-6.50,22.75,4600,4.14,0.9,0.0,3.4,1.2,4.6,1.0
Tutu Atwell,WR,LAR,MIA,-118,50.00,-1.00,25.50,4200,3.84,0.9,0.0,0.2,2.1,2.3,0.5
Ray Davis,RB,BUF,IND,-205,47.50,-4.00,25.75,5500,5.02,0.9,0.0,4.7,1.2,5.9,1.1
Jalen Brooks,WR,DAL,PHI,285,43.00,7.00,18.00,3300,2.88,0.9,0.0,0.0,1.9,1.9,0.6
Ja'Lynn Polk,WR,NE,CHI,232,39.00,6.50,16.25,3300,2.81,0.9,0.0,0.0,2.0,2.0,0.6
Xavier Gipson,WR,NYJ,ARI,-118,46.50,-1.50,24.00,3000,2.81,0.9,0.0,0.2,1.4,1.6,0.5
Nick Vannett,TE,TEN,LAC,298,39.00,7.50,15.75,2600,2.34,0.9,0.0,0.0,1.7,1.7,0.7
Tanner Hudson,TE,CIN,BAL,223,52.50,6.00,23.25,2500,2.34,0.9,0.0,0.0,2.1,2.1,0.8
Samaje Perine,RB,KC,DEN,-400,41.50,-7.50,24.50,4800,4.15,0.9,0.0,1.3,2.1,3.4,0.7
Ashton Dulin,WR,IND,BUF,168,47.50,4.00,21.75,3000,2.34,0.8,0.0,0.1,1.3,1.4,0.5
Johnny Wilson,WR,PHI,DAL,-363,43.00,-7.00,25.00,3000,2.31,0.8,0.0,0.1,1.4,1.5,0.5
Jahan Dotson,WR,PHI,DAL,-363,43.00,-7.00,25.00,4700,3.64,0.8,0.0,0.0,2.1,2.1,0.5
Darnell Washington,TE,PIT,WAS,125,45.00,3.00,21.00,2800,2.22,0.8,0.0,0.0,1.3,1.3,0.5
Tim Jones,WR,JAX,MIN,260,44.00,7.00,18.50,3600,3.02,0.8,0.0,0.1,1.6,1.7,0.5
Drew Sample,TE,CIN,BAL,223,52.50,6.00,23.25,2700,2.08,0.8,0.0,0.0,1.2,1.2,0.4
Davis Allen,TE,LAR,MIA,-118,50.00,-1.00,25.50,2500,2.06,0.8,0.0,0.0,1.1,1.1,0.4
Dameon Pierce,RB,HOU,DET,154,49.00,3.50,22.75,4400,3.39,0.8,0.0,4.2,0.8,5.0,1.1
DJ Chark,WR,LAC,TEN,-377,39.00,-7.50,23.25,3400,2.54,0.8,0.0,0.0,1.5,1.5,0.4
Cordarrelle Patterson,RB,PIT,WAS,125,45.00,3.00,21.00,4000,3.11,0.8,0.0,3.1,0.7,3.8,1.0
Curtis Samuel,WR,BUF,IND,-205,47.50,-4.00,25.75,3300,2.74,0.8,0.0,0.3,1.3,1.6,0.5
Jalen Reagor,WR,LAC,TEN,-377,39.00,-7.50,23.25,3000,2.25,0.8,0.0,0.1,1.2,1.3,0.4
Justin Watson,WR,KC,DEN,-400,41.50,-7.50,24.50,3700,2.87,0.8,0.0,0.0,1.6,1.6,0.4
John Metchie,WR,HOU,DET,154,49.00,3.50,22.75,3900,3.28,0.8,0.0,0.1,2.7,2.8,0.7
Dare Ogunbowale,RB,HOU,DET,154,49.00,3.50,22.75,4000,3.16,0.8,0.0,0.6,2.1,2.7,0.7
Kenneth Gainwell,RB,PHI,DAL,-363,43.00,-7.00,25.00,4100,2.81,0.7,0.0,1.8,1.1,2.9,0.7
Julian Hill,TE,MIA,LAR,100,50.00,1.00,24.50,2500,1.74,0.7,0.0,0.0,1.1,1.1,0.4
Blake Corum,RB,LAR,MIA,-118,50.00,-1.00,25.50,4200,2.86,0.7,0.0,3.1,0.5,3.6,0.9
Jacob Cowing,WR,SF,TB,-280,50.50,-6.00,28.25,3100,2.16,0.7,0.0,0.1,1.2,1.3,0.4
Trey Benson,RB,ARI,NYJ,100,46.50,1.50,22.50,4800,3.15,0.7,0.0,3.1,0.8,3.9,0.8
Jonathan Mingo,WR,DAL,PHI,285,43.00,7.00,18.00,3200,2.25,0.7,0.0,0.0,1.6,1.6,0.5
Brock Wright,TE,DET,HOU,-188,49.00,-3.50,26.25,2500,1.65,0.7,0.0,0.0,0.9,0.9,0.4
Elijah Higgins,TE,ARI,NYJ,100,46.50,1.50,22.50,2900,2.07,0.7,0.0,0.0,1.2,1.2,0.4
Chris Conley,WR,SF,TB,-280,50.50,-6.00,28.25,3000,2.16,0.7,0.0,0.1,1.1,1.2,0.4
Keaton Mitchell,RB,BAL,CIN,-278,52.50,-6.00,29.25,4000,2.97,0.7,0.0,2.7,0.8,3.5,0.9
D'Ernest Johnson,RB,JAX,MIN,260,44.00,7.00,18.50,4200,2.77,0.7,0.0,2.4,1.4,3.8,0.9
Miles Sanders,RB,CAR,NYG,221,40.50,6.50,17.00,4300,2.86,0.7,0.0,2.9,1.3,4.2,1.0
Brandon Powell,WR,MIN,JAX,-335,44.00,-7.00,25.50,3000,2.20,0.7,0.0,0.2,1.3,1.5,0.5
Trenton Irwin,WR,CIN,BAL,223,52.50,6.00,23.25,3000,2.12,0.7,0.0,0.1,1.1,1.2,0.4
Nelson Agholor,WR,BAL,CIN,-278,52.50,-6.00,29.25,3500,2.50,0.7,0.0,0.1,1.2,1.3,0.4
Trayveon Williams,RB,CIN,BAL,223,52.50,6.00,23.25,4000,2.96,0.7,0.0,2.7,1.4,4.1,1.0
Rakim Jarrett,WR,TB,SF,223,50.50,6.00,22.25,3600,2.25,0.6,0.0,0.1,1.3,1.4,0.4
Tyler Johnson,WR,LAR,MIA,-118,50.00,-1.00,25.50,3500,2.10,0.6,0.0,0.0,1.2,1.2,0.3
Luke Farrell,TE,JAX,MIN,260,44.00,7.00,18.50,2500,1.38,0.6,0.0,0.0,0.8,0.8,0.3
Emari Demercado,RB,ARI,NYJ,100,46.50,1.50,22.50,4600,2.86,0.6,0.0,2.4,0.9,3.3,0.7
Kylen Granson,TE,IND,BUF,168,47.50,4.00,21.75,2600,1.69,0.6,0.0,0.0,1.0,1.0,0.4
Ian Thomas,TE,CAR,NYG,221,40.50,6.50,17.00,2500,1.38,0.6,0.0,0.0,1.1,1.1,0.4
Sean Tucker,RB,TB,SF,223,50.50,6.00,22.25,4700,2.65,0.6,0.0,3.9,0.2,4.1,0.9
Jordan Mason,RB,SF,TB,-280,50.50,-6.00,28.25,7400,4.84,0.6,0.0,4.4,0.8,5.2,0.7
Zach Pascal,WR,ARI,NYJ,100,46.50,1.50,22.50,3000,1.64,0.6,0.0,0.1,0.9,1.0,0.3
David Moore,WR,CAR,NYG,221,40.50,6.50,17.00,3000,1.89,0.6,0.0,0.1,1.1,1.2,0.4
Jamaal Williams,RB,NO,ATL,162,46.50,3.50,21.50,4100,2.59,0.6,0.0,3.0,0.7,3.7,0.9
Dalvin Cook,RB,DAL,PHI,285,43.00,7.00,18.00,5000,2.81,0.6,0.0,2.8,1.0,3.8,0.8
Jaylen Wright,RB,MIA,LAR,100,50.00,1.00,24.50,4000,2.46,0.6,0.0,2.2,0.6,2.8,0.7
Trent Sherfield,WR,MIN,JAX,-335,44.00,-7.00,25.50,3000,1.76,0.6,0.0,0.0,1.0,1.0,0.3
Audric Estime,RB,DEN,KC,306,41.50,7.50,17.00,4000,2.45,0.6,0.0,3.2,0.5,3.7,0.9
Kyle Juszczyk,RB,SF,TB,-280,50.50,-6.00,28.25,4000,2.19,0.6,0.0,0.3,1.1,1.4,0.4
Durham Smythe,TE,MIA,LAR,100,50.00,1.00,24.50,2500,1.39,0.6,0.0,0.0,0.7,0.7,0.3
Eric Gray,RB,NYG,CAR,-277,40.50,-6.50,23.50,4000,1.89,0.5,0.0,0.7,0.8,1.5,0.4
Luke Schoonmaker,TE,DAL,PHI,285,43.00,7.00,18.00,2500,1.24,0.5,0.0,0.0,0.7,0.7,0.3
Jordan Whittington,WR,LAR,MIA,-118,50.00,-1.00,25.50,4500,2.05,0.5,0.0,0.0,1.1,1.1,0.2
MyCole Pruitt,TE,PIT,WAS,125,45.00,3.00,21.00,2500,1.30,0.5,0.0,0.0,0.8,0.8,0.3
Daniel Bellinger,TE,NYG,CAR,-277,40.50,-6.50,23.50,2500,1.15,0.5,0.0,0.0,0.7,0.7,0.3
Malachi Corley,WR,NYJ,ARI,-118,46.50,-1.50,24.00,3000,1.45,0.5,0.0,0.0,0.7,0.7,0.2
Kimani Vidal,RB,LAC,TEN,-377,39.00,-7.50,23.25,5200,2.77,0.5,0.0,2.6,0.9,3.5,0.7
Jalin Hyatt,WR,NYG,CAR,-277,40.50,-6.50,23.50,3100,1.48,0.5,0.0,0.0,0.9,0.9,0.3
Gerald Everett,TE,CHI,NE,-285,39.00,-6.50,22.75,2500,1.21,0.5,0.0,0.0,0.7,0.7,0.3
Josh Oliver,TE,MIN,JAX,-335,44.00,-7.00,25.50,3200,1.64,0.5,0.0,0.0,0.9,0.9,0.3
Grant Calcaterra,TE,PHI,DAL,-363,43.00,-7.00,25.00,3500,1.71,0.5,0.0,0.0,1.1,1.1,0.3
Trey Sermon,RB,IND,BUF,168,47.50,4.00,21.75,4500,2.11,0.5,0.0,2.6,0.5,3.1,0.7
Zay Jones,WR,ARI,NYJ,100,46.50,1.50,22.50,3700,1.80,0.5,0.0,0.0,1.1,1.1,0.3
Carson Steele,RB,KC,DEN,-400,41.50,-7.50,24.50,4000,1.65,0.4,0.0,1.6,0.4,2.0,0.5
Hunter Luepke,RB,DAL,PHI,285,43.00,7.00,18.00,4000,1.47,0.4,0.0,0.3,1.1,1.4,0.4
Ben Sinnott,TE,WAS,PIT,-149,45.00,-3.00,24.00,2500,1.10,0.4,0.0,0.0,0.6,0.6,0.2
Charlie Woerner,TE,ATL,NO,-196,46.50,-3.50,25.00,2500,0.90,0.4,0.0,0.0,0.5,0.5,0.2
Mack Hollins,WR,BUF,IND,-205,47.50,-4.00,25.75,3300,1.41,0.4,0.0,0.0,0.8,0.8,0.2
Payne Durham,TE,TB,SF,223,50.50,6.00,22.25,2500,1.06,0.4,0.0,0.0,0.6,0.6,0.2
Ezekiel Elliott,RB,DAL,PHI,285,43.00,7.00,18.00,5100,2.22,0.4,0.0,1.7,0.8,2.5,0.5
Derius Davis,WR,LAC,TEN,-377,39.00,-7.50,23.25,3000,1.34,0.4,0.0,0.1,0.5,0.6,0.2
DeAndre Carter,WR,CHI,NE,-285,39.00,-6.50,22.75,3000,1.25,0.4,0.0,0.3,0.8,1.1,0.4
Will Mallory,TE,IND,BUF,168,47.50,4.00,21.75,2500,1.06,0.4,0.0,0.0,0.6,0.6,0.2
Tyquan Thornton,WR,NE,CHI,232,39.00,6.50,16.25,3000,1.00,0.3,0.0,0.1,0.7,0.8,0.3
Connor Heyward,TE,PIT,WAS,125,45.00,3.00,21.00,2500,0.69,0.3,0.0,0.0,0.5,0.5,0.2
J.J. Taylor,RB,HOU,DET,154,49.00,3.50,22.75,4000,1.41,0.3,0.0,1.5,0.4,1.9,0.5
Stone Smartt,TE,LAC,TEN,-377,39.00,-7.50,23.25,2500,0.76,0.3,0.0,0.0,0.4,0.4,0.2
Sione Vaki,RB,DET,HOU,-188,49.00,-3.50,26.25,4000,1.05,0.3,0.0,0.8,0.5,1.3,0.3
Drew Ogletree,TE,IND,BUF,168,47.50,4.00,21.75,2500,0.88,0.3,0.0,0.0,0.5,0.5,0.2
Javon Baker,WR,NE,CHI,232,39.00,6.50,16.25,3000,0.87,0.3,0.0,0.0,0.6,0.6,0.2
Ronnie Bell,WR,SF,TB,-280,50.50,-6.00,28.25,3000,0.79,0.3,0.0,0.0,0.4,0.4,0.1
Quintin Morris,TE,BUF,IND,-205,47.50,-4.00,25.75,2500,0.77,0.3,0.0,0.0,0.4,0.4,0.2
Khalil Herbert,RB,CIN,BAL,223,52.50,6.00,23.25,4000,1.06,0.3,0.0,1.2,0.1,1.3,0.3
Anthony Gould,WR,IND,BUF,168,47.50,4.00,21.75,3000,0.48,0.2,0.0,0.0,0.3,0.3,0.1
Ainias Smith,WR,PHI,DAL,-363,43.00,-7.00,25.00,3200,0.68,0.2,0.0,0.0,0.4,0.4,0.1
Jack Stoll,TE,PHI,DAL,-363,43.00,-7.00,25.00,2500,0.58,0.2,0.0,0.0,0.3,0.3,0.1
Ty Chandler,RB,MIN,JAX,-335,44.00,-7.00,25.50,4200,0.92,0.2,0.0,0.8,0.3,1.1,0.3
Tyler Scott,WR,CHI,NE,-285,39.00,-6.50,22.75,3000,0.55,0.2,0.0,0.1,0.3,0.4,0.1
DeeJay Dallas,RB,ARI,NYJ,100,46.50,1.50,22.50,4000,0.74,0.2,0.0,0.6,0.4,1.0,0.3
Craig Reynolds,RB,DET,HOU,-188,49.00,-3.50,26.25,4000,0.88,0.2,0.0,0.3,0.5,0.8,0.2
Jha'Quan Jackson,WR,TEN,LAC,298,39.00,7.50,15.75,3000,0.47,0.2,0.0,0.0,0.4,0.4,0.1
K.J. Osborn,WR,NE,CHI,232,39.00,6.50,16.25,3000,0.62,0.2,0.0,0.0,0.4,0.4,0.1
Jaheim Bell,TE,NE,CHI,232,39.00,6.50,16.25,2500,0.59,0.2,0.0,0.0,0.4,0.4,0.2
John Bates,TE,WAS,PIT,-149,45.00,-3.00,24.00,2500,0.58,0.2,0.0,0.0,0.4,0.4,0.2
Tyler Goodson,RB,IND,BUF,168,47.50,4.00,21.75,4900,0.88,0.2,0.0,0.7,0.3,1.0,0.2
Xavier Hutchinson,WR,HOU,DET,154,49.00,3.50,22.75,3600,0.78,0.2,0.0,0.3,2.6,2.9,0.8
Jeremy McNichols,RB,WAS,PIT,-149,45.00,-3.00,24.00,4400,0.80,0.2,0.0,1.3,0.2,1.5,0.3
Scotty Miller,WR,PIT,WAS,125,45.00,3.00,21.00,3000,0.73,0.2,0.0,0.1,0.5,0.6,0.2
Isaac Guerendo,RB,SF,TB,-280,50.50,-6.00,28.25,6400,1.22,0.2,0.0,1.1,0.3,1.4,0.2
Hunter Long,TE,LAR,MIA,-118,50.00,-1.00,25.50,2500,0.37,0.2,0.0,0.0,0.3,0.3,0.1
Tylan Wallace,WR,BAL,CIN,-278,52.50,-6.00,29.25,3000,0.49,0.2,0.0,0.0,0.3,0.3,0.1
KhaDarel Hodge,WR,ATL,NO,-196,46.50,-3.50,25.00,3200,0.63,0.2,0.0,0.0,0.3,0.3,0.1
Clyde Edwards-Helaire,RB,KC,DEN,-400,41.50,-7.50,24.50,5000,1.12,0.2,0.0,0.8,0.4,1.2,0.2
Dallin Holker,TE,NO,ATL,162,46.50,3.50,21.50,2500,0.17,0.1,0.0,0.0,0.1,0.1,0.0
Raheem Blackshear,RB,CAR,NYG,221,40.50,6.50,17.00,4000,0.47,0.1,0.0,0.3,0.3,0.6,0.2
Casey Washington,WR,ATL,NO,-196,46.50,-3.50,25.00,3000,0.35,0.1,0.0,0.0,0.2,0.2,0.1
Will Shipley,RB,PHI,DAL,-363,43.00,-7.00,25.00,4000,0.56,0.1,0.0,0.3,0.2,0.5,0.1
Devin Culp,TE,TB,SF,223,50.50,6.00,22.25,2500,0.34,0.1,0.0,0.0,0.2,0.2,0.1
Josiah Deguara,TE,JAX,MIN,260,44.00,7.00,18.50,2500,0.27,0.1,0.0,0.0,0.2,0.2,0.1
Allen Robinson,WR,DET,HOU,-188,49.00,-3.50,26.25,3100,0.34,0.1,0.0,0.0,0.2,0.2,0.1
Jeff Wilson,RB,MIA,LAR,100,50.00,1.00,24.50,4400,0.29,0.1,0.0,0.2,0.1,0.3,0.1
Ihmir Smith-Marsette,WR,NYG,CAR,-277,40.50,-6.50,23.50,3000,0.32,0.1,0.0,0.1,0.2,0.3,0.1
Jase McClellan,RB,ATL,NO,-196,46.50,-3.50,25.00,4000,0.32,0.1,0.0,0.2,0.1,0.3,0.1
Travis Homer,RB,CHI,NE,-285,39.00,-6.50,22.75,4000,0.44,0.1,0.0,0.4,0.2,0.6,0.2
Isaiah Davis,RB,NYJ,ARI,-118,46.50,-1.50,24.00,4000,0.48,0.1,0.0,0.3,0.2,0.5,0.1
Xavier Smith,WR,LAR,MIA,-118,50.00,-1.00,25.50,3000,0.26,0.1,0.0,0.0,0.2,0.2,0.1
Greg Dulcich,TE,DEN,KC,306,41.50,7.50,17.00,2500,0.31,0.1,0.0,0.0,0.2,0.2,0.1
Dee Eskridge,WR,MIA,LAR,100,50.00,1.00,24.50,3000,0.30,0.1,0.0,0.0,0.2,0.2,0.1
Julius Chestnut,RB,TEN,LAC,298,39.00,7.50,15.75,4300,0.22,0.1,0.0,0.3,0.1,0.4,0.1
Ronnie Rivers,RB,LAR,MIA,-118,50.00,-1.00,25.50,4000,0.19,0.1,0.0,0.1,0.1,0.2,0.1
JaMycal Hasty,RB,NE,CHI,232,39.00,6.50,16.25,4100,0.45,0.1,0.0,0.4,0.2,0.6,0.1
Eric Saubert,TE,SF,TB,-280,50.50,-6.00,28.25,2500,0.28,0.1,0.0,0.0,0.2,0.2,0.1
Deuce Vaughn,RB,DAL,PHI,285,43.00,7.00,18.00,4000,0.37,0.1,0.0,0.2,0.2,0.4,0.1
Patrick Taylor,RB,SF,TB,-280,50.50,-6.00,28.25,4400,0.35,0.1,0.0,0.2,0.2,0.4,0.1
Patrick Ricard,RB,BAL,CIN,-278,52.50,-6.00,29.25,4000,0.57,0.1,0.0,0.1,0.3,0.4,0.1
Ryan Flournoy,WR,DAL,PHI,285,43.00,7.00,18.00,3000,0.31,0.1,0.0,0.0,0.2,0.2,0.1
Hassan Haskins,RB,LAC,TEN,-377,39.00,-7.50,23.25,4000,0.46,0.1,0.0,0.6,0.2,0.8,0.2
Malik Washington,WR,MIA,LAR,100,50.00,1.00,24.50,3000,0.33,0.1,0.0,0.0,0.2,0.2,0.1
Tip Reiman,TE,ARI,NYJ,100,46.50,1.50,22.50,2500,0.33,0.1,0.0,0.0,0.2,0.2,0.1
Brevyn Spann-Ford,TE,DAL,PHI,285,43.00,7.00,18.00,2500,0.00,0.0,0.0,0.0,0.0,0.0,0.0
Skylar Thompson,QB,MIA,LAR,100,50.00,1.00,24.50,4200,0.00,0.0,0.0,0.0,0.0,0.0,0.0
Tanner Conner,TE,MIA,LAR,100,50.00,1.00,24.50,2500,0.00,0.0,0.0,0.0,0.0,0.0,0.0
Feleipe Franks,TE,CAR,NYG,221,40.50,6.50,17.00,2500,0.00,0.0,0.0,0.0,0.0,0.0,0.0
John Stephens,TE,DAL,PHI,285,43.00,7.00,18.00,2500,0.00,0.0,0.0,0.0,0.0,0.0,0.0
Jordan Matthews,TE,CAR,NYG,221,40.50,6.50,17.00,2500,0.00,0.0,0.0,0.0,0.0,0.0,0.0
River Cracraft,WR,MIA,LAR,100,50.00,1.00,24.50,3000,0.00,0.0,0.0,0.0,0.0,0.0,0.0
Braxton Berrios,WR,MIA,LAR,100,50.00,1.00,24.50,3000,0.00,0.0,0.0,0.0,0.0,0.0,0.0
Tanner McKee,QB,PHI,DAL,-363,43.00,-7.00,25.00,4000,0.00,0.0,0.0,0.0,0.0,0.0,0.0
Ian Wheeler,RB,CHI,NE,-285,39.00,-6.50,22.75,4000,0.00,0.0,0.0,0.0,0.0,0.0,0.0
Tahj Washington,WR,MIA,LAR,100,50.00,1.00,24.50,3000,0.00,0.0,0.0,0.0,0.0,0.0,0.0
Grant DuBose,WR,MIA,LAR,100,50.00,1.00,24.50,3000,0.00,0.0,0.0,0.0,0.0,0.0,0.0
Alec Ingold,RB,MIA,LAR,100,50.00,1.00,24.50,4000,0.00,0.0,0.0,0.0,0.0,0.0,0.0
Stephen Carlson,TE,CHI,NE,-285,39.00,-6.50,22.75,2500,0.00,0.0,0.0,0.0,0.0,0.0,0.0
Tyson Bagent,QB,CHI,NE,-285,39.00,-6.50,22.75,5000,0.00,0.0,0.0,0.0,0.0,0.0,0.0
Tyler Huntley,QB,MIA,LAR,100,50.00,1.00,24.50,4200,0.00,0.0,0.0,0.0,0.0,0.0,0.0
Kenny Pickett,QB,PHI,DAL,-363,43.00,-7.00,25.00,4800,0.00,0.0,0.0,0.0,0.0,0.0,0.0
Anthony Schwartz,WR,MIA,LAR,100,50.00,1.00,24.50,3000,0.00,0.0,0.0,0.0,0.0,0.0,0.0
Jacoby Brissett,QB,NE,CHI,232,39.00,6.50,16.25,4800,0.00,0.0,0.0,0.0,0.0,0.0,0.0
Nsimba Webster,WR,CHI,NE,-285,39.00,-6.50,22.75,3000,0.00,0.0,0.0,0.0,0.0,0.0,0.0
Britain Covey,WR,PHI,DAL,-363,43.00,-7.00,25.00,3000,0.00,0.0,0.0,0.0,0.0,0.0,0.0
Marcedes Lewis,TE,CHI,NE,-285,39.00,-6.50,22.75,2500,0.00,0.0,0.0,0.0,0.0,0.0,0.0
Chris Manhertz,TE,NYG,CAR,-277,40.50,-6.50,23.50,2500,0.00,0.0,0.0,0.0,0.0,0.0,0.0
Jimmy Garoppolo,QB,LAR,MIA,-118,50.00,-1.00,25.50,4600,0.00,0.0,0.0,0.0,0.0,0.0,0.0
Tommy DeVito,QB,NYG,CAR,-277,40.50,-6.50,23.50,4000,0.00,0.0,0.0,0.0,0.0,0.0,0.0
Josh Johnson,QB,BAL,CIN,-278,52.50,-6.00,29.25,5000,0.00,0.0,0.0,0.0,0.0,0.0,0.0
Jake Browning,QB,CIN,BAL,223,52.50,6.00,23.25,4500,0.00,0.0,0.0,0.0,0.0,0.0,0.0
Steven Sims,WR,HOU,DET,154,49.00,3.50,22.75,3000,0.00,0.0,0.0,0.0,0.2,0.2,0.1
Dalton Keene,TE,HOU,DET,154,49.00,3.50,22.75,2500,0.00,0.0,0.0,0.0,0.0,0.0,0.0
Nico Collins,WR,HOU,DET,154,49.00,3.50,22.75,7900,0.00,0.0,0.0,0.0,0.0,0.0,0.0
Brevin Jordan,TE,HOU,DET,154,49.00,3.50,22.75,2500,0.00,0.0,0.0,0.0,0.0,0.0,0.0
Stefon Diggs,WR,HOU,DET,154,49.00,3.50,22.75,3000,0.00,0.0,0.0,0.0,0.0,0.0,0.0
Deonte Harty,WR,BAL,CIN,-278,52.50,-6.00,29.25,3000,0.00,0.0,0.0,0.0,0.0,0.0,0.0
Devontez Walker,WR,BAL,CIN,-278,52.50,-6.00,29.25,3000,0.00,0.0,0.0,0.0,0.0,0.0,0.0
Teagan Quitoriano,TE,HOU,DET,154,49.00,3.50,22.75,2500,0.00,0.0,0.0,0.0,0.0,0.0,0.0
British Brooks,RB,HOU,DET,154,49.00,3.50,22.75,4000,0.00,0.0,0.0,0.0,0.0,0.0,0.0
Owen Wright,RB,BAL,CIN,-278,52.50,-6.00,29.25,4000,0.00,0.0,0.0,0.0,0.0,0.0,0.0
Rasheen Ali,RB,BAL,CIN,-278,52.50,-6.00,29.25,4000,0.00,0.0,0.0,0.0,0.0,0.0,0.0
Bryce Ford-Wheaton,WR,NYG,CAR,-277,40.50,-6.50,23.50,3000,0.00,0.0,0.0,0.0,0.0,0.0,0.0
Tee Higgins,WR,CIN,BAL,223,52.50,6.00,23.25,6400,0.00,0.0,0.0,0.0,0.0,0.0,0.0
Drew Lock,QB,NYG,CAR,-277,40.50,-6.50,23.50,4400,0.00,0.0,0.0,0.0,0.0,0.0,0.0
Erick All,TE,CIN,BAL,223,52.50,6.00,23.25,2800,0.00,0.0,0.0,0.0,0.0,0.0,0.0
Gunner Olszewski,WR,NYG,CAR,-277,40.50,-6.50,23.50,3000,0.00,0.0,0.0,0.0,0.0,0.0,0.0
Patrick Scales,TE,CHI,NE,-285,39.00,-6.50,22.75,2500,0.00,0.0,0.0,0.0,0.0,0.0,0.0
Isaiah Likely,TE,BAL,CIN,-278,52.50,-6.00,29.25,4000,0.00,0.0,0.0,0.0,0.0,0.0,0.0
Kendall Milton,RB,CIN,BAL,223,52.50,6.00,23.25,4000,0.00,0.0,0.0,0.0,0.0,0.0,0.0
Cody Schrader,RB,LAR,MIA,-118,50.00,-1.00,25.50,4000,0.17,0.0,0.0,0.1,0.1,0.2,0.1
Tanner McLachlan,TE,CIN,BAL,223,52.50,6.00,23.25,2500,0.00,0.0,0.0,0.0,0.0,0.0,0.0
Charlie Jones,WR,CIN,BAL,223,52.50,6.00,23.25,3000,0.00,0.0,0.0,0.0,0.0,0.0,0.0
Case Keenum,QB,HOU,DET,154,49.00,3.50,22.75,4000,0.00,0.0,0.0,0.0,0.0,0.0,0.0
Cal Adomitis,TE,CIN,BAL,223,52.50,6.00,23.25,2500,0.00,0.0,0.0,0.0,0.0,0.0,0.0
Chris Evans,RB,CIN,BAL,223,52.50,6.00,23.25,4000,0.00,0.0,0.0,0.0,0.0,0.0,0.0
Hendon Hooker,QB,DET,HOU,-188,49.00,-3.50,26.25,4000,0.00,0.0,0.0,0.0,0.0,0.0,0.0
Antoine Green,WR,DET,HOU,-188,49.00,-3.50,26.25,3000,0.00,0.0,0.0,0.0,0.0,0.0,0.0
Isaiah Williams,WR,DET,HOU,-188,49.00,-3.50,26.25,3000,0.00,0.0,0.0,0.0,0.0,0.0,0.0
Zack Moss,RB,CIN,BAL,223,52.50,6.00,23.25,5600,0.00,0.0,0.0,0.0,0.0,0.0,0.0
Stetson Bennett,QB,LAR,MIA,-118,50.00,-1.00,25.50,4000,0.00,0.0,0.0,0.0,0.0,0.0,0.0
Davis Mills,QB,HOU,DET,154,49.00,3.50,22.75,4800,0.00,0.0,0.0,0.0,0.0,0.0,0.0
Adam Thielen,WR,CAR,NYG,221,40.50,6.50,17.00,4700,0.00,0.0,0.0,0.0,0.0,0.0,0.0
Joe Milton,QB,NE,CHI,232,39.00,6.50,16.25,4000,0.00,0.0,0.0,0.0,0.0,0.0,0.0
Roman Wilson,WR,PIT,WAS,125,45.00,3.00,21.00,3000,0.00,0.0,0.0,0.0,0.0,0.0,0.0
Avery Williams,RB,ATL,NO,-196,46.50,-3.50,25.00,4000,0.00,0.0,0.0,0.0,0.0,0.0,0.0
Kyle Allen,QB,PIT,WAS,125,45.00,3.00,21.00,4000,0.00,0.0,0.0,0.0,0.0,0.0,0.0
Jonathan Ward,RB,PIT,WAS,125,45.00,3.00,21.00,4000,0.00,0.0,0.0,0.0,0.0,0.0,0.0
Justin Fields,QB,PIT,WAS,125,45.00,3.00,21.00,5900,0.00,0.0,0.0,0.0,0.0,0.0,0.0
Ben Skowronek,WR,PIT,WAS,125,45.00,3.00,21.00,3000,0.00,0.0,0.0,0.0,0.0,0.0,0.0
Ross Dwelley,TE,ATL,NO,-196,46.50,-3.50,25.00,2500,0.00,0.0,0.0,0.0,0.0,0.0,0.0
Jaaron Hayek,WR,KC,DEN,-400,41.50,-7.50,24.50,3000,0.00,0.0,0.0,0.0,0.0,0.0,0.0
Jared Wiley,TE,KC,DEN,-400,41.50,-7.50,24.50,2500,0.00,0.0,0.0,0.0,0.0,0.0,0.0
Rashee Rice,WR,KC,DEN,-400,41.50,-7.50,24.50,3000,0.00,0.0,0.0,0.0,0.0,0.0,0.0
Isiah Pacheco,RB,KC,DEN,-400,41.50,-7.50,24.50,6800,0.00,0.0,0.0,0.0,0.0,0.0,0.0
Robert Burns,RB,ATL,NO,-196,46.50,-3.50,25.00,4000,0.00,0.0,0.0,0.0,0.0,0.0,0.0
Peyton Hendershot,TE,KC,DEN,-400,41.50,-7.50,24.50,2500,0.00,0.0,0.0,0.0,0.0,0.0,0.0
Marcus Mariota,QB,WAS,PIT,-149,45.00,-3.00,24.00,4500,0.00,0.0,0.0,0.0,0.0,0.0,0.0
Tyler Ott,TE,WAS,PIT,-149,45.00,-3.00,24.00,2500,0.00,0.0,0.0,0.0,0.0,0.0,0.0
Jamison Crowder,WR,WAS,PIT,-149,45.00,-3.00,24.00,3000,0.00,0.0,0.0,0.0,0.0,0.0,0.0
Jeff Driskel,QB,WAS,PIT,-149,45.00,-3.00,24.00,4000,0.00,0.0,0.0,0.0,0.0,0.0,0.0
Skyy Moore,WR,KC,DEN,-400,41.50,-7.50,24.50,3000,0.00,0.0,0.0,0.0,0.0,0.0,0.0
Jody Fortson,TE,KC,DEN,-400,41.50,-7.50,24.50,2500,0.00,0.0,0.0,0.0,0.0,0.0,0.0
Hollywood Brown,WR,KC,DEN,-400,41.50,-7.50,24.50,3000,0.00,0.0,0.0,0.0,0.0,0.0,0.0
Carson Wentz,QB,KC,DEN,-400,41.50,-7.50,24.50,4600,0.00,0.0,0.0,0.0,0.0,0.0,0.0
James Winchester,TE,KC,DEN,-400,41.50,-7.50,24.50,2500,0.00,0.0,0.0,0.0,0.0,0.0,0.0
Rondale Moore,WR,ATL,NO,-196,46.50,-3.50,25.00,3000,0.00,0.0,0.0,0.0,0.0,0.0,0.0
Kameron Johnson,WR,TB,SF,223,50.50,6.00,22.25,3000,0.00,0.0,0.0,0.0,0.0,0.0,0.0
Colson Yankoff,TE,WAS,PIT,-149,45.00,-3.00,24.00,2500,0.00,0.0,0.0,0.0,0.0,0.0,0.0
Kendre Miller,RB,NO,ATL,162,46.50,3.50,21.50,4000,0.00,0.0,0.0,0.0,0.0,0.0,0.0
Joshua Dobbs,QB,SF,TB,-280,50.50,-6.00,28.25,4000,0.00,0.0,0.0,0.0,0.0,0.0,0.0
Jermaine Jackson,WR,NO,ATL,162,46.50,3.50,21.50,3100,0.00,0.0,0.0,0.0,0.0,0.0,0.0
Bub Means,WR,NO,ATL,162,46.50,3.50,21.50,3000,0.00,0.0,0.0,0.0,0.0,0.0,0.0
Brandon Aiyuk,WR,SF,TB,-280,50.50,-6.00,28.25,3000,0.00,0.0,0.0,0.0,0.0,0.0,0.0
Elijah Mitchell,RB,SF,TB,-280,50.50,-6.00,28.25,4000,0.00,0.0,0.0,0.0,0.0,0.0,0.0
Spencer Rattler,QB,NO,ATL,162,46.50,3.50,21.50,4300,0.00,0.0,0.0,0.0,0.0,0.0,0.0
Jake Tonges,TE,SF,TB,-280,50.50,-6.00,28.25,2500,0.00,0.0,0.0,0.0,0.0,0.0,0.0
Jordan Mims,RB,NO,ATL,162,46.50,3.50,21.50,4000,0.00,0.0,0.0,0.0,0.0,0.0,0.0
Brayden Willis,TE,SF,TB,-280,50.50,-6.00,28.25,2500,0.00,0.0,0.0,0.0,0.0,0.0,0.0
Jake Haener,QB,NO,ATL,162,46.50,3.50,21.50,4300,0.00,0.0,0.0,0.0,0.0,0.0,0.0
Mike Evans,WR,TB,SF,223,50.50,6.00,22.25,7100,0.00,0.0,0.0,0.0,0.0,0.0,0.0
Michael Penix,QB,ATL,NO,-196,46.50,-3.50,25.00,4700,0.00,0.0,0.0,0.0,0.0,0.0,0.0
Rashid Shaheed,WR,NO,ATL,162,46.50,3.50,21.50,3000,0.00,0.0,0.0,0.0,0.0,0.0,0.0
Chris Godwin,WR,TB,SF,223,50.50,6.00,22.25,3000,0.00,0.0,0.0,0.0,0.0,0.0,0.0
Chris Olave,WR,NO,ATL,162,46.50,3.50,21.50,6100,0.00,0.0,0.0,0.0,0.0,0.0,0.0
Chase Edmonds,RB,TB,SF,223,50.50,6.00,22.25,4000,0.00,0.0,0.0,0.0,0.0,0.0,0.0
Kyle Trask,QB,TB,SF,223,50.50,6.00,22.25,4400,0.00,0.0,0.0,0.0,0.0,0.0,0.0
Adam Prentice,RB,NO,ATL,162,46.50,3.50,21.50,4000,0.00,0.0,0.0,0.0,0.0,0.0,0.0
Ko Kieft,TE,TB,SF,223,50.50,6.00,22.25,2500,0.00,0.0,0.0,0.0,0.0,0.0,0.0
Zach Wood,TE,NO,ATL,162,46.50,3.50,21.50,2500,0.00,0.0,0.0,0.0,0.0,0.0,0.0
Ryan Miller,WR,TB,SF,223,50.50,6.00,22.25,3500,0.00,0.0,0.0,0.0,0.0,0.0,0.0
Evan Deckers,TE,TB,SF,223,50.50,6.00,22.25,2500,0.00,0.0,0.0,0.0,0.0,0.0,0.0
Nate Adkins,TE,DEN,KC,306,41.50,7.50,17.00,2500,0.00,0.0,0.0,0.0,0.0,0.0,0.0
Tyler Badie,RB,DEN,KC,306,41.50,7.50,17.00,4000,0.00,0.0,0.0,0.0,0.0,0.0,0.0
Trey Lance,QB,DAL,PHI,285,43.00,7.00,18.00,4000,0.00,0.0,0.0,0.0,0.0,0.0,0.0
Sam Ehlinger,QB,IND,BUF,168,47.50,4.00,21.75,4000,0.00,0.0,0.0,0.0,0.0,0.0,0.0
Easton Stick,QB,LAC,TEN,-377,39.00,-7.50,23.25,4000,0.00,0.0,0.0,0.0,0.0,0.0,0.0
Christian Kirk,WR,JAX,MIN,260,44.00,7.00,18.50,3000,0.00,0.0,0.0,0.0,0.0,0.0,0.0
C.J. Beathard,QB,JAX,MIN,260,44.00,7.00,18.50,4000,0.00,0.0,0.0,0.0,0.0,0.0,0.0
Simi Fehoko,WR,LAC,TEN,-377,39.00,-7.50,23.25,3100,0.00,0.0,0.0,0.0,0.0,0.0,0.0
Brenden Rice,WR,LAC,TEN,-377,39.00,-7.50,23.25,3000,0.00,0.0,0.0,0.0,0.0,0.0,0.0
Anthony Richardson,QB,IND,BUF,168,47.50,4.00,21.75,5500,0.00,0.0,0.0,0.0,0.0,0.0,0.0
Brandon Allen,QB,SF,TB,-280,50.50,-6.00,28.25,4000,0.00,0.0,0.0,0.0,0.0,0.0,0.0
Jelani Woods,TE,IND,BUF,168,47.50,4.00,21.75,2500,0.00,0.0,0.0,0.0,0.0,0.0,0.0
Mason Rudolph,QB,TEN,LAC,298,39.00,7.50,15.75,4900,0.00,0.0,0.0,0.0,0.0,0.0,0.0
Joshua Kelley,RB,TEN,LAC,298,39.00,7.50,15.75,4000,0.00,0.0,0.0,0.0,0.0,0.0,0.0
Treylon Burks,WR,TEN,LAC,298,39.00,7.50,15.75,3000,0.00,0.0,0.0,0.0,0.0,0.0,0.0
Devin Duvernay,WR,JAX,MIN,260,44.00,7.00,18.50,3200,0.00,0.0,0.0,0.0,0.0,0.0,0.0
Juwann Winfree,WR,IND,BUF,168,47.50,4.00,21.75,3000,0.00,0.0,0.0,0.0,0.0,0.0,0.0
Shane Buechele,QB,BUF,IND,-205,47.50,-4.00,25.75,4000,0.00,0.0,0.0,0.0,0.0,0.0,0.0
Colton Dowell,WR,TEN,LAC,298,39.00,7.50,15.75,3000,0.00,0.0,0.0,0.0,0.0,0.0,0.0
David Martin-Robinson,TE,TEN,LAC,298,39.00,7.50,15.75,2500,0.00,0.0,0.0,0.0,0.0,0.0,0.0
Bryce Oliver,WR,TEN,LAC,298,39.00,7.50,15.75,3000,0.00,0.0,0.0,0.0,0.0,0.0,0.0
Reggie Gilliam,RB,BUF,IND,-205,47.50,-4.00,25.75,4000,0.00,0.0,0.0,0.0,0.0,0.0,0.0
Brandin Cooks,WR,DAL,PHI,285,43.00,7.00,18.00,5000,0.00,0.0,0.0,0.0,0.0,0.0,0.0
Dak Prescott,QB,DAL,PHI,285,43.00,7.00,18.00,6100,0.00,0.0,0.0,0.0,0.0,0.0,0.0
Mitchell Trubisky,QB,BUF,IND,-205,47.50,-4.00,25.75,4700,0.00,0.0,0.0,0.0,0.0,0.0,0.0
JaQuae Jackson,WR,NE,CHI,232,39.00,6.50,16.25,3000,0.00,0.0,0.0,0.0,0.0,0.0,0.0
Gus Edwards,RB,LAC,TEN,-377,39.00,-7.50,23.25,4000,0.00,0.0,0.0,0.0,0.0,0.0,0.0
Trevor Lawrence,QB,JAX,MIN,260,44.00,7.00,18.50,5400,0.00,0.0,0.0,0.0,0.0,0.0,0.0
Mitchell Fraboni,TE,DEN,KC,306,41.50,7.50,17.00,2500,0.00,0.0,0.0,0.0,0.0,0.0,0.0
Allen Lazard,WR,NYJ,ARI,-118,46.50,-1.50,24.00,4800,0.00,0.0,0.0,0.0,0.0,0.0,0.0
Zach Wilson,QB,DEN,KC,306,41.50,7.50,17.00,4000,0.00,0.0,0.0,0.0,0.0,0.0,0.0
Jarrett Stidham,QB,DEN,KC,306,41.50,7.50,17.00,4000,0.00,0.0,0.0,0.0,0.0,0.0,0.0
Travis Vokolek,TE,ARI,NYJ,100,46.50,1.50,22.50,2500,0.00,0.0,0.0,0.0,0.0,0.0,0.0
Clayton Tune,QB,ARI,NYJ,100,46.50,1.50,22.50,4300,0.00,0.0,0.0,0.0,0.0,0.0,0.0
Josh Reynolds,WR,DEN,KC,306,41.50,7.50,17.00,3000,0.00,0.0,0.0,0.0,0.0,0.0,0.0
J.J. McCarthy,QB,MIN,JAX,-335,44.00,-7.00,25.50,4000,0.00,0.0,0.0,0.0,0.0,0.0,0.0
Nick Muse,TE,MIN,JAX,-335,44.00,-7.00,25.50,2500,0.00,0.0,0.0,0.0,0.0,0.0,0.0
Xavier Weaver,WR,ARI,NYJ,100,46.50,1.50,22.50,3000,0.00,0.0,0.0,0.0,0.0,0.0,0.0
Brett Rypien,QB,MIN,JAX,-335,44.00,-7.00,25.50,4000,0.00,0.0,0.0,0.0,0.0,0.0,0.0
Tyrod Taylor,QB,NYJ,ARI,-118,46.50,-1.50,24.00,4700,0.00,0.0,0.0,0.0,0.0,0.0,0.0
Malik Taylor,WR,NYJ,ARI,-118,46.50,-1.50,24.00,3000,0.00,0.0,0.0,0.0,0.0,0.0,0.0
Taylor Heinicke,QB,LAC,TEN,-377,39.00,-7.50,23.25,4200,0.00,0.0,0.0,0.0,0.0,0.0,0.0
Kenny Yeboah,TE,NYJ,ARI,-118,46.50,-1.50,24.00,2500,0.00,0.0,0.0,0.0,0.0,0.0,0.0
Nick Mullens,QB,MIN,JAX,-335,44.00,-7.00,25.50,4000,0.00,0.0,0.0,0.0,0.0,0.0,0.0
C.J. Ham,RB,MIN,JAX,-335,44.00,-7.00,25.50,4000,0.00,0.0,0.0,0.0,0.0,0.0,0.0
Andrew DePaola,TE,MIN,JAX,-335,44.00,-7.00,25.50,2500,0.00,0.0,0.0,0.0,0.0,0.0,0.0
Irvin Charles,WR,NYJ,ARI,-118,46.50,-1.50,24.00,3000,0.00,0.0,0.0,0.0,0.0,0.0,0.0
Israel Abanikanda,RB,NYJ,ARI,-118,46.50,-1.50,24.00,4000,0.16,0.0,0.0,0.1,0.1,0.2,0.1
Patrick Murtagh,TE,JAX,MIN,260,44.00,7.00,18.50,2500,0.00,0.0,0.0,0.0,0.0,0.0,0.0
David White,WR,JAX,MIN,260,44.00,7.00,18.50,3000,0.00,0.0,0.0,0.0,0.0,0.0,0.0
Jordan Travis,QB,NYJ,ARI,-118,46.50,-1.50,24.00,4000,0.00,0.0,0.0,0.0,0.0,0.0,0.0
Keilan Robinson,RB,JAX,MIN,260,44.00,7.00,18.50,4000,0.00,0.0,0.0,0.0,0.0,0.0,0.0
Andy Dalton,QB,CAR,NYG,221,40.50,6.50,17.00,4800,0.00,0.0,0.0,0.0,0.0,0.0,0.0