Player,Team,Pos,Injury,Status
Oday Aboushi,LAC,OG,Knee - ACL,IR
Johnathan Abram,LV,S,Illness,Questionable
DeMarkus Acy,PIT,CB,Knee - ACL,IR
Jamal Adams,SEA,S,Shoulder - Labrum,IR
Jamal Agnew,JAX,WR,Hip,IR
Salvon Ahmed,MIA,RB,Illness,Reserve-Covid-19
Cam Akers,LAR,RB,Achilles,NFI-R
Azeez Al-Shaair,SF,LB,Elbow,Questionable
Otaro Alaka,BAL,LB,Undisclosed,IR
Jaire Alexander,GB,CB,Shoulder - AC Joint,IR-R
Josh Allen,BUF,QB,Toe,Questionable
Brian Allen,LAR,C,Knee - MCL,Questionable
Kyle Allen,WAS,QB,Illness,Reserve-Covid-19
Jonathan Allen,WAS,DT,Illness,Reserve-Covid-19
Beau Allen,FA,DT,Leg,Questionable
Kiko Alonso,FA,LB,Knee - ACL,Questionable
Tyson Alualu,PIT,DT,Ankle,IR
Danny Amendola,HOU,WR,Knee - Meniscus,IR
Henry Anderson,NE,DE,Pectoral,IR
Calvin Anderson,DEN,OT,Knee,IR
Jack Anderson,PHI,C,Hamstring,IR
David Andrews,NE,C,Shoulder,Questionable
Ezekiel Ansah,FA,DE,Biceps,Questionable
Alex Anzalone,DET,LB,Ankle,Questionable
Eli Apple,CIN,CB,Ankle,Questionable
Cornell Armstrong,FA,CB,Undisclosed,Out
Damon Arnette,FA,CB,Groin,Questionable
Dan Arnold,JAX,TE,Knee - MCL,IR
Jaytlin Askew,FA,CB,Quadriceps,Questionable
Jeremiah Attaochu,CHI,LB,Pectoral,IR
Tutu Atwell,LAR,WR,Shoulder,IR
Chidobe Awuzie,CIN,CB,Foot,Questionable
Jeff Badet,FA,WR,Undisclosed,Questionable
Markus Bailey,CIN,LB,Neck,Questionable
David Bakhtiari,GB,OT,Knee - ACL,Questionable
Josh Ball,DAL,OT,Ankle,IR
Corey Ballentine,FA,CB,Illness,Out
Christian Barmore,NE,DT,Knee,Questionable
Daren Bates,ATL,LB,Groin,IR
Cameron Batson,TEN,WR,Knee - ACL,IR
Evan Baylis,FA,TE,Ankle,Questionable
Ryan Becker,FA,TE,Undisclosed,Questionable
Tavante Beckett,FA,LB,Undisclosed,Out
Odell Beckham,LAR,WR,Illness,Reserve-Covid-19
Mekhi Becton,NYJ,OT,Knee - MCL,IR
Chad Beebe,MIN,WR,Foot,IR
Quinton Bell,FA,LB,Undisclosed,Out
LeVante Bellamy,FA,RB,Ankle,Questionable
B.J. Bello,TEN,LB,Ankle,IR
Ja'Whaun Bentley,NE,LB,Ribs,Questionable
Giovani Bernard,TB,RB,Hip,IR
Joel Bitonio,CLE,OG,Back,Questionable
Julian Blackmon,IND,S,Achilles,IR
Marquise Blair,SEA,S,Kneecap,IR
Ronald Blair,FA,DE,Illness,Questionable
Rodrigo Blankenship,IND,K,Hip,IR
C.J. Board,NYG,WR,Arm,IR
Brandon Bolden,NE,RB,Knee,Questionable
Mike Boone,DEN,RB,Illness,Reserve-Covid-19
Jon Bostic,WAS,LB,Pectoral,IR
A.J. Bouye,CAR,CB,Foot,Questionable
Lynn Bowden,MIA,WR,Hamstring,IR
Nick Bowers,LV,TE,Neck,IR-R
Rakeem Boyd,FA,RB,Undisclosed,Questionable
Miles Boykin,BAL,WR,Finger,Questionable
Nick Boyle,BAL,TE,Knee,Questionable
William Bradley-King,FA,DE,Illness,Out
Jacob Breeland,FA,TE,Knee - ACL,Questionable
Terrence Brooks,HOU,S,Hamstring,Questionable
Brandon Brooks,PHI,OG,Pectoral,IR
Ahmad Brooks,FA,LB,Suspension,Reserve-Sus
Antonio Brown,TB,WR,Ankle,Reserve-Sus
Malcolm Brown,MIA,RB,Quadriceps,IR
Trent Brown,NE,OT,Calf,Questionable
Evan Brown,DET,C,Illness,Reserve-Covid-19
Noah Brown,DAL,WR,Groin,IR
A.J. Brown,TEN,WR,Chest,IR
Tre Brown,SEA,CB,Knee,IR
Mike Brown,FA,OG,Undisclosed,Questionable
TJ Brunson,NYG,LB,Knee - ACL,IR
Harrison Bryant,CLE,TE,Ankle,Questionable
Hunter Bryant,DET,TE,Undisclosed,NFI-R
Martavis Bryant,FA,WR,Suspension,Reserve-Sus
Isaiah Buggs,PIT,DT,Ankle,Questionable
Bryan Bulaga,LAC,OT,Back,IR
Terrell Burgess,LAR,S,Illness,Reserve-Covid-19
Rex Burkhead,HOU,RB,Hip,Out
Artie Burns,CHI,CB,Undisclosed,Reserve-Covid-19
Ben Burr-Kirven,SEA,LB,Knee - ACL,IR
Joe Burrow,CIN,QB,Finger,Questionable
Rico Bussey,FA,WR,Undisclosed,Out
Malcolm Butler,FA,CB,Undisclosed,Reserve-Ret
Yodny Cajuste,NE,OT,Illness,Questionable
Raymond Calais,LAR,RB,Foot,IR
Antonio Callaway,FA,WR,Knee,Questionable
Elijah Campbell,MIA,CB,Toe,IR
Parris Campbell,IND,WR,Foot,IR
Ibraheim Campbell,FA,S,Ankle,Out
Calais Campbell,BAL,DE,Thigh,Questionable
Kameron Canaday,FA,C,Illness,Questionable
Maurice Canady,DAL,CB,Concussion,IR
A.J. Cann,JAX,OG,Knee,IR
Marcus Cannon,HOU,OT,Back,IR
Trenton Cannon,SF,RB,Concussion,IR
Dylan Cantrell,WAS,TE,Undisclosed,IR
Stephen Carlson,CLE,TE,Knee,Reserve-Covid-19
Patrick Carr,FA,RB,Undisclosed,Questionable
Derek Carrier,LV,TE,Pectoral,IR
Chris Carson,SEA,RB,Neck,IR
Jamal Carter,FA,S,Undisclosed,Out
Michael Carter,NYJ,CB,Concussion,Questionable
Michael Carter,NYJ,RB,Ankle,IR-R
Tory Carter,TEN,FB,Ankle,Questionable
Blake Cashman,NYJ,LB,Illness,Reserve-Covid-19
Quintez Cephus,DET,WR,Collarbone,IR
DJ Chark,JAX,WR,Ankle,IR
Dan Chisena,MIN,WR,Undisclosed,Reserve-Covid-19
DeMarcus Christmas,FA,DT,Undisclosed,Questionable
Jack Cichy,FA,LB,Arm,Questionable
Darius Clark,FA,RB,Knee,Questionable
Cameron Clark,NYJ,OT,Neck,IR
Jadeveon Clowney,CLE,DE,Knee,Questionable
Randall Cobb,GB,WR,Groin,IR
Tarik Cohen,CHI,RB,Knee - ACL,PUP-R
Shon Coleman,FA,OT,Triceps,Questionable
Tevin Coleman,NYJ,RB,Concussion,Questionable
Larnel Coleman,MIA,OT,Knee,IR
Trevon Coley,TEN,DT,Foot,IR
Trystan Colon,BAL,C,Illness,Reserve-Covid-19
Jack Conklin,CLE,OT,Kneecap,IR
Gareon Conley,FA,CB,Ankle,Questionable
Ryan Connelly,MIN,LB,Knee,IR
James Conner,ARI,RB,Ankle,Questionable
Cody Conway,DEN,OT,Knee - ACL,IR
Jared Cook,LAC,TE,Quadriceps,Questionable
Jashon Cornell,DET,DT,Illness,NFI-R
Samuel Cosmi,WAS,OT,Hip,IR
Carter Coughlin,NYG,LB,Ankle,IR
Byron Cowart,NE,DT,Undisclosed,PUP-R
Bryan Cox,BUF,DE,Achilles,IR
Jabril Cox,DAL,LB,Knee - ACL,IR
Jack Crawford,ARI,DE,Undisclosed,IR
Aaron Crawford,BAL,DT,Undisclosed,IR
Xavier Crawford,CHI,CB,Concussion,Questionable
Jason Croom,PHI,TE,Knee,IR
Maxx Crosby,LV,DE,Calf,Questionable
Tyrell Crosby,DET,OT,Back,IR
Isaiah Crowell,FA,RB,Achilles,Questionable
Vinny Curry,NYJ,DE,Illness,NFI-R
Dominique Dafney,GB,TE,Ankle,Questionable
Andy Dalton,CHI,QB,Hand,Questionable
Jalen Dalton,NO,DT,Triceps,IR
Sam Darnold,CAR,QB,Shoulder,IR-R
Christian Darrisaw,MIN,OT,Ankle,Questionable
Quartney Davis,IND,WR,Shoulder,IR
Davion Davis,HOU,WR,Lower Leg,Out
Tae Davis,HOU,LB,Undisclosed,IR
Connor Davis,FA,TE,Shoulder,Questionable
Corey Davis,NYJ,WR,Groin,IR
Akeem Davis-Gaither,CIN,LB,Foot,IR
Noah Dawkins,FA,LB,Undisclosed,Out
Duke Dawson,FA,CB,Undisclosed,Out
Jamel Dean,TB,CB,Illness,Questionable
Donte Deayon,LAR,CB,Illness,Reserve-Covid-19
Jamil Demby,LAR,OG,Undisclosed,IR
Derrick Dillon,FA,WR,Undisclosed,Questionable
J.K. Dobbins,BAL,RB,Knee - ACL,IR
Joshua Dobbs,PIT,QB,Toe,IR
Tyrel Dodson,BUF,LB,Undisclosed,Reserve-Covid-19
Khalil Dorsey,BAL,CB,Undisclosed,IR
Kevin Dotson,PIT,OG,Ankle,IR
Rico Dowdle,DAL,RB,Hip,IR
Kenyan Drake,LV,RB,Ankle,IR
Jack Driscoll,PHI,OG,Ankle,IR
DeVontres Dukes,FA,WR,Undisclosed,Questionable
Bud Dupree,TEN,LB,Abdomen,IR-R
Kony Ealy,FA,DE,Suspension,Out
Nate Ebner,NYG,S,Ankle,IR
Eric Ebron,PIT,TE,Knee,IR
Chase Edmonds,ARI,RB,Ankle,IR-R
Chuma Edoga,NYJ,OT,Knee,IR-R
Mike Edwards,TB,S,Suspension,Reserve-Sus
Mario Edwards,CHI,DE,Undisclosed,Reserve-Covid-19
Gus Edwards,BAL,RB,Knee - ACL,IR
Milo Eifler,WAS,LB,Illness,Reserve-Covid-19
Duke Ejiofor,FA,LB,Knee - ACL,Questionable
Austin Ekeler,LAC,RB,Ankle,Questionable
Ben Ellefson,MIN,TE,Knee,IR
Emmanuel Ellerbee,ATL,LB,Knee,Reserve-Covid-19
DeShon Elliott,BAL,S,Pectoral,IR
Kaden Elliss,NO,LB,Hamstring,Questionable
Quincy Enunwa,FA,WR,Neck,Questionable
Donnie Ernsberger,FA,TE,Undisclosed,Questionable
Tyler Ervin,FA,RB,Foot,Questionable
Travis Etienne,JAX,RB,Foot,IR
Chris Evans,CIN,RB,Ankle,Questionable
Darrynton Evans,TEN,RB,Knee,IR
Jordan Evans,CIN,LB,Knee,IR
Justin Evans,FA,S,Foot,Questionable
Kyler Fackrell,LAC,LB,Knee,IR
Caleb Farley,TEN,CB,Knee - ACL,IR
Parker Ferguson,NYJ,OT,Undisclosed,IR
Sam Ficken,TEN,K,Groin,IR
Justin Fields,CHI,QB,Hand,Questionable
Chris Finke,FA,WR,Undisclosed,Questionable
B.J. Finney,PIT,OG,Back,IR
Kylie Fitts,ARI,LB,Concussion,IR
Ryan Fitzpatrick,WAS,QB,Hip,IR
Dez Fitzpatrick,TEN,WR,Undisclosed,Reserve-Covid-19
Thomas Fletcher,CAR,C,Hip,IR
Trey Flowers,DET,LB,Knee,IR
Nick Folk,NE,K,Knee,Questionable
Drew Forbes,CLE,OG,Illness,Reserve-Covid-19
Dee Ford,SF,DE,Back,IR-R
Darrick Forrest,WAS,S,Illness,Reserve-Covid-19
L.J. Fort,BAL,LB,Knee - ACL,IR
Jody Fortson,KC,TE,Undisclosed,Reserve-Covid-19
Leonard Fournette,TB,RB,Ankle,Questionable
Dante Fowler,ATL,LB,Calf,Questionable
John Franklin,FA,WR,Suspension,Reserve-Sus
Zaire Franklin,IND,LB,Illness,Reserve-Covid-19
Kendall Fuller,WAS,CB,Illness,Reserve-Covid-19
Will Fuller,MIA,WR,Finger,IR
Kyle Fuller,SEA,C,Calf,Questionable
Jordan Fuller,LAR,S,Illness,Reserve-Covid-19
Troy Fumagalli,NE,TE,Undisclosed,IR
Devin Funchess,FA,WR,Undisclosed,Questionable
Jake Funk,LAR,RB,Hamstring,IR
Jamell Garcia-Williams,FA,DE,Undisclosed,Questionable
Ben Garland,FA,C,Calf,Questionable
Myles Gaskin,MIA,RB,Illness,Reserve-Covid-19
Nick Gates,NYG,C,Lower Leg,IR
Mark Gilbert,DET,CB,Undisclosed,Reserve-Covid-19
Jamie Gillan,CLE,P,Undisclosed,Reserve-Covid-19
Tyree Gillespie,LV,S,Hamstring,IR-R
Alohi Gilman,LAC,S,Quadriceps,Questionable
Graham Glasgow,DEN,OG,Ankle,IR
Dan Godsil,CIN,C,Undisclosed,Reserve-Ret
Terry Godwin,JAX,WR,Undisclosed,IR
Eddie Goldman,CHI,DT,Undisclosed,Reserve-Covid-19
Matt Gono,ATL,OG,Undisclosed,PUP-R
Denzelle Good,LV,OG,Knee - ACL,IR
Marquise Goodwin,CHI,WR,Foot,Questionable
Josh Gordon,KC,WR,Illness,Reserve-Covid-19
Melvin Gordon,DEN,RB,Thumb,Questionable
Brandon Graham,PHI,DE,Achilles,IR
Jaeden Graham,ATL,TE,Knee,IR
Richie Grant,ATL,S,Ankle,Questionable
Virgil Green,FA,TE,Ankle,Questionable
Raven Greene,FA,S,Undisclosed,Questionable
Ethan Greenidge,NO,OT,Arm,IR
Dre Greenlaw,SF,LB,Groin,Questionable
Everson Griffen,MIN,DE,Personal,NFI-R
Trevon Grimes,FA,WR,Undisclosed,Questionable
Ryan Groy,FA,OG,Triceps,Questionable
Kamu Grugier-Hill,HOU,LB,Illness,Reserve-Covid-19
Joe Haden,PIT,CB,Foot,Questionable
Terez Hall,NE,LB,Undisclosed,PUP-R
Emanuel Hall,FA,WR,Achilles,Questionable
Daeshon Hall,FA,DE,Undisclosed,Questionable
Tyler Hall,FA,CB,Illness,Out
DaeSean Hamilton,DEN,WR,Knee - ACL,NFI-R
Shaun Dion Hamilton,DET,LB,Undisclosed,IR
KJ Hamler,DEN,WR,Knee - ACL,IR
Saquan Hampton,FA,S,Achilles,Questionable
Da'Shawn Hand,FA,DE,Groin,Out
Tre Harbison,CLE,RB,Concussion,IR
Justin Hardee,NYJ,CB,Illness,Reserve-Covid-19
Chase Harrell,FA,TE,Suspension,Reserve-Sus
Damien Harris,NE,RB,Hamstring,Questionable
Jacob Harris,LAR,TE,Knee - ACL + MCL,IR
Trent Harris,NYG,LB,Ankle,IR
Erik Harris,ATL,S,Pectoral,Out
Dwayne Harris,FA,WR,Triceps,Questionable
Shelby Harris,DEN,DE,Knee,Questionable
Deonte Harris,NO,WR,Suspension,Reserve-Sus
Jonotthan Harrison,FA,C,Achilles,Out
Ronnie Harrison,CLE,S,Ankle,Questionable
Montre Hartage,FA,S,Undisclosed,Questionable
J.C. Hassenauer,PIT,OG,Pectoral,IR-R
Rob Havenstein,LAR,OT,Undisclosed,Reserve-Covid-19
Daelin Hayes,BAL,LB,Ankle,IR
Joel Heath,DET,DE,Knee - ACL,IR
Taylor Heinicke,WAS,QB,Knee,Questionable
Temarrick Hemingway,FA,TE,Illness,Out
Darrell Henderson,LAR,RB,Illness,Reserve-Covid-19
Trey Hendrickson,CIN,DE,Back,Questionable
Derrick Henry,TEN,RB,Foot,IR
Chandon Herring,FA,OG,Undisclosed,Questionable
Malik Herring,KC,DE,Knee - ACL,NFI-R
Gavin Heslop,SEA,S,Lower Leg,IR
Akiem Hicks,CHI,DT,Ankle,Questionable
Alex Highsmith,PIT,LB,Quadriceps,Questionable
Justice Hill,BAL,RB,Achilles,IR
Kylin Hill,GB,RB,Knee - ACL,IR
Troy Hill,CLE,CB,Knee,Reserve-Covid-19
Justin Hilliard,NYG,LB,Ankle,IR
Kyle Hinton,FA,OG,Illness,Out
T.J. Hockenson,DET,TE,Hand,Questionable
Isaiah Hodgins,FA,WR,Knee,Questionable
Jevon Holland,MIA,S,Illness,Reserve-Covid-19
Justin Hollins,LAR,LB,Undisclosed,Reserve-Covid-19
Ka'dar Hollman,FA,CB,Undisclosed,Out
Darnay Holmes,NYG,CB,Ribs,IR
Travis Homer,SEA,RB,Calf,Questionable
Austin Hooper,CLE,TE,Illness,Reserve-Covid-19
DeAndre Hopkins,ARI,WR,Leg,Questionable
Brycen Hopkins,LAR,TE,Illness,Reserve-Covid-19
Jaycee Horn,CAR,CB,Foot,IR
Deandre Houston-Carson,CHI,S,Arm,Out
Travin Howard,LAR,LB,Hamstring,IR
Jordan Howard,PHI,RB,Knee,Questionable
Buddy Howell,LAR,RB,Thigh,IR
Chris Hubbard,CLE,OT,Triceps,IR
Wyatt Hubert,CIN,DE,Pectoral,NFI-R
Khaleke Hudson,WAS,LB,Undisclosed,Reserve-Covid-19
Tommy Hudson,TEN,TE,Ankle,IR
Bryce Huff,NYJ,DE,Back,IR-R
JuJu Hughes,LAR,S,Illness,Reserve-Covid-19
Lil'Jordan Humphrey,NO,WR,Hamstring,Questionable
Marlon Humphrey,BAL,CB,Pectoral,IR
Kareem Hunt,CLE,RB,Ankle,Doubtful
Danielle Hunter,MIN,DE,Undisclosed,Reserve-Covid-19
Jason Huntley,FA,RB,Undisclosed,Out
Jalen Hurd,FA,WR,Knee,Out
Allen Hurns,MIA,WR,Wrist,IR
Maurice Hurst,SF,DT,Calf,Questionable
Jalen Hurts,PHI,QB,Ankle,Questionable
Sadarius Hutcherson,TB,OG,Knee - MCL,IR
Mitch Hyatt,DAL,OT,Knee,IR
Carlos Hyde,JAX,RB,Concussion,Questionable
Germain Ifedi,CHI,OT,Knee,IR
George Iloka,FA,S,Knee - ACL,Questionable
Richie Incognito,LV,OG,Calf,IR
Alec Ingold,LV,FB,Knee - ACL,IR
Mark Ingram,NO,RB,Illness,Reserve-Covid-19
Matthew Ioannidis,WAS,DT,Illness,Reserve-Covid-19
Isaiah Irving,FA,LB,Back,Questionable
Thomas Ives,FA,WR,Undisclosed,Questionable
Lamar Jackson,BAL,QB,Ankle,Questionable
Donte Jackson,CAR,CB,Groin,IR
Adoree' Jackson,NYG,CB,Quadriceps,Questionable
Branden Jackson,FA,DE,Spine,Questionable
Malik Jackson,CLE,DT,Knee,Questionable
Alaric Jackson,LAR,OT,Illness,Reserve-Covid-19
Chris Jackson,TEN,CB,Foot,IR
Trishton Jackson,FA,WR,Undisclosed,Out
Jerry Jacobs,DET,CB,Knee - ACL,IR
Leon Jacobs,FA,LB,Knee - ACL,Questionable
Richie James,SF,WR,Knee,IR
Derwin James,LAC,S,Hamstring,Questionable
Ja'Wuan James,BAL,OT,Achilles,NFI-R
Blake Jarwin,DAL,TE,Hip,IR
Jalen Jelks,WAS,DE,Undisclosed,IR
Elgton Jenkins,GB,OG,Knee - ACL,IR
Jordan Jenkins,HOU,DE,Knee - PCL,IR-R
Janoris Jenkins,TEN,CB,Ankle,Questionable
Anfernee Jennings,NE,LB,Undisclosed,IR
Josey Jewell,DEN,LB,Pectoral,IR
Rysen John,NYG,TE,Ankle,IR
Patrick Johnson,PHI,LB,Back,Questionable
Alexander Johnson,DEN,LB,Pectoral,IR
Marcus Johnson,TEN,WR,Hamstring,IR
Dontae Johnson,SF,CB,Personal,Questionable
Bisi Johnson,MIN,WR,Knee,IR
John Johnson,CLE,S,Illness,Reserve-Covid-19
Clay Johnston,CIN,LB,Undisclosed,Reserve-Covid-19
Xavier Jones,LAR,RB,Achilles,IR
Daniel Jones,NYG,QB,Neck,Questionable
Chris Jones,KC,DT,Undisclosed,Reserve-Covid-19
Justin Jones,LAC,DT,Ankle,Questionable
Jamarco Jones,SEA,OT,Back,IR
Chris Jones,FA,P,Abdomen,Questionable
Taiwan Jones,BUF,RB,Knee,Questionable
Jonathan Jones,NE,CB,Shoulder,IR
Brett Jones,DEN,C,Biceps,IR
Brandon Jones,MIA,S,Elbow,Questionable
Cameron Jordan,NO,DE,Illness,Reserve-Covid-19
Dion Jordan,FA,DE,Knee,Questionable
Michael Jordan,CAR,OG,Hamstring,Questionable
Linval Joseph,LAC,DT,Shoulder,Questionable
Michael Joseph,FA,CB,Thumb,Questionable
Sebastian Joseph-Day,LAR,DT,Illness,Reserve-Covid-19
Lamarcus Joyner,NYJ,S,Triceps,IR
Joshua Kaindoh,KC,DE,Ankle,IR
Josh Kalu,NYG,S,Pectoral,IR
Sam Kamara,FA,LB,Undisclosed,Out
Matt Kaskey,CAR,OT,Foot,IR
Dalton Keene,NE,TE,Knee - Meniscus,Reserve-Covid-19
Jason Kelce,PHI,C,Knee,Questionable
Ryan Kelly,IND,C,Knee,Questionable
Xavier Kelly,BAL,DT,Achilles,IR
Brandon Kemp,TEN,OT,Undisclosed,IR
Zach Kerr,ARI,DT,Ribs,Questionable
Adrian Killins,DEN,WR,Ankle,IR
Desmond King,HOU,CB,Head,Questionable
Javon Kinlaw,SF,DT,Knee - ACL,IR
Dre Kirkpatrick,FA,CB,Ankle,Questionable
Brandon Knight,BAL,OT,Undisclosed,Reserve-DNR
Tanoh Kpassagnon,NO,DE,Ankle,IR
Tyler Kroft,NYJ,TE,Chest,IR-R
Jordan Kunaszyk,WAS,LB,Hamstring,Questionable
Nick Kwiatkoski,LV,LB,Ankle,IR
Bruno Labelle,FA,TE,Undisclosed,Questionable
Patrick Laird,MIA,RB,Knee - MCL,IR
Dayan Lake,FA,CB,Undisclosed,Questionable
Chris Lammons,KC,CB,Ankle,IR
Jarvis Landry,CLE,WR,Illness,Reserve-Covid-19
Harvey Langi,NE,LB,Knee - MCL,IR-R
Austin Larkin,FA,DE,Groin,Questionable
Tyler Larsen,WAS,C,Achilles,Questionable
Ted Larsen,FA,OG,Knee,Questionable
Cody Latimer,FA,WR,Personal,Reserve-CEL
Carl Lawson,NYJ,DE,Achilles,IR
Darron Lee,FA,LB,Undisclosed,Questionable
Shane Lemieux,NYG,OG,Knee,IR
Charles Leno,WAS,OT,Back,Questionable
Alex Lewis,FA,OG,Head,Reserve-Ret
Tyquan Lewis,IND,DE,Knee,IR
Ryan Lewis,FA,CB,Hamstring,Questionable
Donnie Lewis,FA,CB,Hamstring,Questionable
Terrell Lewis,LAR,LB,Back,Questionable
Zane Lewis,NYJ,S,Knee - MCL,IR
Brandon Linder,JAX,C,Back,Questionable
Phillip Lindsay,MIA,RB,Illness,Reserve-Covid-19
Greg Little,MIA,OT,Undisclosed,IR
Damon Lloyd,LAC,LB,Undisclosed,IR
PJ Locke,DEN,S,Undisclosed,Reserve-Covid-19
David Long,TEN,LB,Hamstring,Questionable
Star Lotulelei,BUF,DT,Toe,Questionable
Bryce Love,FA,RB,Knee,Questionable
Jordan Love,GB,QB,Illness,Reserve-Covid-19
John Lovett,FA,TE,Knee - ACL,Questionable
Cornelius Lucas,WAS,OT,Illness,Reserve-Covid-19
Jordan Lucas,FA,S,Knee,Out
Wil Lutz,NO,K,Abdomen,IR
Blake Lynch,MIN,LB,Hip,Questionable
Khalil Mack,CHI,LB,Foot,IR
Cole Madison,FA,OG,Knee - ACL,Questionable
Greg Mancz,MIA,C,Ankle,IR-R
Cassius Marsh,CHI,LB,Knee,IR
Trey Marshall,LAC,S,Ankle,Questionable
Iman Marshall,BAL,CB,Knee,IR
Wes Martin,NYG,OG,Illness,Reserve-Covid-19
Justin Martin,FA,CB,Knee,Questionable
Marcus Martin,FA,C,Undisclosed,Questionable
Blake Martinez,NYG,LB,Knee - ACL,IR
Alexander Mattison,MIN,RB,Illness,Reserve-Covid-19
Marcus Maye,NYJ,S,Achilles,IR
Baker Mayfield,CLE,QB,Illness,Reserve-Covid-19
David Mayo,WAS,LB,Illness,Reserve-Covid-19
Cole Mazza,FA,C,Shoulder,Questionable
Christian McCaffrey,CAR,RB,Ankle,Reserve-Covid-19
Tucker McCann,FA,K,Undisclosed,Questionable
AJ McCarron,ATL,QB,Knee - ACL,IR
Rolando McClain,FA,LB,Suspension,Reserve-Sus
Jason McCourty,MIA,S,Foot,IR
Gerald McCoy,LV,DT,Knee,IR
Malik McDowell,CLE,DT,Illness,Reserve-Covid-19
Mike McGlinchey,SF,OT,Quadriceps,IR
Cameron McGrone,NE,LB,Knee - ACL,NFI-R
Sean McKeon,DAL,TE,Neck,Questionable
Takkarist McKinley,CLE,DE,Illness,Reserve-Covid-19
Javon McKinley,FA,WR,Undisclosed,Out
Anthony McKinney,FA,OT,Undisclosed,Questionable
Jerick McKinnon,KC,RB,Hamstring,IR
J.D. McKissic,WAS,RB,Concussion,Questionable
Terry McLaurin,WAS,WR,Concussion,Questionable
Sherrick McManis,FA,S,Hamstring,Questionable
Raekwon McMillan,NE,LB,Knee - ACL,IR
Pernell McPhee,BAL,LB,Knee,IR
Tony McRae,FA,CB,Knee,Questionable
Torry McTyer,WAS,CB,Knee - ACL,IR
Nate Meadors,FA,CB,Undisclosed,Out
Montrel Meander,CLE,LB,Achilles,IR
Patrick Mekari,BAL,OG,Hand,Questionable
Obi Melifonwu,FA,S,Undisclosed,Questionable
Ifeatu Melifonwu,DET,CB,Undisclosed,Reserve-Covid-19
Whitney Mercilus,GB,LB,Biceps,IR
Doug Middleton,FA,S,Undisclosed,Out
John Miller,CAR,OG,Ankle,Questionable
Andre Mintze,DEN,LB,Hamstring,IR
Elijah Mitchell,SF,RB,Concussion,Questionable
Taquan Mizzell,FA,WR,Undisclosed,Questionable
Donte Moncrief,FA,WR,Undisclosed,Questionable
Bryan Mone,SEA,DT,Knee - PCL,Questionable
Ty Montgomery,NO,WR,Illness,Reserve-Covid-19
Jalin Moore,FA,RB,Ankle,Reserve-Ret
J'Mon Moore,FA,WR,Undisclosed,Questionable
Skai Moore,IND,LB,Undisclosed,IR
DJ Moore,CAR,WR,Hamstring,Questionable
Briley Moore,TEN,TE,Knee - ACL,IR
Tarvarius Moore,SF,S,Achilles,PUP-R
Elijah Moore,NYJ,WR,Quadriceps,IR
Foster Moreau,LV,TE,Abdomen,Questionable
Jimmy Moreland,HOU,CB,Foot,Questionable
Nicholas Morrow,LV,LB,Ankle,IR
Emmanuel Moseley,SF,CB,Ankle,IR
Dylan Moses,JAX,LB,Knee,NFI-R
Thaddeus Moss,FA,TE,Hamstring,Doubtful
Raheem Mostert,SF,RB,Knee - Meniscus,IR
Trayvon Mullen,LV,CB,Toe,Questionable
Johnny Mundt,LAR,TE,Undisclosed,Reserve-Covid-19
Kyle Murphy,FA,OT,Undisclosed,Questionable
Kyle Murphy,NYG,OG,Ankle,IR
Justin Murray,ARI,OT,Back,IR
Josh Myers,GB,C,Knee,IR
Carl Nassib,LV,DE,Knee,Questionable
JoJo Natson,FA,WR,Illness,Out
Isaac Nauta,FA,TE,Undisclosed,Questionable
Steven Nelson,PHI,CB,Shoulder,Questionable
Kyle Nelson,FA,C,Undisclosed,Questionable
J.J. Nelson,FA,WR,Groin,Questionable
Nick Nelson,IND,CB,Undisclosed,IR
Greg Newsome,CLE,CB,Concussion,Questionable
Hardy Nickerson,HOU,LB,Concussion,IR
Hunter Niswander,DAL,K,Undisclosed,IR
Daviyon Nixon,CAR,DT,Knee,IR
Cameron Nizialek,FA,P,Hamstring,Questionable
David Njoku,CLE,TE,Undisclosed,Reserve-Covid-19
Jared Norris,WAS,LB,Shoulder,IR
Nick O'Leary,FA,TE,Chest,Questionable
Ifeadi Odenigbo,CLE,DE,Undisclosed,Reserve-Covid-19
Cedric Ogbuehi,FA,OT,Thigh,Questionable
Adetokunbo Ogundeji,ATL,LB,Ankle,Questionable
Chidi Okeke,FA,OT,Undisclosed,Questionable
Bobby Okereke,IND,LB,Illness,Questionable
Chris Okoye,FA,DT,Undisclosed,Questionable
Jeff Okudah,DET,CB,Achilles,IR
Russell Okung,FA,OT,Calf,Questionable
Romeo Okwara,DET,LB,Achilles,IR
Julian Okwara,DET,LB,Ankle,Questionable
Isaiah Oliver,ATL,CB,Knee,IR
Sewo Olonilua,DAL,FB,Neck,IR
Patrick Onwuasor,LV,LB,Hamstring,Questionable
Kelechi Osemele,FA,OG,Knee,Questionable
Joseph Ossai,CIN,DE,Knee - Meniscus,IR
Joe Ostman,PHI,DE,Undisclosed,IR
Mike Panasiuk,CAR,C,Undisclosed,IR
Matt Paradis,CAR,C,Knee - ACL,IR
Donald Parham,LAC,TE,Knee,Questionable
AJ Parker,DET,CB,Ankle,IR
Aaron Parker,FA,WR,Undisclosed,Out
Cody Parkey,FA,K,Groin,Questionable
Natrez Patrick,DEN,LB,Leg,IR
Andrus Peat,NO,OG,Pectoral,IR
Jabrill Peppers,NYG,S,Knee - ACL,IR
Ronnie Perkins,NE,DE,Illness,Questionable
Jamal Perry,MIA,CB,Knee,IR
Denzel Perryman,LV,LB,Ankle,Questionable
Marcus Peters,BAL,CB,Knee - ACL,IR
Jason Peters,CHI,OT,Ankle,Questionable
Adrian Peterson,FA,RB,Lower Back,Out
Dante Pettis,NYG,WR,Shoulder,IR
Adrian Phillips,NE,S,Knee,Questionable
Darius Phillips,CIN,CB,Shoulder,IR
Scottie Phillips,HOU,RB,Ankle,IR
Kevin Pierre-Louis,HOU,LB,Hamstring,Questionable
Jared Pinkney,FA,TE,Undisclosed,Out
Quentin Poling,FA,LB,Undisclosed,Questionable
Tony Pollard,DAL,RB,Foot,Questionable
Troymaine Pope,FA,RB,Undisclosed,Questionable
Bobby Price,DET,CB,Undisclosed,Reserve-Covid-19
Troy Pride,CAR,CB,Knee - ACL,IR
Blake Proehl,MIN,WR,Leg,IR
Scott Quessenberry,LAC,C,Undisclosed,Reserve-Covid-19
Trey Quinn,FA,WR,Undisclosed,Questionable
Brent Qvale,FA,OT,Undisclosed,Questionable
Frank Ragnow,DET,C,Toe,IR
Ryan Ramczyk,NO,OT,Knee,Questionable
Randy Ramsey,GB,LB,Leg,IR
Jalen Ramsey,LAR,CB,Illness,Reserve-Covid-19
Alex Redmond,FA,OG,Undisclosed,Out
Malik Reed,DEN,LB,Undisclosed,Reserve-Covid-19
D.J. Reed,SEA,CB,Chest,Questionable
Joe Reed,FA,WR,Undisclosed,Out
Jalen Reeves-Maybin,DET,LB,Shoulder,Questionable
Justin Reid,HOU,S,Concussion,Questionable
Riley Reiff,CIN,OT,Ankle,Questionable
Mike Remmers,KC,OT,Knee,IR
Sam Renner,FA,DT,Undisclosed,Questionable
Sammis Reyes,WAS,TE,Illness,Reserve-Covid-19
Ross Reynolds,FA,OG,Undisclosed,Questionable
Patrick Ricard,BAL,FB,Back,Questionable
Monty Rice,TEN,LB,Ankle,IR
Calvin Ridley,ATL,WR,Personal,NFI-R
Curtis Riley,TB,S,Achilles,IR
Chauncey Rivers,GB,LB,Knee - ACL,IR
Malcolm Roach,FA,DT,Knee,Questionable
Tre Roberson,FA,CB,Concussion,Questionable
Nickell Robey-Coleman,FA,CB,Undisclosed,Out
Rashard Robinson,TB,CB,Hamstring,IR-R
Reggie Robinson,DAL,CB,Toe,IR
Janarius Robinson,MIN,DE,Lower Body,IR
Robert Rochell,LAR,CB,Chest,IR
Aaron Rodgers,GB,QB,Toe,Questionable
A.J. Rose,FA,RB,Undisclosed,Out
Daniel Ross,FA,DT,Undisclosed,Questionable
John Ross,NYG,WR,Illness,Reserve-Covid-19
Chase Roullier,WAS,C,Lower Leg,IR
Asante Samuel,LAC,CB,Concussion,Questionable
Jaylen Samuels,FA,RB,Undisclosed,Out
Emmanuel Sanders,BUF,WR,Knee,Questionable
Miles Sanders,PHI,RB,Ankle,Questionable
Mohamed Sanu,SF,WR,Knee,IR
Khalen Saunders,KC,DT,Undisclosed,IR
Brennan Scarlett,MIA,LB,Knee,IR
Mitchell Schwartz,FA,OT,Back,Questionable
Anthony Schwartz,CLE,WR,Concussion,Questionable
Wes Schweitzer,WAS,OG,Ankle,IR
Caleb Scott,FA,WR,Undisclosed,Questionable
Jordon Scott,MIN,DT,Undisclosed,IR
Brad Seaton,FA,OT,Undisclosed,Questionable
Austin Seibert,DET,K,Hip,IR
Deadrin Senat,FA,DT,Undisclosed,Questionable
Trey Sermon,SF,RB,Ankle,IR
Tim Settle,WAS,DT,Illness,Reserve-Covid-19
Isaac Seumalo,PHI,OG,Foot,IR
Kamaal Seymour,LV,OT,Undisclosed,NFI-R
Adam Shaheen,MIA,TE,Knee,Questionable
Brandon Shell,SEA,OT,Shoulder,Questionable
Duke Shelley,CHI,CB,Hamstring,IR
Tyler Shelvin,CIN,DT,Illness,Questionable
Jamien Sherwood,NYJ,LB,Achilles,IR
A.Q. Shipley,FA,C,Neck,Questionable
Cam Sims,WAS,WR,Illness,Reserve-Covid-19
Deyon Sizer,FA,DE,Undisclosed,Questionable
Justin Skule,SF,OT,Knee - ACL,IR
Rashawn Slater,LAC,OT,Illness,Reserve-Covid-19
Joey Slye,WAS,K,Hamstring,IR
Wendell Smallwood,FA,RB,Undisclosed,Out
Za'Darius Smith,GB,LB,Back,IR
Ryan Smith,LAC,CB,Knee - ACL,IR
Jimmy Smith,BAL,CB,Personal,Questionable
Tyron Smith,DAL,OT,Ankle,Out
Terrance Smith,FA,LB,Undisclosed,Questionable
Maurice Smith,FA,S,Undisclosed,Questionable
Roquan Smith,CHI,LB,Hamstring,Questionable
Jeff Smith,NYJ,WR,Undisclosed,Reserve-Covid-19
Irv Smith,MIN,TE,Knee - Meniscus,IR
Kaden Smith,NYG,TE,Knee,IR
D'Ante Smith,CIN,OG,Knee,IR-R
JuJu Smith-Schuster,PIT,WR,Shoulder,IR
James Smith-Williams,WAS,DE,Undisclosed,Reserve-Covid-19
L'Jarius Sneed,KC,CB,Personal,Questionable
Dylan Soehner,NO,TE,Undisclosed,IR
Marquiss Spencer,FA,DE,Ankle,Questionable
Robert Spillane,PIT,LB,Knee,Questionable
Benjamin St-Juste,WAS,CB,Concussion,IR
Equanimeous St. Brown,GB,WR,Concussion,Questionable
Tyree St. Louis,FA,OT,Undisclosed,Questionable
Donell Stanley,TB,C,Undisclosed,IR
Ronnie Stanley,BAL,OT,Ankle,IR
Nate Stanley,MIN,QB,Undisclosed,IR
Logan Stenberg,DET,OG,Undisclosed,IR
Linden Stephens,FA,CB,Undisclosed,Out
Darius Stills,FA,DT,Undisclosed,Questionable
Aaron Stinnie,TB,OG,Knee,IR
Eli Stove,FA,WR,Knee - ACL,Questionable
Xavier Su'a-Filo,CIN,OG,Knee,IR
Nick Sundberg,FA,C,Elbow,Questionable
Montez Sweat,WAS,DE,Illness,Reserve-Covid-19
Tommy Sweeney,BUF,TE,Hip,Questionable
D'Andre Swift,DET,RB,Shoulder - AC Joint,Questionable
Ryan Switzer,CLE,WR,Foot,IR
Tyrone Swoopes,WAS,TE,Undisclosed,Reserve-DNR
Donte Sylencieux,FA,WR,Undisclosed,Questionable
Teez Tabor,CHI,CB,Illness,Questionable
Teair Tart,TEN,DT,Ankle,Questionable
Auden Tate,CIN,WR,Calf,IR
Charlie Taumoepeau,DET,TE,Neck,NFI-R
Calvin Taylor,FA,DE,Undisclosed,Questionable
Taywan Taylor,FA,WR,Undisclosed,Questionable
Jullian Taylor,FA,DT,Knee - ACL,Questionable
Vincent Taylor,HOU,DT,Ankle,IR
Jamar Taylor,FA,CB,Knee - ACL,Questionable
Malik Taylor,GB,WR,Abdomen,Questionable
Davion Taylor,PHI,LB,Knee,IR
J.J. Taylor,NE,RB,Undisclosed,Reserve-Covid-19
Marvell Tell,FA,CB,Undisclosed,Out
Wyatt Teller,CLE,OG,Illness,Reserve-Covid-19
Sam Tevi,IND,OT,Knee - ACL,IR
Adam Thielen,MIN,WR,Ankle,Questionable
Michael Thomas,NO,WR,Ankle,PUP-R
Logan Thomas,WAS,TE,Knee - ACL,IR
Jordan Thomas,FA,TE,Undisclosed,Questionable
Ambry Thomas,SF,CB,Concussion,Questionable
Stantley Thomas-Oliver,CAR,CB,Toe,IR-R
DeAndre Thompkins,FA,WR,Undisclosed,Questionable
Chris Thompson,FA,WR,Undisclosed,Questionable
Tedric Thompson,FA,S,Calf,Questionable
Levine Toilolo,NYG,TE,Achilles,IR
Kadarius Toney,NYG,WR,Illness,Reserve-Covid-19
Khyiris Tonga,CHI,DT,Shoulder,Questionable
Robert Tonyan,GB,TE,Knee - ACL,IR
Casey Toohill,WAS,DE,Undisclosed,Reserve-Covid-19
Najee Toran,WAS,OG,Undisclosed,Reserve-DNR
Adam Trautman,NO,TE,Knee - MCL,IR
Ross Travis,FA,TE,Illness,Out
JC Tretter,CLE,C,Knee,Questionable
Danny Trevathan,CHI,LB,Knee,IR
Stephon Tuitt,PIT,DE,Undisclosed,IR
Laremy Tunsil,HOU,OT,Thumb,IR
Ezekiel Turner,ARI,LB,Shoulder,IR
Billy Turner,GB,OT,Knee,Questionable
Payton Turner,NO,DE,Shoulder,IR
Jaylen Twyman,MIN,DT,Pelvis,NFI-R
Josh Uche,NE,LB,Ankle,IR-R
Brent Urban,DAL,DT,Triceps,IR
John Ursua,SEA,WR,Knee - ACL,IR
Tanner Vallejo,ARI,LB,Knee,IR
T.J. Vasher,DAL,WR,Knee - Meniscus,NFI-R
Jake Verity,FA,K,Undisclosed,Out
Olivier Vernon,FA,DE,Achilles,Questionable
Jason Verrett,SF,CB,Knee - ACL,IR
Binjimen Victor,FA,WR,Illness,Out
Andrew Vollert,FA,TE,Ankle,Questionable
Christian Wade,FA,RB,Shoulder,Out
Anthony Walker,CLE,LB,Undisclosed,Reserve-Covid-19
Michael Walker,FA,WR,Undisclosed,Questionable
DeMarcus Walker,HOU,DT,Hamstring,IR
Tracy Walker,DET,S,Undisclosed,Reserve-Covid-19
Tylan Wallace,BAL,WR,Concussion,Questionable
Darren Waller,LV,TE,Knee,Questionable
Austin Walter,NYJ,RB,Illness,Questionable
Fred Warner,SF,LB,Ankle,Questionable
Michael Warren,FA,RB,Undisclosed,Questionable
Ar'Darius Washington,BAL,S,Foot,IR
Keith Washington,FA,CB,Wrist,Questionable
Charles Washington,ARI,S,Hamstring,IR-R
Sammy Watkins,BAL,WR,Knee,Questionable
Quez Watkins,PHI,WR,Undisclosed,Reserve-Covid-19
Justin Watson,TB,WR,Knee,PUP-R
T.J. Watt,PIT,LB,Groin,Questionable
J.J. Watt,ARI,DE,Shoulder,IR
Trae Waynes,CIN,CB,Hamstring,IR-R
Rashad Weaver,TEN,LB,Lower Leg,IR
Marcus Webb,SEA,DE,Undisclosed,IR
Mark Webb,LAC,S,Knee,IR
Mike Weber,FA,RB,Hip,Questionable
David Wells,ARI,TE,Hand,IR
Pete Werner,NO,LB,Elbow,Questionable
Trevon Wesco,NYJ,TE,Ankle,Questionable
Dede Westbrook,MIN,WR,Illness,Reserve-Covid-19
Mike White,NYJ,QB,Illness,Reserve-Covid-19
Tre'Davious White,BUF,CB,Knee - ACL,IR
DeAndrew White,FA,WR,Undisclosed,Questionable
James White,NE,RB,Hip,IR
Brendon White,FA,LB,Undisclosed,Questionable
Jordan Whitehead,TB,S,Calf,Questionable
James Wiggins,ARI,S,Knee,IR
Elijah Wilkinson,CHI,OT,Illness,Reserve-Covid-19
Chad Williams,FA,WR,Undisclosed,Questionable
Duke Williams,FA,WR,Hamstring,Questionable
Antonio Williams,FA,RB,Neck,Questionable
Jamaal Williams,DET,RB,Illness,Reserve-Covid-19
Mike Williams,LAC,WR,Heel,Questionable
Maxx Williams,ARI,TE,Knee,IR
Tyrell Williams,FA,WR,Concussion,Questionable
Leonard Williams,NYG,DE,Elbow,Questionable
Quinnen Williams,NYJ,DT,Shoulder,Questionable
Jonah Williams,FA,DE,Undisclosed,Out
Rodarius Williams,NYG,CB,Knee - ACL,IR
Seth Williams,FA,WR,Illness,Out
Trill Williams,MIA,S,Hamstring,Questionable
Derrick Willies,FA,WR,Undisclosed,Reserve-Ret
Marcus Willoughby,FA,DE,Undisclosed,Questionable
Jedrick Wills,CLE,OT,Illness,Reserve-Covid-19
Brandon Wilson,CIN,S,Knee,IR
Tavon Wilson,SF,S,Foot,IR
Cedrick Wilson,DAL,WR,Illness,Reserve-Covid-19
Logan Wilson,CIN,LB,Shoulder,Questionable
Donovan Wilson,DAL,S,Shoulder,IR-R
Quincy Wilson,NYG,CB,Ankle,IR
Robert Windsor,IND,DT,Hip,IR
Antoine Winfield,TB,S,Foot,Questionable
Jameis Winston,NO,QB,Knee - ACL,IR
Derek Wolfe,BAL,DE,Back,IR
Robert Woods,LAR,WR,Knee - ACL,IR
Nate Wozniak,FA,OT,Undisclosed,Reserve-Ret
Oshane Ximines,NYG,LB,Illness,Reserve-Covid-19
Kenny Young,DEN,LB,Concussion,Questionable
Landon Young,NO,OT,Foot,IR
Chase Young,WAS,DE,Knee - ACL,IR
Justin Zimmer,BUF,DT,Knee - ACL,IR